time,load,solar,wind,wind_onshore,wind_offshore,hour,day_of_week,day_of_month,month,is_weekend,is_holiday,load_forecast,temperature,humidity,wind_speed,precipitation,weather_code,temperature_lag_1,humidity_lag_1,temperature_lag_24,humidity_lag_24,load_lag_1,load_lag_24,load_lag_168,rolling_mean_24,rolling_std_24
2020-07-24 16:00:00+00:00,56831.0,6944.0,14262.0,12966.0,1296.0,16,4,24,7,0,0,56075.0,23.0,48,25.5,0.0,3,27.4,29.0,22.3,31.0,57597.0,58076.0,56788.0,53065.708333333336,7784.971997264129
2020-07-24 17:00:00+00:00,55074.0,3288.0,11465.0,10348.0,1117.0,17,4,24,7,0,0,55015.0,23.0,48,20.4,0.0,2,23.0,48.0,22.1,31.0,56831.0,57774.0,55482.0,52953.208333333336,7733.311968244038
2020-07-24 18:00:00+00:00,51730.0,815.0,8249.0,7335.0,914.0,18,4,24,7,0,0,52260.0,21.6,56,16.6,0.0,2,23.0,48.0,21.6,32.0,55074.0,54702.0,53214.0,52829.375,7727.884449876957
2020-07-24 19:00:00+00:00,49564.0,15.0,6374.0,5630.0,744.0,19,4,24,7,0,0,50200.0,20.8,61,10.1,0.0,2,21.6,56.0,19.0,41.0,51730.0,52793.0,50857.0,52694.833333333336,7756.60019465409
2020-07-24 20:00:00+00:00,47013.0,0.0,5900.0,5200.0,701.0,20,4,24,7,0,0,47948.0,19.3,67,8.0,0.0,1,20.8,61.0,17.1,49.0,49564.0,50344.0,48125.0,52556.04166666666,7829.94799515818
2020-07-24 21:00:00+00:00,43785.0,0.0,5480.0,4713.0,767.0,21,4,24,7,0,0,44703.0,18.5,69,9.9,0.0,0,19.3,67.0,15.6,58.0,47013.0,46862.0,44365.0,52427.833333333336,7951.48477612357
2020-07-24 22:00:00+00:00,41191.0,0.0,4611.0,3833.0,778.0,22,4,24,7,0,0,41866.0,17.7,71,10.2,0.0,0,18.5,69.0,15.4,60.0,43785.0,42805.0,41599.0,52360.583333333336,8042.710698766632
2020-07-24 23:00:00+00:00,38962.0,0.0,3855.0,3052.0,803.0,23,4,24,7,0,0,39854.0,17.0,75,10.4,0.0,0,17.7,71.0,15.1,58.0,41191.0,41299.0,39541.0,52263.208333333336,8195.161186197058
2020-07-25 00:00:00+00:00,38467.0,0.0,3317.0,2542.0,776.0,0,5,25,7,1,0,38632.0,16.8,75,7.7,0.0,0,17.0,75.0,14.8,67.0,38962.0,40488.0,38306.0,52179.0,8330.679250973819
2020-07-25 01:00:00+00:00,37446.0,0.0,2784.0,2106.0,678.0,1,5,25,7,1,0,38140.0,15.1,84,6.4,0.0,0,16.8,75.0,14.0,73.0,38467.0,40478.0,38032.0,52052.66666666666,8536.29038495228
2020-07-25 02:00:00+00:00,37788.0,0.0,2614.0,2177.0,437.0,2,5,25,7,1,0,38076.0,14.4,88,6.1,0.0,0,15.1,84.0,13.6,76.0,37446.0,41483.0,37989.0,51898.708333333336,8765.455460668752
2020-07-25 03:00:00+00:00,37895.0,59.0,2956.0,2512.0,444.0,3,5,25,7,1,0,38164.0,13.8,92,6.8,0.0,1,14.4,88.0,13.3,78.0,37788.0,43618.0,37925.0,51660.25,9072.971893390675
2020-07-25 04:00:00+00:00,39508.0,1179.0,3490.0,2868.0,622.0,4,5,25,7,1,0,39041.0,14.7,87,6.2,0.0,2,13.8,92.0,14.0,75.0,37895.0,50041.0,39458.0,51221.375,9403.434561313688
2020-07-25 05:00:00+00:00,42594.0,4362.0,3389.0,2614.0,775.0,5,5,25,7,1,0,42168.0,16.1,79,5.9,0.0,3,14.7,87.0,15.9,67.0,39508.0,54533.0,42489.0,50723.91666666666,9535.49652119868
2020-07-25 06:00:00+00:00,45914.0,9342.0,3420.0,2172.0,1248.0,6,5,25,7,1,0,46154.0,17.5,72,4.9,0.0,1,16.1,79.0,18.1,58.0,42594.0,57865.0,46825.0,50225.958333333336,9458.100018222713
2020-07-25 07:00:00+00:00,48457.0,14917.0,4722.0,2883.0,1839.0,7,5,25,7,1,0,49169.0,19.0,63,4.0,0.0,1,17.5,72.0,20.0,52.0,45914.0,59508.0,50353.0,49765.5,9253.353042099545
2020-07-25 08:00:00+00:00,50640.0,19376.0,7255.0,4788.0,2467.0,8,5,25,7,1,0,51036.0,20.5,55,6.6,0.0,2,19.0,63.0,22.6,43.0,48457.0,61626.0,52218.0,49307.75,8906.345872710139
2020-07-25 09:00:00+00:00,52548.0,21059.0,8985.0,6063.0,2922.0,9,5,25,7,1,0,52050.0,21.0,55,9.7,0.0,2,20.5,55.0,25.2,35.0,50640.0,63037.0,52867.0,48870.708333333336,8448.95597089847
2020-07-25 10:00:00+00:00,52877.0,21133.0,9540.0,6669.0,2871.0,10,5,25,7,1,0,51562.0,21.1,56,6.9,0.0,2,21.0,55.0,26.5,32.0,52548.0,62732.0,52545.0,48460.083333333336,7972.016186618169
2020-07-25 11:00:00+00:00,51569.0,20086.0,10051.0,7121.0,2930.0,11,5,25,7,1,0,49952.0,23.3,49,6.8,0.0,1,21.1,56.0,26.8,31.0,52877.0,61506.0,50899.0,48046.04166666666,7509.631661661707
2020-07-25 12:00:00+00:00,50566.0,18718.0,9667.0,6799.0,2868.0,12,5,25,7,1,0,48477.0,22.9,52,4.2,0.4,51,23.3,49.0,27.0,29.0,51569.0,59401.0,49027.0,47677.91666666666,7136.062072725263
2020-07-25 13:00:00+00:00,49076.0,17315.0,8981.0,5889.0,3092.0,13,5,25,7,1,0,47857.0,23.9,49,3.9,0.2,51,22.9,52.0,27.1,29.0,50566.0,58217.0,47932.0,47297.04166666666,6784.376441046807
2020-07-25 14:00:00+00:00,48655.0,15468.0,8262.0,5195.0,3068.0,14,5,25,7,1,0,47490.0,24.6,46,7.9,0.1,51,23.9,49.0,27.6,29.0,49076.0,58037.0,47264.0,46906.125,6397.921981341882
2020-07-25 15:00:00+00:00,47840.0,11534.0,7617.0,4467.0,3150.0,15,5,25,7,1,0,47572.0,24.5,45,6.5,0.0,3,24.6,46.0,27.4,29.0,48655.0,57597.0,47627.0,46499.583333333336,5985.77668431441
2020-07-25 16:00:00+00:00,47750.0,7123.0,6819.0,3613.0,3206.0,16,5,25,7,1,0,48037.0,24.2,46,3.4,0.1,51,24.5,45.0,23.0,48.0,47840.0,56831.0,47566.0,46121.208333333336,5577.393679761785
2020-07-25 17:00:00+00:00,47077.0,3181.0,6206.0,3004.0,3202.0,17,5,25,7,1,0,47251.0,23.6,51,3.6,0.3,51,24.2,46.0,23.0,48.0,47750.0,55074.0,46441.0,45788.0,5248.456327919214
2020-07-25 18:00:00+00:00,45213.0,705.0,5962.0,2634.0,3328.0,18,5,25,7,1,0,45276.0,22.8,56,5.2,0.1,51,23.6,51.0,21.6,56.0,47077.0,51730.0,44840.0,45516.458333333336,5093.979319012216
2020-07-25 19:00:00+00:00,44013.0,7.0,6584.0,2983.0,3601.0,19,5,25,7,1,0,43879.0,20.9,67,5.8,0.0,2,22.8,56.0,20.8,61.0,45213.0,49564.0,43638.0,45285.16666666666,5027.802161948873
2020-07-25 20:00:00+00:00,42982.0,0.0,8206.0,4358.0,3847.0,20,5,25,7,1,0,42761.0,19.8,73,6.2,0.0,1,20.9,67.0,19.3,67.0,44013.0,47013.0,42431.0,45117.208333333336,5034.897365035027
2020-07-25 21:00:00+00:00,40608.0,0.0,9893.0,6289.0,3604.0,21,5,25,7,1,0,40287.0,19.5,73,9.4,0.0,3,19.8,73.0,18.5,69.0,42982.0,43785.0,39966.0,44984.833333333336,5112.610280868784
2020-07-25 22:00:00+00:00,37937.0,0.0,11735.0,8353.0,3382.0,22,5,25,7,1,0,37642.0,19.0,76,8.9,0.0,2,19.5,73.0,17.7,71.0,40608.0,41191.0,36839.0,44849.25,5258.655905720552
2020-07-25 23:00:00+00:00,36268.0,0.0,12595.0,9432.0,3163.0,23,5,25,7,1,0,35754.0,18.5,79,7.9,0.0,3,19.0,76.0,17.0,75.0,37937.0,38962.0,35488.0,44737.0,5416.180918240944
2020-07-26 00:00:00+00:00,34507.0,0.0,14367.0,10719.0,3648.0,0,6,26,7,1,0,34658.0,19.0,79,13.0,0.0,3,18.5,79.0,16.8,75.0,36268.0,38467.0,34389.0,44572.0,5669.874479094076
2020-07-26 01:00:00+00:00,34176.0,0.0,15336.0,11583.0,3753.0,1,6,26,7,1,0,34053.0,18.5,79,13.2,0.0,3,19.0,79.0,15.1,84.0,34507.0,37446.0,33948.0,44435.75,5883.814809915229
2020-07-26 02:00:00+00:00,34212.0,0.0,15410.0,12138.0,3272.0,2,6,26,7,1,0,33937.0,18.0,81,12.2,0.0,3,18.5,79.0,14.4,88.0,34176.0,37788.0,33551.0,44286.75,6100.759127745406
2020-07-26 03:00:00+00:00,34294.0,42.0,16556.0,13712.0,2844.0,3,6,26,7,1,0,33932.0,17.5,85,11.5,0.0,3,18.0,81.0,13.8,92.0,34212.0,37895.0,33707.0,44136.708333333336,6305.633468015492
2020-07-26 04:00:00+00:00,35397.0,600.0,16898.0,14343.0,2555.0,4,6,26,7,1,0,34049.0,17.5,86,11.1,0.0,3,17.5,85.0,14.7,87.0,34294.0,39508.0,34528.0,43965.41666666666,6489.981207961699
2020-07-26 05:00:00+00:00,37649.0,2032.0,16340.0,13529.0,2811.0,5,6,26,7,1,0,36425.0,19.1,77,11.9,0.0,3,17.5,86.0,16.1,79.0,35397.0,42594.0,36754.0,43759.375,6612.748391404973
2020-07-26 06:00:00+00:00,40331.0,4283.0,14513.0,11758.0,2755.0,6,6,26,7,1,0,40351.0,21.0,65,10.7,0.0,3,19.1,77.0,17.5,72.0,37649.0,45914.0,40041.0,43526.75,6631.829541325882
2020-07-26 07:00:00+00:00,43663.0,7685.0,14373.0,11361.0,3012.0,7,6,26,7,1,0,43795.0,22.6,56,12.1,0.0,3,21.0,65.0,19.0,63.0,40331.0,48457.0,43082.0,43327.0,6548.548953110861
2020-07-26 08:00:00+00:00,47209.0,11920.0,15970.0,12009.0,3962.0,8,6,26,7,1,0,46392.0,20.7,65,15.6,0.2,51,22.6,56.0,20.5,55.0,43663.0,50640.0,45715.0,43184.04166666666,6418.112322231663
2020-07-26 09:00:00+00:00,48371.0,16182.0,17351.0,13132.0,4219.0,9,6,26,7,1,0,48715.0,20.2,71,13.1,0.5,53,20.7,65.0,21.0,55.0,47209.0,52548.0,47655.0,43010.0,6206.285950899491
2020-07-26 10:00:00+00:00,48997.0,19977.0,18312.0,14249.0,4063.0,10,6,26,7,1,0,48516.0,22.5,64,20.3,0.0,3,20.2,71.0,21.1,56.0,48371.0,52877.0,47822.0,42848.333333333336,5984.664733383053
2020-07-26 11:00:00+00:00,46888.0,21592.0,18445.0,14403.0,4042.0,11,6,26,7,1,0,46746.0,23.5,61,21.4,0.1,51,22.5,64.0,23.3,49.0,48997.0,51569.0,46258.0,42653.29166666666,5760.1659281579405
2020-07-26 12:00:00+00:00,44919.0,21330.0,17562.0,13539.0,4023.0,12,6,26,7,1,0,44957.0,19.5,86,12.0,0.2,51,23.5,61.0,22.9,52.0,46888.0,50566.0,45486.0,42418.0,5533.779878086425
2020-07-26 13:00:00+00:00,43625.0,19421.0,17141.0,12793.0,4347.0,13,6,26,7,1,0,43979.0,19.5,86,13.7,1.7,61,19.5,86.0,23.9,49.0,44919.0,49076.0,44287.0,42190.875,5357.694104193884
2020-07-26 14:00:00+00:00,44522.0,16035.0,16646.0,12121.0,4525.0,14,6,26,7,1,0,43930.0,20.2,80,9.2,0.5,53,19.5,86.0,24.6,46.0,43625.0,48655.0,43771.0,42018.66666666666,5205.139079848199
2020-07-26 15:00:00+00:00,45641.0,12432.0,15217.0,10792.0,4424.0,15,6,26,7,1,0,45119.0,22.3,64,9.7,0.0,1,20.2,80.0,24.5,45.0,44522.0,47840.0,44209.0,41927.04166666666,5116.816983403821
2020-07-26 16:00:00+00:00,47035.0,8010.0,13541.0,9256.0,4285.0,16,6,26,7,1,0,46323.0,23.2,55,11.4,0.0,1,22.3,64.0,24.2,46.0,45641.0,47750.0,45159.0,41897.25,5083.412336043964
2020-07-26 17:00:00+00:00,45872.0,3576.0,10849.0,7401.0,3449.0,17,6,26,7,1,0,46021.0,22.9,57,14.6,0.0,2,23.2,55.0,23.6,51.0,47035.0,47077.0,45108.0,41847.04166666666,5035.755584072685
2020-07-26 18:00:00+00:00,45075.0,857.0,7436.0,4857.0,2579.0,18,6,26,7,1,0,45009.0,22.0,58,8.6,0.0,2,22.9,57.0,22.8,56.0,45872.0,45213.0,44667.0,41841.29166666666,5031.822363967078
2020-07-26 19:00:00+00:00,44042.0,18.0,5419.0,3363.0,2056.0,19,6,26,7,1,0,44559.0,20.2,63,6.7,0.0,3,22.0,58.0,20.9,67.0,45075.0,44013.0,43929.0,41842.5,5032.370000911097
2020-07-26 20:00:00+00:00,43567.0,0.0,5027.0,2906.0,2120.0,20,6,26,7,1,0,44155.0,18.8,71,6.1,0.0,3,20.2,63.0,19.8,73.0,44042.0,42982.0,43851.0,41866.875,5039.540958324995
2020-07-26 21:00:00+00:00,40608.0,0.0,4908.0,2615.0,2293.0,21,6,26,7,1,0,41397.0,17.2,83,6.8,0.0,3,18.8,71.0,19.5,73.0,43567.0,40608.0,41972.0,41866.875,5039.540958324995
2020-07-26 22:00:00+00:00,38558.0,0.0,4262.0,1956.0,2306.0,22,6,26,7,1,0,39131.0,16.8,86,7.7,0.0,3,17.2,83.0,19.0,76.0,40608.0,37937.0,38509.0,41892.75,5020.042648786486
2020-07-26 23:00:00+00:00,37458.0,0.0,3690.0,1612.0,2078.0,23,6,26,7,1,0,37616.0,16.6,87,5.9,0.0,1,16.8,86.0,18.5,79.0,38558.0,36268.0,37752.0,41942.333333333336,4967.674809654502
2020-07-27 00:00:00+00:00,36840.0,0.0,3789.0,1441.0,2347.0,0,0,27,7,0,0,36839.0,16.8,91,5.2,0.0,2,16.6,87.0,19.0,79.0,37458.0,34507.0,36916.0,42039.54166666666,4836.959501129089
2020-07-27 01:00:00+00:00,37045.0,0.0,4010.0,1753.0,2257.0,1,0,27,7,0,0,36964.0,15.5,95,6.0,0.0,1,16.8,91.0,18.5,79.0,36840.0,34176.0,37505.0,42159.083333333336,4666.621857184749
2020-07-27 02:00:00+00:00,38104.0,0.0,4701.0,2142.0,2559.0,2,0,27,7,0,0,38176.0,16.1,93,3.4,0.0,1,15.5,95.0,18.0,81.0,37045.0,34212.0,38891.0,42321.25,4440.601626393824
2020-07-27 03:00:00+00:00,41596.0,48.0,5867.0,2701.0,3166.0,3,0,27,7,0,0,41660.0,15.7,96,0.8,0.0,1,16.1,93.0,17.5,85.0,38104.0,34294.0,42114.0,42625.5,4104.09814273507
2020-07-27 04:00:00+00:00,47825.0,1312.0,6626.0,3300.0,3326.0,4,0,27,7,0,0,49044.0,15.4,98,2.2,0.0,0,15.7,96.0,17.5,86.0,41596.0,35397.0,49183.0,43143.333333333336,3932.867364929776
2020-07-27 05:00:00+00:00,53959.0,5014.0,6642.0,3195.0,3447.0,5,0,27,7,0,0,55083.0,16.4,93,4.0,0.0,0,15.4,98.0,19.1,77.0,47825.0,37649.0,54627.0,43822.91666666666,4331.172116850445
2020-07-27 06:00:00+00:00,57698.0,10469.0,5613.0,2369.0,3244.0,6,0,27,7,0,0,58438.0,18.6,80,5.4,0.0,0,16.4,93.0,21.0,65.0,53959.0,40331.0,58924.0,44546.54166666666,5104.198842547378
2020-07-27 07:00:00+00:00,59297.0,16120.0,4387.0,1900.0,2487.0,7,0,27,7,0,0,59655.0,20.9,67,9.8,0.0,0,18.6,80.0,22.6,56.0,57698.0,43663.0,61200.0,45197.958333333336,5919.116344736242
2020-07-27 08:00:00+00:00,60719.0,20313.0,4425.0,2222.0,2203.0,8,0,27,7,0,0,61008.0,22.5,58,9.4,0.0,3,20.9,67.0,20.7,65.0,59297.0,47209.0,62856.0,45760.875,6708.463255064716
2020-07-27 09:00:00+00:00,62107.0,22955.0,5362.0,3070.0,2293.0,9,0,27,7,0,0,62293.0,23.5,52,9.2,0.2,51,22.5,58.0,20.2,71.0,60719.0,48371.0,63973.0,46333.208333333336,7482.157041801344
2020-07-27 10:00:00+00:00,62759.0,23528.0,6199.0,4090.0,2109.0,10,0,27,7,0,0,62302.0,24.0,48,8.8,0.1,51,23.5,52.0,22.5,64.0,62107.0,48997.0,64125.0,46906.625,8189.125842887139
2020-07-27 11:00:00+00:00,61863.0,22717.0,6960.0,4971.0,1988.0,11,0,27,7,0,0,61448.0,24.4,45,9.4,0.0,3,24.0,48.0,23.5,61.0,62759.0,46888.0,63313.0,47530.583333333336,8739.639873769345
2020-07-27 12:00:00+00:00,60663.0,21071.0,7837.0,5962.0,1875.0,12,0,27,7,0,0,60414.0,24.0,50,13.4,0.1,51,24.4,45.0,19.5,86.0,61863.0,44919.0,60898.0,48186.583333333336,9117.784708620024
2020-07-27 13:00:00+00:00,59242.0,18209.0,8628.0,6560.0,2068.0,13,0,27,7,0,0,59310.0,23.9,55,11.8,0.1,51,24.0,50.0,19.5,86.0,60663.0,43625.0,59809.0,48837.29166666666,9332.817359605084
2020-07-27 14:00:00+00:00,57872.0,15539.0,9094.0,6743.0,2351.0,14,0,27,7,0,0,57986.0,24.8,51,11.8,0.0,3,23.9,55.0,20.2,80.0,59242.0,44522.0,58553.0,49393.54166666666,9461.391367387632
2020-07-27 15:00:00+00:00,58360.0,11820.0,9629.0,6546.0,3083.0,15,0,27,7,0,0,57486.0,24.8,46,11.6,0.0,3,24.8,51.0,22.3,64.0,57872.0,45641.0,57727.0,49923.5,9597.2993891621
2020-07-27 16:00:00+00:00,57956.0,7184.0,10027.0,6533.0,3494.0,16,0,27,7,0,0,57387.0,24.4,45,8.6,0.0,3,24.8,46.0,23.2,55.0,58360.0,47035.0,56793.0,50378.54166666666,9712.59982201113
2020-07-27 17:00:00+00:00,57025.0,3085.0,11703.0,7122.0,4580.0,17,0,27,7,0,0,56811.0,23.5,49,8.7,0.0,3,24.4,45.0,22.9,57.0,57956.0,45872.0,55990.0,50843.25,9754.328560895829
2020-07-27 18:00:00+00:00,54710.0,671.0,14149.0,8972.0,5176.0,18,0,27,7,0,0,54597.0,22.4,63,1.6,0.0,3,23.5,49.0,22.0,58.0,57025.0,45075.0,53806.0,51244.708333333336,9704.750712382483
2020-07-27 19:00:00+00:00,53520.0,10.0,17044.0,11792.0,5253.0,19,0,27,7,0,0,52380.0,21.2,64,6.5,0.0,3,22.4,63.0,20.2,63.0,54710.0,44042.0,51714.0,51639.625,9591.085561320016
2020-07-27 20:00:00+00:00,51397.0,0.0,18796.0,13756.0,5040.0,20,0,27,7,0,0,49771.0,20.6,70,11.5,0.0,1,21.2,64.0,18.8,71.0,53520.0,43567.0,49588.0,51965.875,9436.474716261824
2020-07-27 21:00:00+00:00,47117.0,0.0,20363.0,15587.0,4776.0,21,0,27,7,0,0,45961.0,19.5,73,11.7,0.0,3,20.6,70.0,17.2,83.0,51397.0,40608.0,45457.0,52237.083333333336,9186.065145769198
2020-07-27 22:00:00+00:00,43681.0,0.0,21573.0,16385.0,5188.0,22,0,27,7,0,0,43316.0,19.2,70,14.9,0.0,3,19.5,73.0,16.8,86.0,47117.0,38558.0,42328.0,52450.54166666666,8909.747788257502
2020-07-27 23:00:00+00:00,41892.0,0.0,22032.0,16847.0,5186.0,23,0,27,7,0,0,41438.0,20.2,63,17.1,0.0,3,19.2,70.0,16.6,87.0,43681.0,37458.0,40720.0,52635.29166666666,8626.829345907056
2020-07-28 00:00:00+00:00,40866.0,0.0,22873.0,17460.0,5413.0,0,1,28,7,0,0,40583.0,20.8,64,14.7,0.0,3,20.2,63.0,16.8,91.0,41892.0,36840.0,39865.0,52803.04166666666,8340.732610295505
2020-07-28 01:00:00+00:00,41246.0,0.0,23263.0,17843.0,5420.0,1,1,28,7,0,0,40663.0,20.3,67,15.2,0.0,3,20.8,64.0,15.5,95.0,40866.0,37045.0,40040.0,52978.083333333336,8034.095430355293
2020-07-28 02:00:00+00:00,42170.0,0.0,23527.0,18130.0,5397.0,2,1,28,7,0,0,41623.0,20.1,67,14.7,0.0,3,20.3,67.0,16.1,93.0,41246.0,38104.0,41188.0,53147.5,7744.454728609129
2020-07-28 03:00:00+00:00,44994.0,38.0,23231.0,17774.0,5457.0,3,1,28,7,0,0,44506.0,20.0,65,14.0,0.0,3,20.1,67.0,15.7,96.0,42170.0,41596.0,43534.0,53289.083333333336,7552.778434437778
2020-07-28 04:00:00+00:00,50966.0,1026.0,22839.0,17147.0,5692.0,4,1,28,7,0,0,50783.0,20.5,61,14.1,0.0,3,20.0,65.0,15.4,98.0,44994.0,47825.0,50011.0,53419.958333333336,7480.851087823283
2020-07-28 05:00:00+00:00,56324.0,4180.0,20409.0,14804.0,5605.0,5,1,28,7,0,0,56557.0,21.6,54,15.5,0.0,3,20.5,61.0,16.4,93.0,50966.0,53959.0,55471.0,53518.5,7503.80164519514
2020-07-28 06:00:00+00:00,59556.0,9187.0,19544.0,14147.0,5397.0,6,1,28,7,0,0,59818.0,22.9,52,13.6,0.0,3,21.6,54.0,18.6,80.0,56324.0,57698.0,59109.0,53595.91666666666,7558.183718538933
2020-07-28 07:00:00+00:00,61725.0,15025.0,21190.0,15690.0,5500.0,7,1,28,7,0,0,61285.0,24.0,52,16.9,0.1,51,22.9,52.0,20.9,67.0,59556.0,59297.0,59955.0,53697.083333333336,7653.4597400621615
2020-07-28 08:00:00+00:00,64010.0,19829.0,23259.0,17572.0,5687.0,8,1,28,7,0,0,62711.0,25.1,48,16.6,0.0,3,24.0,52.0,22.5,58.0,61725.0,60719.0,61821.0,53834.208333333336,7812.567678895189
2020-07-28 09:00:00+00:00,65108.0,22954.0,24659.0,19030.0,5630.0,9,1,28,7,0,0,63976.0,26.2,46,15.1,0.0,3,25.1,48.0,23.5,52.0,64010.0,62107.0,63088.0,53959.25,7973.098689806266
2020-07-28 10:00:00+00:00,65007.0,24200.0,26170.0,20476.0,5694.0,10,1,28,7,0,0,63761.0,26.9,45,17.5,0.0,2,26.2,46.0,24.0,48.0,65108.0,62759.0,62505.0,54052.91666666666,8093.270365565711
2020-07-28 11:00:00+00:00,63800.0,23524.0,27243.0,21881.0,5362.0,11,1,28,7,0,0,62955.0,27.2,43,22.5,0.1,51,26.9,45.0,24.4,45.0,65007.0,61863.0,62368.0,54133.625,8183.693966676461
2020-07-28 12:00:00+00:00,61569.0,21687.0,27679.0,22311.0,5368.0,12,1,28,7,0,0,61597.0,26.5,42,22.4,0.1,51,27.2,43.0,24.0,50.0,63800.0,60663.0,60852.0,54171.375,8217.143642158686
2020-07-28 13:00:00+00:00,60974.0,18531.0,27193.0,21793.0,5400.0,13,1,28,7,0,0,60522.0,26.9,39,20.9,0.1,51,26.5,42.0,23.9,55.0,61569.0,59242.0,59151.0,54243.54166666666,8271.041199264273
2020-07-28 14:00:00+00:00,60148.0,14926.0,26237.0,20790.0,5447.0,14,1,28,7,0,0,59206.0,27.0,37,20.9,0.0,1,26.9,39.0,24.8,51.0,60974.0,57872.0,58174.0,54338.375,8327.309434533932
2020-07-28 15:00:00+00:00,59272.0,11509.0,24749.0,19534.0,5214.0,15,1,28,7,0,0,58938.0,26.5,38,22.3,0.0,3,27.0,37.0,24.8,46.0,60148.0,58360.0,58021.0,54376.375,8348.51308714935
2020-07-28 16:00:00+00:00,58502.0,7270.0,22940.0,17764.0,5177.0,16,1,28,7,0,0,58656.0,24.0,49,21.7,0.1,51,26.5,38.0,24.4,45.0,59272.0,57956.0,57622.0,54399.125,8359.428607020292
2020-07-28 17:00:00+00:00,56783.0,3511.0,21343.0,16041.0,5302.0,17,1,28,7,0,0,57577.0,23.4,50,18.1,0.0,1,24.0,49.0,23.5,49.0,58502.0,57025.0,57334.0,54389.04166666666,8356.26885990737
2020-07-28 18:00:00+00:00,54548.0,797.0,19093.0,14016.0,5077.0,18,1,28,7,0,0,55375.0,22.2,54,13.2,0.0,1,23.4,50.0,22.4,63.0,56783.0,54710.0,54872.0,54382.29166666666,8356.063752328044
2020-07-28 19:00:00+00:00,52677.0,11.0,17774.0,12581.0,5193.0,19,1,28,7,0,0,53219.0,20.9,58,10.1,0.0,1,22.2,54.0,21.2,64.0,54548.0,53520.0,52561.0,54347.16666666666,8361.615964407327
2020-07-28 20:00:00+00:00,49949.0,0.0,17105.0,11507.0,5598.0,20,1,28,7,0,0,50610.0,19.8,61,11.3,0.0,3,20.9,58.0,20.6,70.0,52677.0,51397.0,49802.0,54286.833333333336,8389.00760916726
2020-07-28 21:00:00+00:00,46372.0,0.0,16687.0,10817.0,5870.0,21,1,28,7,0,0,46916.0,19.4,56,10.3,0.0,0,19.8,61.0,19.5,73.0,49949.0,47117.0,45910.0,54255.79166666666,8418.019673033508
2020-07-28 22:00:00+00:00,43243.0,0.0,16041.0,10476.0,5566.0,22,1,28,7,0,0,43977.0,18.3,56,11.5,0.0,1,19.4,56.0,19.2,70.0,46372.0,43681.0,43519.0,54237.54166666666,8442.381793428554
2020-07-28 23:00:00+00:00,41447.0,0.0,15064.0,9762.0,5303.0,23,1,28,7,0,0,42180.0,17.5,58,12.3,0.0,2,18.3,56.0,20.2,63.0,43243.0,41892.0,41865.0,54219.0,8471.114458789496
2020-07-29 00:00:00+00:00,40381.0,0.0,14355.0,9495.0,4861.0,0,2,29,7,0,0,41064.0,17.5,62,8.8,0.0,1,17.5,58.0,20.8,64.0,41447.0,40866.0,40703.0,54198.79166666666,8504.865047515372
2020-07-29 01:00:00+00:00,40218.0,0.0,14689.0,9900.0,4789.0,1,2,29,7,0,0,40979.0,16.4,66,10.2,0.0,0,17.5,62.0,20.3,67.0,40381.0,41246.0,40830.0,54155.958333333336,8575.233471174079
2020-07-29 02:00:00+00:00,41237.0,0.0,15074.0,10021.0,5053.0,2,2,29,7,0,0,41918.0,15.4,70,9.4,0.0,1,16.4,66.0,20.1,67.0,40218.0,42170.0,42023.0,54117.083333333336,8633.84766318087
2020-07-29 03:00:00+00:00,43850.0,40.0,15543.0,10588.0,4955.0,3,2,29,7,0,0,44686.0,15.1,72,11.5,0.0,1,15.4,70.0,20.0,65.0,41237.0,44994.0,44410.0,54069.41666666666,8689.384592791856
2020-07-29 04:00:00+00:00,50093.0,1088.0,16095.0,11001.0,5095.0,4,2,29,7,0,0,51119.0,15.4,71,12.3,0.0,2,15.1,72.0,20.5,61.0,43850.0,50966.0,50970.0,54033.04166666666,8704.754435410356
2020-07-29 05:00:00+00:00,55553.0,4858.0,16216.0,10650.0,5566.0,5,2,29,7,0,0,56090.0,16.4,66,13.0,0.0,2,15.4,71.0,21.6,54.0,50093.0,56324.0,56354.0,54000.91666666666,8697.351570482755
2020-07-29 06:00:00+00:00,58884.0,11142.0,16962.0,11573.0,5389.0,6,2,29,7,0,0,58704.0,17.5,58,17.3,0.0,1,16.4,66.0,22.9,52.0,55553.0,59556.0,59907.0,53972.91666666666,8679.754043382927
2020-07-29 07:00:00+00:00,60848.0,18013.0,20160.0,14577.0,5583.0,7,2,29,7,0,0,59918.0,18.6,53,20.6,0.0,0,17.5,58.0,24.0,52.0,58884.0,61725.0,61544.0,53936.375,8647.484991565287
2020-07-29 08:00:00+00:00,63169.0,22377.0,23419.0,17593.0,5826.0,8,2,29,7,0,0,61491.0,20.0,41,24.4,0.0,1,18.6,53.0,25.1,48.0,60848.0,64010.0,63252.0,53901.333333333336,8606.49627577486
2020-07-29 09:00:00+00:00,63783.0,24424.0,24037.0,18448.0,5589.0,9,2,29,7,0,0,63024.0,21.0,38,28.5,0.0,3,20.0,41.0,26.2,46.0,63169.0,65108.0,64641.0,53846.125,8535.439431455325
2020-07-29 10:00:00+00:00,62628.0,26242.0,23960.0,18174.0,5786.0,10,2,29,7,0,0,62773.0,20.3,43,25.5,0.0,3,21.0,38.0,26.9,45.0,63783.0,65007.0,64091.0,53747.0,8413.126606936723
2020-07-29 11:00:00+00:00,61529.0,27252.0,23721.0,18044.0,5677.0,11,2,29,7,0,0,61733.0,21.9,37,26.6,0.0,2,20.3,43.0,27.2,43.0,62628.0,63800.0,62606.0,53652.375,8307.246458533944
2020-07-29 12:00:00+00:00,60292.0,27062.0,22712.0,17067.0,5645.0,12,2,29,7,0,0,60293.0,22.2,38,23.6,0.0,3,21.9,37.0,26.5,42.0,61529.0,61569.0,61230.0,53599.16666666666,8258.28076468731
2020-07-29 13:00:00+00:00,58811.0,25092.0,21425.0,15728.0,5697.0,13,2,29,7,0,0,59579.0,21.9,36,24.9,0.0,3,22.2,38.0,26.9,39.0,60292.0,60974.0,59800.0,53509.04166666666,8185.782284356368
2020-07-29 14:00:00+00:00,57469.0,21264.0,20200.0,14451.0,5750.0,14,2,29,7,0,0,58729.0,22.4,34,22.3,0.0,2,21.9,36.0,27.0,37.0,58811.0,60148.0,58650.0,53397.41666666666,8109.222301834997
2020-07-29 15:00:00+00:00,57569.0,15687.0,19240.0,13590.0,5650.0,15,2,29,7,0,0,58791.0,22.3,33,23.3,0.0,3,22.4,34.0,26.5,38.0,57469.0,59272.0,58483.0,53326.458333333336,8062.901414229123
2020-07-29 16:00:00+00:00,57123.0,9287.0,18000.0,11945.0,6055.0,16,2,29,7,0,0,58449.0,22.1,32,22.0,0.0,2,22.3,33.0,24.0,49.0,57569.0,58502.0,58233.0,53269.0,8029.25895113279
2020-07-29 17:00:00+00:00,56182.0,3678.0,15689.0,9851.0,5838.0,17,2,29,7,0,0,57220.0,21.7,35,20.5,0.0,1,22.1,32.0,23.4,50.0,57123.0,56783.0,57789.0,53243.958333333336,8018.753310232239
2020-07-29 18:00:00+00:00,54090.0,739.0,13066.0,7817.0,5249.0,18,2,29,7,0,0,54928.0,20.5,40,15.1,0.0,0,21.7,35.0,22.2,54.0,56182.0,54548.0,56113.0,53224.875,8016.059502038114
2020-07-29 19:00:00+00:00,51973.0,9.0,11815.0,6813.0,5003.0,19,2,29,7,0,0,52760.0,18.4,49,9.7,0.0,1,20.5,40.0,20.9,58.0,54090.0,52677.0,53857.0,53195.54166666666,8019.438888422496
2020-07-29 20:00:00+00:00,49273.0,0.0,11251.0,6714.0,4537.0,20,2,29,7,0,0,50238.0,17.1,55,9.2,0.0,1,18.4,49.0,19.8,61.0,51973.0,49949.0,51399.0,53167.375,8032.51398630687
2020-07-29 21:00:00+00:00,45322.0,0.0,10759.0,6360.0,4399.0,21,2,29,7,0,0,46642.0,16.0,62,7.8,0.0,1,17.1,55.0,19.4,56.0,49273.0,46372.0,47442.0,53123.625,8073.887893872698
2020-07-29 22:00:00+00:00,42321.0,0.0,10497.0,6096.0,4401.0,22,2,29,7,0,0,43116.0,14.9,68,6.8,0.0,0,16.0,62.0,18.3,56.0,45322.0,43243.0,43988.0,53085.208333333336,8124.977185140642
2020-07-29 23:00:00+00:00,40669.0,0.0,9894.0,5958.0,3936.0,23,2,29,7,0,0,41307.0,14.4,71,8.7,0.0,0,14.9,68.0,17.5,58.0,42321.0,41447.0,42381.0,53052.79166666666,8174.828715020608
2020-07-30 00:00:00+00:00,39777.0,0.0,9474.0,5885.0,3589.0,0,3,30,7,0,0,40290.0,13.8,73,7.6,0.0,0,14.4,71.0,17.5,62.0,40669.0,40381.0,41435.0,53027.625,8216.35988274759
2020-07-30 01:00:00+00:00,39686.0,0.0,9210.0,5890.0,3320.0,1,3,30,7,0,0,40249.0,12.4,81,7.2,0.0,0,13.8,73.0,16.4,66.0,39777.0,40218.0,41313.0,53005.458333333336,8253.056814344305
2020-07-30 02:00:00+00:00,40565.0,0.0,8968.0,5827.0,3141.0,2,3,30,7,0,0,41260.0,12.1,82,7.9,0.0,2,12.4,81.0,15.4,70.0,39686.0,41237.0,42305.0,52977.458333333336,8295.748916471784
2020-07-30 03:00:00+00:00,43133.0,43.0,9302.0,6149.0,3153.0,3,3,30,7,0,0,43785.0,12.7,80,8.3,0.0,3,12.1,82.0,15.1,72.0,40565.0,43850.0,45390.0,52947.583333333336,8331.26326825202
2020-07-30 04:00:00+00:00,48969.0,1171.0,8737.0,5818.0,2919.0,4,3,30,7,0,0,50171.0,13.1,79,9.4,0.0,2,12.7,80.0,15.4,71.0,43133.0,50093.0,51476.0,52900.75,8351.14320343901
2020-07-30 05:00:00+00:00,54045.0,5477.0,7205.0,4312.0,2893.0,5,3,30,7,0,0,55630.0,14.1,75,9.7,0.0,0,13.1,79.0,16.4,66.0,48969.0,55553.0,56961.0,52837.91666666666,8335.979533045891
2020-07-30 06:00:00+00:00,57858.0,12349.0,6438.0,3668.0,2770.0,6,3,30,7,0,0,58686.0,15.6,67,11.5,0.0,0,14.1,75.0,17.5,58.0,54045.0,58884.0,59328.0,52795.16666666666,8306.20253140695
2020-07-30 07:00:00+00:00,59185.0,19398.0,6544.0,4199.0,2345.0,7,3,30,7,0,0,60230.0,17.0,57,15.3,0.0,0,15.6,67.0,18.6,53.0,57858.0,60848.0,61383.0,52725.875,8242.798239055723
2020-07-30 08:00:00+00:00,60859.0,24741.0,6178.0,4129.0,2049.0,8,3,30,7,0,0,61463.0,18.1,49,16.2,0.0,0,17.0,57.0,20.0,41.0,59185.0,63169.0,62773.0,52629.625,8128.244234243896
2020-07-30 09:00:00+00:00,62369.0,28230.0,6016.0,3886.0,2130.0,9,3,30,7,0,0,62834.0,19.2,44,15.5,0.0,0,18.1,49.0,21.0,38.0,60859.0,63783.0,64697.0,52570.708333333336,8048.619900488131
2020-07-30 10:00:00+00:00,61533.0,30164.0,5717.0,3653.0,2064.0,10,3,30,7,0,0,62537.0,20.2,40,15.0,0.0,0,19.2,44.0,20.3,43.0,62369.0,62628.0,64194.0,52525.083333333336,7992.034321838623
2020-07-30 11:00:00+00:00,60729.0,30599.0,5692.0,3679.0,2013.0,11,3,30,7,0,0,62165.0,21.4,37,13.3,0.0,1,20.2,40.0,21.9,37.0,61533.0,61529.0,62829.0,52491.75,7954.427688264148
2020-07-30 12:00:00+00:00,59617.0,29167.0,5492.0,3684.0,1808.0,12,3,30,7,0,0,61129.0,22.0,34,12.0,0.0,2,21.4,37.0,22.2,38.0,60729.0,60292.0,61375.0,52463.625,7926.794021668137
2020-07-30 13:00:00+00:00,58281.0,26258.0,5226.0,3599.0,1627.0,13,3,30,7,0,0,59970.0,22.9,33,12.2,0.0,3,22.0,34.0,21.9,36.0,59617.0,58811.0,60266.0,52441.54166666666,7909.060401398397
2020-07-30 14:00:00+00:00,57390.0,22108.0,4909.0,3591.0,1317.0,14,3,30,7,0,0,58464.0,23.1,33,13.7,0.0,3,22.9,33.0,22.4,34.0,58281.0,57469.0,59278.0,52438.25,7906.893196555541
2020-07-30 15:00:00+00:00,57510.0,16188.0,4709.0,3592.0,1117.0,15,3,30,7,0,0,58315.0,23.0,33,13.4,0.0,3,23.1,33.0,22.3,33.0,57390.0,57569.0,59301.0,52435.79166666666,7905.237636222083
2020-07-30 16:00:00+00:00,56654.0,9320.0,4075.0,3141.0,934.0,16,3,30,7,0,0,57781.0,22.6,34,13.0,0.0,3,23.0,33.0,22.1,32.0,57510.0,57123.0,58076.0,52416.25,7893.718423118183
2020-07-30 17:00:00+00:00,55760.0,3626.0,3296.0,2364.0,931.0,17,3,30,7,0,0,56657.0,22.0,36,12.6,0.0,3,22.6,34.0,21.7,35.0,56654.0,56182.0,57774.0,52398.66666666666,7885.431126956099
2020-07-30 18:00:00+00:00,53981.0,709.0,2835.0,1919.0,916.0,18,3,30,7,0,0,54204.0,21.0,40,9.2,0.1,51,22.0,36.0,20.5,40.0,55760.0,54090.0,54702.0,52394.125,7884.445966653844
2020-07-30 19:00:00+00:00,52402.0,10.0,3296.0,2438.0,858.0,19,3,30,7,0,0,52211.0,19.2,48,6.6,0.0,2,21.0,40.0,18.4,49.0,53981.0,51973.0,52793.0,52412.0,7883.935995592927
2020-07-30 20:00:00+00:00,49889.0,0.0,3666.0,2767.0,899.0,20,3,30,7,0,0,49665.0,18.1,53,9.6,0.0,0,19.2,48.0,17.1,55.0,52402.0,49273.0,50344.0,52437.66666666666,7874.269250659469
2020-07-30 21:00:00+00:00,45965.0,0.0,4014.0,3135.0,879.0,21,3,30,7,0,0,46106.0,16.9,57,9.8,0.0,1,18.1,53.0,16.0,62.0,49889.0,45322.0,46862.0,52464.458333333336,7850.062719102173
2020-07-30 22:00:00+00:00,42866.0,0.0,3940.0,3052.0,887.0,22,3,30,7,0,0,42932.0,15.7,64,8.9,0.0,3,16.9,57.0,14.9,68.0,45965.0,42321.0,42805.0,52487.16666666666,7820.175766214593
2020-07-30 23:00:00+00:00,41459.0,0.0,3849.0,3035.0,814.0,23,3,30,7,0,0,41005.0,14.8,69,6.9,0.0,3,15.7,64.0,14.4,71.0,42866.0,40669.0,41299.0,52520.083333333336,7769.768112015316
2020-07-31 00:00:00+00:00,40792.0,0.0,3663.0,2817.0,846.0,0,4,31,7,0,0,40170.0,14.6,71,5.4,0.0,3,14.8,69.0,13.8,73.0,41459.0,39777.0,40488.0,52562.375,7699.838111299142
2020-07-31 01:00:00+00:00,40793.0,0.0,3580.0,2670.0,909.0,1,4,31,7,0,0,40075.0,13.2,78,6.1,0.0,3,14.6,71.0,12.4,81.0,40792.0,39686.0,40478.0,52608.5,7622.275005591636
2020-07-31 02:00:00+00:00,41777.0,0.0,3575.0,2734.0,841.0,2,4,31,7,0,0,40816.0,12.6,83,5.2,0.0,3,13.2,78.0,12.1,82.0,40793.0,40565.0,41483.0,52659.0,7542.612417919536
2020-07-31 03:00:00+00:00,44048.0,38.0,3380.0,2617.0,763.0,3,4,31,7,0,0,43224.0,12.9,82,6.2,0.0,3,12.6,83.0,12.7,80.0,41777.0,43133.0,43618.0,52697.125,7494.527883801919
2020-07-31 04:00:00+00:00,49069.0,1060.0,3319.0,2670.0,649.0,4,4,31,7,0,0,49150.0,12.9,81,7.0,0.0,2,12.9,82.0,13.1,79.0,44048.0,48969.0,50041.0,52701.29166666666,7492.392567764336
2020-07-31 05:00:00+00:00,54661.0,5176.0,2648.0,2117.0,531.0,5,4,31,7,0,0,54789.0,14.8,70,9.0,0.0,0,12.9,81.0,14.1,75.0,49069.0,54045.0,54533.0,52726.958333333336,7498.248667865216
2020-07-31 06:00:00+00:00,58091.0,11993.0,2060.0,1593.0,467.0,6,4,31,7,0,0,57872.0,17.1,59,9.3,0.0,3,14.8,70.0,15.6,67.0,54661.0,57858.0,57865.0,52736.66666666666,7505.328406722199
2020-07-31 07:00:00+00:00,59859.0,18930.0,1945.0,1513.0,432.0,7,4,31,7,0,0,59546.0,19.0,52,12.9,0.0,0,17.1,59.0,17.0,57.0,58091.0,59185.0,59508.0,52764.75,7531.720325743315
2020-07-31 08:00:00+00:00,61043.0,24652.0,2030.0,1500.0,531.0,8,4,31,7,0,0,61104.0,20.5,48,14.1,0.0,0,19.0,52.0,18.1,49.0,59859.0,60859.0,61626.0,52772.41666666666,7540.406469937921
2020-07-31 09:00:00+00:00,62216.0,28581.0,2033.0,1499.0,534.0,9,4,31,7,0,0,62759.0,21.8,45,14.5,0.0,1,20.5,48.0,19.2,44.0,61043.0,62369.0,63037.0,52766.04166666666,7532.000320251784
2020-07-31 10:00:00+00:00,61757.0,30683.0,1843.0,1366.0,477.0,10,4,31,7,0,0,62144.0,23.0,42,14.1,0.0,1,21.8,45.0,20.2,40.0,62216.0,61533.0,62732.0,52775.375,7543.466351246549
2020-07-31 11:00:00+00:00,60385.0,31059.0,1665.0,1194.0,471.0,11,4,31,7,0,0,60717.0,24.1,39,13.3,0.0,2,23.0,42.0,21.4,37.0,61757.0,60729.0,61506.0,52761.04166666666,7528.007580271209
2020-07-31 12:00:00+00:00,59236.0,29832.0,1712.0,1024.0,688.0,12,4,31,7,0,0,59030.0,25.1,34,10.0,0.0,0,24.1,39.0,22.0,34.0,60385.0,59617.0,59401.0,52745.16666666666,7513.308567015332
2020-07-31 13:00:00+00:00,58233.0,27034.0,1858.0,982.0,876.0,13,4,31,7,0,0,57756.0,26.0,31,9.1,0.0,1,25.1,34.0,22.9,33.0,59236.0,58281.0,58217.0,52743.16666666666,7511.777122374535
2020-07-31 14:00:00+00:00,56997.0,22579.0,2020.0,1004.0,1016.0,14,4,31,7,0,0,56433.0,26.4,30,9.0,0.0,3,26.0,31.0,23.1,33.0,58233.0,57390.0,58037.0,52726.79166666666,7501.628518726355
2020-07-31 15:00:00+00:00,56457.0,16551.0,2314.0,1071.0,1243.0,15,4,31,7,0,0,55935.0,26.4,29,9.4,0.0,2,26.4,30.0,23.0,33.0,56997.0,57510.0,57597.0,52682.91666666666,7475.470239195589
2020-07-31 16:00:00+00:00,55853.0,9557.0,2643.0,1300.0,1344.0,16,4,31,7,0,0,55544.0,26.1,30,9.7,0.0,3,26.4,29.0,22.6,34.0,56457.0,56654.0,56831.0,52649.54166666666,7458.739443440988
2020-07-31 17:00:00+00:00,54844.0,3575.0,3197.0,1748.0,1448.0,17,4,31,7,0,0,54179.0,25.4,31,9.7,0.0,2,26.1,30.0,22.0,36.0,55853.0,55760.0,55074.0,52611.375,7444.461027078661
2020-07-31 18:00:00+00:00,52080.0,638.0,4153.0,2480.0,1672.0,18,4,31,7,0,0,51697.0,24.1,35,9.0,0.0,0,25.4,31.0,21.0,40.0,54844.0,53981.0,51730.0,52532.16666666666,7439.366240343886
2020-07-31 19:00:00+00:00,50045.0,6.0,6819.0,4750.0,2069.0,19,4,31,7,0,0,49671.0,21.2,46,8.4,0.0,0,24.1,35.0,19.2,48.0,52080.0,52402.0,49564.0,52433.958333333336,7456.696695379345
2020-07-31 20:00:00+00:00,48167.0,0.0,10564.0,7701.0,2863.0,20,4,31,7,0,0,47481.0,19.7,53,10.8,0.0,0,21.2,46.0,18.1,53.0,50045.0,49889.0,47013.0,52362.208333333336,7490.457860151624
2020-07-31 21:00:00+00:00,45771.0,0.0,13772.0,9974.0,3798.0,21,4,31,7,0,0,44297.0,18.5,67,13.7,0.0,0,19.7,53.0,16.9,57.0,48167.0,45965.0,43785.0,52354.125,7497.76268259821
2020-07-31 22:00:00+00:00,41698.0,0.0,16307.0,11514.0,4793.0,22,4,31,7,0,0,42006.0,17.2,75,12.4,0.0,0,18.5,67.0,15.7,64.0,45771.0,42866.0,41191.0,52305.458333333336,7565.510649618423
2020-07-31 23:00:00+00:00,39877.0,0.0,16824.0,11850.0,4974.0,23,4,31,7,0,0,39843.0,16.3,80,11.2,0.0,0,17.2,75.0,14.8,69.0,41698.0,41459.0,38962.0,52239.54166666666,7670.2885835349825
2020-08-01 00:00:00+00:00,38943.0,0.0,16980.0,12000.0,4980.0,0,5,1,8,1,0,38764.0,16.1,81,10.5,0.0,0,16.3,80.0,14.6,71.0,39877.0,40792.0,38467.0,52162.5,7798.483353107353
2020-08-01 01:00:00+00:00,38305.0,0.0,16800.0,11777.0,5024.0,1,5,1,8,1,0,38373.0,15.0,86,8.7,0.0,0,16.1,81.0,13.2,78.0,38943.0,40793.0,37446.0,52058.833333333336,7970.823789549904
2020-08-01 02:00:00+00:00,37995.0,0.0,16189.0,11199.0,4990.0,2,5,1,8,1,0,38025.0,14.4,89,8.3,0.0,0,15.0,86.0,12.6,83.0,38305.0,41777.0,37788.0,51901.25,8216.531756689814
2020-08-01 03:00:00+00:00,38355.0,34.0,15093.0,10320.0,4774.0,3,5,1,8,1,0,37982.0,14.1,91,9.7,0.0,0,14.4,89.0,12.9,82.0,37995.0,44048.0,37895.0,51664.04166666666,8529.332995376059
2020-08-01 04:00:00+00:00,39717.0,1087.0,13314.0,9043.0,4271.0,4,5,1,8,1,0,38695.0,14.1,91,11.6,0.0,0,14.1,91.0,12.9,81.0,38355.0,49069.0,39508.0,51274.375,8860.249264392603
2020-08-01 05:00:00+00:00,42236.0,5037.0,10816.0,6883.0,3933.0,5,5,1,8,1,0,41699.0,15.8,81,12.9,0.0,0,14.1,91.0,14.8,70.0,39717.0,54661.0,42594.0,50756.66666666666,9015.404351618598
2020-08-01 06:00:00+00:00,45798.0,11041.0,7740.0,4472.0,3268.0,6,5,1,8,1,0,45569.0,17.9,71,13.6,0.0,0,15.8,81.0,17.1,59.0,42236.0,58091.0,45914.0,50244.458333333336,8929.390192816876
2020-08-01 07:00:00+00:00,48456.0,16898.0,6020.0,3611.0,2409.0,7,5,1,8,1,0,48853.0,20.2,61,13.7,0.0,0,17.9,71.0,19.0,52.0,45798.0,59859.0,48457.0,49769.333333333336,8695.884917174764
2020-08-01 08:00:00+00:00,50400.0,21171.0,5736.0,3856.0,1880.0,8,5,1,8,1,0,51087.0,22.7,51,14.0,0.0,0,20.2,61.0,20.5,48.0,48456.0,61043.0,50640.0,49325.875,8360.897566297761
2020-08-01 09:00:00+00:00,51985.0,23777.0,6569.0,4567.0,2002.0,9,5,1,8,1,0,52487.0,24.6,44,13.7,0.0,0,22.7,51.0,21.8,45.0,50400.0,62216.0,52548.0,48899.583333333336,7924.53597553378
2020-08-01 10:00:00+00:00,51662.0,25232.0,6806.0,4749.0,2057.0,10,5,1,8,1,0,51646.0,26.0,38,12.0,0.0,0,24.6,44.0,23.0,42.0,51985.0,61757.0,52877.0,48478.958333333336,7467.121536553363
2020-08-01 11:00:00+00:00,50285.0,25284.0,6968.0,4771.0,2197.0,11,5,1,8,1,0,50024.0,27.0,34,12.4,0.0,2,26.0,38.0,24.1,39.0,51662.0,60385.0,51569.0,48058.125,7039.297564464713
2020-08-01 12:00:00+00:00,48845.0,24068.0,6587.0,4354.0,2233.0,12,5,1,8,1,0,48634.0,28.0,30,13.2,0.0,3,27.0,34.0,25.1,34.0,50285.0,59236.0,50566.0,47625.16666666666,6629.527976288898
2020-08-01 13:00:00+00:00,47927.0,21035.0,5964.0,3808.0,2156.0,13,5,1,8,1,0,47964.0,28.6,28,11.0,0.0,3,28.0,30.0,26.0,31.0,48845.0,58233.0,49076.0,47195.75,6234.560597814168
2020-08-01 14:00:00+00:00,47165.0,16773.0,6043.0,3856.0,2187.0,14,5,1,8,1,0,47709.0,28.9,27,11.3,0.0,3,28.6,28.0,26.4,30.0,47927.0,56997.0,48655.0,46786.083333333336,5875.197520576435
2020-08-01 15:00:00+00:00,47313.0,11931.0,6959.0,4425.0,2534.0,15,5,1,8,1,0,48108.0,28.8,27,11.2,0.0,2,28.9,27.0,26.4,29.0,47165.0,56457.0,47840.0,46405.083333333336,5505.648892898456
2020-08-01 16:00:00+00:00,47866.0,6643.0,7482.0,4813.0,2669.0,16,5,1,8,1,0,48178.0,28.7,26,8.7,0.0,2,28.8,27.0,26.1,30.0,47313.0,55853.0,47750.0,46072.29166666666,5138.909734471654
2020-08-01 17:00:00+00:00,46527.0,2847.0,7203.0,4665.0,2538.0,17,5,1,8,1,0,47291.0,28.1,28,11.3,0.0,1,28.7,26.0,25.4,31.0,47866.0,54844.0,47077.0,45725.75,4790.274343145477
2020-08-01 18:00:00+00:00,44667.0,603.0,6766.0,4701.0,2065.0,18,5,1,8,1,0,45451.0,26.5,32,10.1,0.0,1,28.1,28.0,24.1,35.0,46527.0,52080.0,45213.0,45416.875,4597.870578131756
2020-08-01 19:00:00+00:00,44496.0,10.0,7046.0,5335.0,1712.0,19,5,1,8,1,0,44194.0,24.1,38,9.8,0.0,2,26.5,32.0,21.2,46.0,44667.0,50045.0,44013.0,45185.66666666666,4493.352642626996
2020-08-01 20:00:00+00:00,43223.0,0.0,6922.0,5189.0,1733.0,20,5,1,8,1,0,42868.0,23.0,41,10.3,0.0,3,24.1,38.0,19.7,53.0,44496.0,48167.0,42982.0,44979.66666666666,4463.963248509807
2020-08-01 21:00:00+00:00,40675.0,0.0,6532.0,4812.0,1720.0,21,5,1,8,1,0,40398.0,22.6,40,11.3,0.0,3,23.0,41.0,18.5,67.0,43223.0,45771.0,40608.0,44767.333333333336,4545.1462756059545
2020-08-01 22:00:00+00:00,38505.0,0.0,5936.0,4264.0,1671.0,22,5,1,8,1,0,38230.0,22.4,40,10.4,0.0,3,22.6,40.0,17.2,75.0,40675.0,41698.0,37937.0,44634.29166666666,4683.520447354208
2020-08-01 23:00:00+00:00,36714.0,0.0,5468.0,3844.0,1624.0,23,5,1,8,1,0,36157.0,21.9,43,10.4,0.0,3,22.4,40.0,16.3,80.0,38505.0,39877.0,36268.0,44502.5,4864.224796363025
2020-08-02 00:00:00+00:00,35504.0,0.0,4735.0,3459.0,1276.0,0,6,2,8,1,0,35225.0,22.3,45,13.3,0.0,3,21.9,43.0,16.1,81.0,36714.0,38943.0,34507.0,44359.208333333336,5080.944314653598
2020-08-02 01:00:00+00:00,34628.0,0.0,4123.0,3157.0,966.0,1,6,2,8,1,0,34729.0,21.6,47,10.8,0.0,3,22.3,45.0,15.0,86.0,35504.0,38305.0,34176.0,44206.0,5321.194365764909
2020-08-02 02:00:00+00:00,34433.0,0.0,4054.0,3224.0,830.0,2,6,2,8,1,0,34379.0,21.5,48,10.2,0.0,3,21.6,47.0,14.4,89.0,34628.0,37995.0,34212.0,44057.583333333336,5546.851303581622
2020-08-02 03:00:00+00:00,34717.0,20.0,3833.0,3467.0,366.0,3,6,2,8,1,0,34233.0,21.3,50,10.9,0.0,3,21.5,48.0,14.1,91.0,34433.0,38355.0,34294.0,43906.0,5755.260149749212
2020-08-02 04:00:00+00:00,34680.0,696.0,3769.0,3595.0,173.0,4,6,2,8,1,0,34437.0,20.3,54,10.0,0.0,3,21.3,50.0,14.1,91.0,34717.0,39717.0,35397.0,43696.125,6001.245018018435
2020-08-02 05:00:00+00:00,36810.0,2884.0,3761.0,3622.0,138.0,5,6,2,8,1,0,36379.0,21.1,53,9.2,0.0,3,20.3,54.0,15.8,81.0,34680.0,42236.0,37649.0,43470.04166666666,6158.781941112615
2020-08-02 06:00:00+00:00,39683.0,6054.0,3134.0,2996.0,139.0,6,6,2,8,1,0,39789.0,22.2,50,9.2,0.0,3,21.1,53.0,17.9,71.0,36810.0,45798.0,40331.0,43215.25,6184.721456944213
2020-08-02 07:00:00+00:00,42707.0,9478.0,2944.0,2726.0,218.0,7,6,2,8,1,0,43155.0,24.3,45,9.4,0.0,3,22.2,50.0,20.2,61.0,39683.0,48456.0,43663.0,42975.708333333336,6083.418879137275
2020-08-02 08:00:00+00:00,45493.0,11686.0,3469.0,2994.0,476.0,8,6,2,8,1,0,45625.0,26.1,40,9.7,0.0,3,24.3,45.0,22.7,51.0,42707.0,50400.0,47209.0,42771.25,5902.82553749241
2020-08-02 09:00:00+00:00,46958.0,12697.0,4158.0,3304.0,854.0,9,6,2,8,1,0,48173.0,27.4,36,10.2,0.0,3,26.1,40.0,24.6,44.0,45493.0,51985.0,48371.0,42561.79166666666,5645.235674820025
2020-08-02 10:00:00+00:00,46578.0,13048.0,5063.0,3504.0,1559.0,10,6,2,8,1,0,47853.0,28.5,34,10.8,0.0,3,27.4,36.0,26.0,38.0,46958.0,51662.0,48997.0,42349.958333333336,5377.970164023784
2020-08-02 11:00:00+00:00,44901.0,13461.0,6245.0,4239.0,2006.0,11,6,2,8,1,0,46883.0,29.5,32,13.9,0.0,3,28.5,34.0,27.0,34.0,46578.0,50285.0,46888.0,42125.625,5139.59086353671
2020-08-02 12:00:00+00:00,44296.0,13047.0,6769.0,4500.0,2269.0,12,6,2,8,1,0,46025.0,20.4,79,1.1,0.0,3,29.5,32.0,28.0,30.0,44901.0,48845.0,44919.0,41936.083333333336,4961.821062231865
2020-08-02 13:00:00+00:00,43807.0,11038.0,7707.0,5026.0,2681.0,13,6,2,8,1,0,45144.0,20.2,83,4.3,1.8,61,20.4,79.0,28.6,28.0,44296.0,47927.0,43625.0,41764.41666666666,4814.626040076369
2020-08-02 14:00:00+00:00,43604.0,9068.0,8626.0,5777.0,2849.0,14,6,2,8,1,0,44293.0,20.5,81,6.8,0.3,51,20.2,83.0,28.9,27.0,43807.0,47165.0,44522.0,41616.04166666666,4694.324755618859
2020-08-02 15:00:00+00:00,44567.0,6887.0,9163.0,6412.0,2751.0,15,6,2,8,1,0,45002.0,21.4,74,7.9,0.0,3,20.5,81.0,28.8,27.0,43604.0,47313.0,45641.0,41501.625,4581.54324495784
2020-08-02 16:00:00+00:00,45389.0,4380.0,9066.0,6582.0,2484.0,16,6,2,8,1,0,46159.0,21.4,74,8.7,0.0,3,21.4,74.0,28.7,26.0,44567.0,47866.0,47035.0,41398.41666666666,4458.178385223797
2020-08-02 17:00:00+00:00,44991.0,2089.0,7977.0,5894.0,2083.0,17,6,2,8,1,0,45588.0,20.8,80,11.8,0.2,51,21.4,74.0,28.1,28.0,45389.0,46527.0,45872.0,41334.41666666666,4391.8854910676455
2020-08-02 18:00:00+00:00,43814.0,474.0,6188.0,4715.0,1474.0,18,6,2,8,1,0,44533.0,20.1,84,10.4,0.2,51,20.8,80.0,26.5,32.0,44991.0,44667.0,45075.0,41298.875,4367.125423197771
2020-08-02 19:00:00+00:00,43569.0,4.0,5194.0,4109.0,1084.0,19,6,2,8,1,0,44133.0,19.2,91,6.8,0.1,51,20.1,84.0,24.1,38.0,43814.0,44496.0,44042.0,41260.25,4341.644131069854
2020-08-02 20:00:00+00:00,42867.0,0.0,4885.0,3790.0,1095.0,20,6,2,8,1,0,43828.0,18.8,93,7.3,0.1,51,19.2,91.0,23.0,41.0,43569.0,43223.0,43567.0,41245.41666666666,4335.250225128472
2020-08-02 21:00:00+00:00,40111.0,0.0,5179.0,3885.0,1294.0,21,6,2,8,1,0,41437.0,18.5,94,7.4,0.3,51,18.8,93.0,22.6,40.0,42867.0,40675.0,40608.0,41221.91666666666,4340.002734085284
2020-08-02 22:00:00+00:00,37704.0,0.0,5142.0,3910.0,1232.0,22,6,2,8,1,0,38403.0,18.1,94,7.6,0.1,51,18.5,94.0,22.4,40.0,40111.0,38505.0,38558.0,41188.54166666666,4364.813427747126
2020-08-02 23:00:00+00:00,36426.0,0.0,4766.0,3715.0,1051.0,23,6,2,8,1,0,36821.0,17.8,95,6.6,0.1,51,18.1,94.0,21.9,43.0,37704.0,36714.0,37458.0,41176.54166666666,4378.025850311773
2020-08-03 00:00:00+00:00,35700.0,0.0,4884.0,3758.0,1126.0,0,0,3,8,0,0,36072.0,18.0,97,7.9,0.0,3,17.8,95.0,22.3,45.0,36426.0,35504.0,36840.0,41184.708333333336,4367.153669392123
2020-08-03 01:00:00+00:00,35994.0,0.0,4711.0,3747.0,964.0,1,0,3,8,0,0,36242.0,17.5,97,9.0,0.0,3,18.0,97.0,21.6,47.0,35700.0,34628.0,37045.0,41241.625,4286.135370991212
2020-08-03 02:00:00+00:00,37181.0,0.0,4374.0,3600.0,774.0,2,0,3,8,0,0,37642.0,16.9,94,16.0,0.0,3,17.5,97.0,21.5,48.0,35994.0,34433.0,38104.0,41356.125,4130.210293754548
2020-08-03 03:00:00+00:00,40312.0,15.0,4117.0,3481.0,636.0,3,0,3,8,0,0,41121.0,16.0,94,14.3,0.0,3,16.9,94.0,21.3,50.0,37181.0,34717.0,41596.0,41589.25,3890.101901535739
2020-08-03 04:00:00+00:00,46470.0,557.0,3695.0,3170.0,524.0,4,0,3,8,0,0,48347.0,15.4,95,12.0,0.0,3,16.0,94.0,20.3,54.0,40312.0,34680.0,47825.0,42080.5,3720.382647452144
2020-08-03 05:00:00+00:00,51635.0,2643.0,2688.0,2378.0,310.0,5,0,3,8,0,0,54129.0,15.7,92,13.3,0.0,3,15.4,95.0,21.1,53.0,46470.0,36810.0,53959.0,42698.208333333336,4025.47029905932
2020-08-03 06:00:00+00:00,54826.0,5975.0,1886.0,1619.0,267.0,6,0,3,8,0,0,57492.0,16.2,87,14.6,0.0,3,15.7,92.0,22.2,50.0,51635.0,39683.0,57698.0,43329.16666666666,4667.830253484873
2020-08-03 07:00:00+00:00,56699.0,9476.0,1719.0,1514.0,205.0,7,0,3,8,0,0,58896.0,16.8,83,15.3,0.0,3,16.2,87.0,24.3,45.0,54826.0,42707.0,59297.0,43912.16666666666,5402.68338856614
2020-08-03 08:00:00+00:00,58715.0,13262.0,1781.0,1638.0,144.0,8,0,3,8,0,0,60319.0,17.8,75,15.1,0.0,3,16.8,83.0,26.1,40.0,56699.0,45493.0,60719.0,44463.083333333336,6187.952319288252
2020-08-03 09:00:00+00:00,60674.0,15695.0,1875.0,1740.0,135.0,9,0,3,8,0,0,61916.0,18.6,67,13.7,0.0,3,17.8,75.0,27.4,36.0,58715.0,46958.0,62107.0,45034.583333333336,7007.504845995837
2020-08-03 10:00:00+00:00,60880.0,17462.0,2048.0,1912.0,135.0,10,0,3,8,0,0,61944.0,20.2,58,11.1,0.0,3,18.6,67.0,28.5,34.0,60674.0,46578.0,62759.0,45630.5,7716.696043390343
2020-08-03 11:00:00+00:00,59563.0,17519.0,2388.0,2244.0,144.0,11,0,3,8,0,0,61052.0,21.5,49,12.7,0.0,3,20.2,58.0,29.5,32.0,60880.0,44901.0,61863.0,46241.41666666666,8220.37573412158
2020-08-03 12:00:00+00:00,58066.0,15999.0,2735.0,2633.0,102.0,12,0,3,8,0,0,59852.0,21.6,50,11.0,0.0,3,21.5,49.0,20.4,79.0,59563.0,44296.0,60663.0,46815.16666666666,8552.525341098713
2020-08-03 13:00:00+00:00,57008.0,14014.0,2946.0,2851.0,95.0,13,0,3,8,0,0,59084.0,22.9,43,13.2,0.0,1,21.6,50.0,20.2,83.0,58066.0,43807.0,59242.0,47365.208333333336,8772.324435301047
2020-08-03 14:00:00+00:00,55513.0,10887.0,3797.0,3680.0,117.0,14,0,3,8,0,0,57738.0,23.2,40,15.6,0.0,2,22.9,43.0,20.5,81.0,57008.0,43604.0,57872.0,47861.41666666666,8886.396598986836
2020-08-03 15:00:00+00:00,55580.0,7724.0,4209.0,4101.0,108.0,15,0,3,8,0,0,57201.0,23.0,39,15.3,0.0,3,23.2,40.0,21.4,74.0,55513.0,44567.0,58360.0,48320.29166666666,8992.593041324437
2020-08-03 16:00:00+00:00,54853.0,4794.0,4456.0,4322.0,134.0,16,0,3,8,0,0,56807.0,22.4,39,14.7,0.0,2,23.0,39.0,21.4,74.0,55580.0,45389.0,57956.0,48714.625,9065.67011750047
2020-08-03 17:00:00+00:00,54098.0,2188.0,4249.0,4090.0,159.0,17,0,3,8,0,0,55869.0,21.9,40,14.4,0.0,3,22.4,39.0,20.8,80.0,54853.0,44991.0,57025.0,49094.083333333336,9093.5864494976
2020-08-03 18:00:00+00:00,52725.0,422.0,3707.0,3490.0,217.0,18,0,3,8,0,0,53847.0,20.9,43,10.8,0.0,2,21.9,40.0,20.1,84.0,54098.0,43814.0,54710.0,49465.375,9050.443010115134
2020-08-03 19:00:00+00:00,50950.0,3.0,3930.0,3699.0,231.0,19,0,3,8,0,0,52030.0,19.4,48,9.0,0.0,3,20.9,43.0,19.2,91.0,52725.0,43569.0,53520.0,49772.91666666666,8966.383687280546
2020-08-03 20:00:00+00:00,47930.0,0.0,4370.0,4018.0,351.0,20,0,3,8,0,0,49405.0,17.8,58,8.4,0.0,1,19.4,48.0,18.8,93.0,50950.0,42867.0,51397.0,49983.875,8855.716435861417
2020-08-03 21:00:00+00:00,44126.0,0.0,4436.0,4113.0,323.0,21,0,3,8,0,0,45915.0,16.3,68,6.6,0.0,0,17.8,58.0,18.5,94.0,47930.0,40111.0,47117.0,50151.16666666666,8697.612804255463
2020-08-03 22:00:00+00:00,41410.0,0.0,4343.0,4195.0,148.0,22,0,3,8,0,0,42973.0,14.9,75,5.6,0.0,0,16.3,68.0,18.1,94.0,44126.0,37704.0,43681.0,50305.583333333336,8497.617425242928
2020-08-03 23:00:00+00:00,39788.0,0.0,4804.0,4708.0,96.0,23,0,3,8,0,0,41062.0,14.1,78,5.6,0.0,1,14.9,75.0,17.8,95.0,41410.0,36426.0,41892.0,50445.66666666666,8283.887738131556
2020-08-04 00:00:00+00:00,38993.0,0.0,5022.0,4933.0,89.0,0,1,4,8,0,0,40138.0,14.4,78,5.4,0.0,3,14.1,78.0,18.0,97.0,39788.0,35700.0,40866.0,50582.875,8053.088445151356
2020-08-04 01:00:00+00:00,38952.0,0.0,4791.0,4680.0,112.0,1,1,4,8,0,0,40177.0,13.5,84,6.3,0.0,3,14.4,78.0,17.5,97.0,38993.0,35994.0,41246.0,50706.125,7839.916749294294
2020-08-04 02:00:00+00:00,39932.0,0.0,4541.0,4369.0,172.0,2,1,4,8,0,0,40986.0,13.4,85,7.5,0.0,3,13.5,84.0,16.9,94.0,38952.0,37181.0,42170.0,50820.75,7651.41705119386
2020-08-04 03:00:00+00:00,42886.0,17.0,4383.0,3941.0,443.0,3,1,4,8,0,0,43793.0,12.4,91,7.3,0.0,3,13.4,85.0,16.0,94.0,39932.0,40312.0,44994.0,50928.0,7514.526731604321
2020-08-04 04:00:00+00:00,48271.0,613.0,4212.0,3515.0,697.0,4,1,4,8,0,0,49860.0,12.4,93,6.8,0.0,3,12.4,91.0,15.4,95.0,42886.0,46470.0,50966.0,51003.04166666666,7476.971343829352
2020-08-04 05:00:00+00:00,52984.0,3047.0,3408.0,2759.0,650.0,5,1,4,8,0,0,55174.0,14.1,84,8.7,0.0,3,12.4,93.0,15.7,92.0,48271.0,51635.0,56324.0,51059.25,7486.992518912849
2020-08-04 06:00:00+00:00,56594.0,7142.0,2174.0,1637.0,536.0,6,1,4,8,0,0,58313.0,15.8,75,8.8,0.0,3,14.1,84.0,16.2,87.0,52984.0,54826.0,59556.0,51132.91666666666,7534.215056294115
2020-08-04 07:00:00+00:00,58081.0,11631.0,1705.0,1313.0,391.0,7,1,4,8,0,0,59676.0,17.7,65,8.8,0.0,3,15.8,75.0,16.8,83.0,56594.0,56699.0,61725.0,51190.5,7583.7243288273885
2020-08-04 08:00:00+00:00,60175.0,15060.0,2075.0,1749.0,326.0,8,1,4,8,0,0,61180.0,19.4,54,10.1,0.0,3,17.7,65.0,17.8,75.0,58081.0,58715.0,64010.0,51251.333333333336,7652.25298262814
2020-08-04 09:00:00+00:00,61201.0,17194.0,2821.0,2464.0,357.0,9,1,4,8,0,0,62764.0,20.3,47,12.7,0.0,3,19.4,54.0,18.6,67.0,60175.0,60674.0,65108.0,51273.29166666666,7681.168641153306
2020-08-04 10:00:00+00:00,61388.0,17608.0,3762.0,3318.0,444.0,10,1,4,8,0,0,62572.0,21.5,41,14.9,0.0,3,20.3,47.0,20.2,58.0,61201.0,60880.0,65007.0,51294.458333333336,7709.440333711284
2020-08-04 11:00:00+00:00,59900.0,17247.0,4183.0,3738.0,445.0,11,1,4,8,0,0,61553.0,22.1,38,16.2,0.0,3,21.5,41.0,21.5,49.0,61388.0,59563.0,63800.0,51308.5,7725.445393097769
2020-08-04 12:00:00+00:00,58537.0,16393.0,4215.0,3679.0,537.0,12,1,4,8,0,0,60233.0,23.0,36,13.4,0.0,3,22.1,38.0,21.6,50.0,59900.0,58066.0,61569.0,51328.125,7743.933986830449
2020-08-04 13:00:00+00:00,56690.0,14949.0,4128.0,3502.0,626.0,13,1,4,8,0,0,59482.0,22.7,37,15.9,0.0,3,23.0,36.0,22.9,43.0,58537.0,57008.0,60974.0,51314.875,7734.05884391135
2020-08-04 14:00:00+00:00,55313.0,13008.0,4002.0,3265.0,737.0,14,1,4,8,0,0,58231.0,23.0,37,14.4,0.0,3,22.7,37.0,23.2,40.0,56690.0,55513.0,60148.0,51306.54166666666,7729.445128738854
2020-08-04 15:00:00+00:00,55234.0,10593.0,3322.0,2440.0,882.0,15,1,4,8,0,0,57790.0,22.5,38,13.7,0.0,3,23.0,37.0,23.0,39.0,55313.0,55580.0,59272.0,51292.125,7721.446419536885
2020-08-04 16:00:00+00:00,55059.0,6817.0,2949.0,1884.0,1065.0,16,1,4,8,0,0,57434.0,22.2,40,12.3,0.0,1,22.5,38.0,22.4,39.0,55234.0,54853.0,58502.0,51300.708333333336,7725.690201214471
2020-08-04 17:00:00+00:00,54302.0,2859.0,2492.0,1179.0,1313.0,17,1,4,8,0,0,56291.0,21.8,41,10.6,0.0,2,22.2,40.0,21.9,40.0,55059.0,54098.0,56783.0,51309.208333333336,7729.013171607384
2020-08-04 18:00:00+00:00,52120.0,477.0,2076.0,643.0,1433.0,18,1,4,8,0,0,54361.0,21.0,44,9.4,0.0,2,21.8,41.0,20.9,43.0,54302.0,52725.0,54548.0,51284.0,7725.18043126816
2020-08-04 19:00:00+00:00,50457.0,1.0,2254.0,493.0,1761.0,19,1,4,8,0,0,52568.0,18.9,54,6.3,0.0,2,21.0,44.0,19.4,48.0,52120.0,50950.0,52677.0,51263.458333333336,7726.762463807061
2020-08-04 20:00:00+00:00,46879.0,0.0,2986.0,642.0,2344.0,20,1,4,8,0,0,49940.0,17.9,61,6.4,0.0,1,18.9,54.0,17.8,58.0,50457.0,47930.0,49949.0,51219.66666666666,7749.421418327748
2020-08-04 21:00:00+00:00,43249.0,0.0,4647.0,1160.0,3487.0,21,1,4,8,0,0,46446.0,17.2,65,6.4,0.0,1,17.9,61.0,16.3,68.0,46879.0,44126.0,46372.0,51183.125,7786.305192381638
2020-08-04 22:00:00+00:00,41111.0,0.0,6482.0,2099.0,4383.0,22,1,4,8,0,0,42515.0,16.0,72,6.2,0.0,1,17.2,65.0,14.9,75.0,43249.0,41410.0,43243.0,51170.66666666666,7802.844022571251
2020-08-04 23:00:00+00:00,39979.0,0.0,8520.0,3234.0,5286.0,23,1,4,8,0,0,40757.0,15.5,75,5.4,0.0,1,16.0,72.0,14.1,78.0,41111.0,39788.0,41447.0,51178.625,7790.817905449066
2020-08-05 00:00:00+00:00,39063.0,0.0,10144.0,4630.0,5513.0,0,2,5,8,0,0,39841.0,14.4,80,6.5,0.0,2,15.5,75.0,14.4,78.0,39979.0,38993.0,40381.0,51181.54166666666,7786.06925431358
2020-08-05 01:00:00+00:00,39305.0,0.0,11497.0,6133.0,5364.0,1,2,5,8,0,0,39981.0,12.8,86,8.4,0.0,0,14.4,80.0,13.5,84.0,39063.0,38952.0,40218.0,51196.25,7762.259511082295
2020-08-05 02:00:00+00:00,40643.0,0.0,12709.0,7599.0,5110.0,2,2,5,8,0,0,41007.0,12.1,88,8.6,0.0,0,12.8,86.0,13.4,85.0,39305.0,39932.0,41237.0,51225.875,7718.634049648135
2020-08-05 03:00:00+00:00,43449.0,18.0,13905.0,9025.0,4881.0,3,2,5,8,0,0,44000.0,11.9,89,7.4,0.0,0,12.1,88.0,12.4,91.0,40643.0,42886.0,43850.0,51249.333333333336,7692.998593676924
2020-08-05 04:00:00+00:00,48320.0,855.0,15176.0,10585.0,4591.0,4,2,5,8,0,0,49728.0,11.6,93,6.5,0.0,0,11.9,89.0,12.4,93.0,43449.0,48271.0,50093.0,51251.375,7692.180257516508
2020-08-05 05:00:00+00:00,53065.0,4522.0,14605.0,10036.0,4568.0,5,2,5,8,0,0,54765.0,14.3,81,7.9,0.0,3,11.6,93.0,14.1,84.0,48320.0,52984.0,55553.0,51254.75,7692.991238500696
2020-08-05 06:00:00+00:00,56768.0,10725.0,12401.0,7779.0,4622.0,6,2,5,8,0,0,57619.0,17.5,65,7.7,0.0,3,14.3,81.0,15.8,75.0,53065.0,56594.0,58884.0,51262.0,7698.321951539929
2020-08-05 07:00:00+00:00,58282.0,17842.0,11441.0,6577.0,4864.0,7,2,5,8,0,0,58594.0,20.4,53,9.8,0.0,2,17.5,65.0,17.7,65.0,56768.0,58081.0,60848.0,51270.375,7706.168211597195
2020-08-05 08:00:00+00:00,59973.0,24192.0,12611.0,7697.0,4914.0,8,2,5,8,0,0,60140.0,22.4,42,11.5,0.0,3,20.4,53.0,19.4,54.0,58282.0,60175.0,63169.0,51261.958333333336,7696.123504608325
2020-08-05 09:00:00+00:00,61945.0,28185.0,13730.0,9091.0,4639.0,9,2,5,8,0,0,61337.0,23.6,37,11.1,0.0,3,22.4,42.0,20.3,47.0,59973.0,61201.0,63783.0,51292.958333333336,7739.276050173779
2020-08-05 10:00:00+00:00,62007.0,29434.0,12851.0,8377.0,4474.0,10,2,5,8,0,0,60852.0,24.5,35,11.0,0.0,2,23.6,37.0,21.5,41.0,61945.0,61388.0,62628.0,51318.75,7775.328636979911
2020-08-05 11:00:00+00:00,60234.0,29606.0,11062.0,6823.0,4240.0,11,2,5,8,0,0,59946.0,25.5,32,11.4,0.0,3,24.5,35.0,22.1,38.0,62007.0,59900.0,61529.0,51332.66666666666,7791.637371408697
2020-08-05 12:00:00+00:00,59305.0,28508.0,9788.0,5747.0,4041.0,12,2,5,8,0,0,58984.0,26.0,31,11.3,0.0,0,25.5,32.0,23.0,36.0,60234.0,58537.0,60292.0,51364.66666666666,7824.021542751893
2020-08-05 13:00:00+00:00,57695.0,26240.0,8653.0,4872.0,3781.0,13,2,5,8,0,0,57961.0,26.9,29,11.4,0.0,0,26.0,31.0,22.7,37.0,59305.0,56690.0,58811.0,51406.54166666666,7856.38500218343
2020-08-05 14:00:00+00:00,56450.0,22127.0,7714.0,3933.0,3781.0,14,2,5,8,0,0,56746.0,27.4,28,10.3,0.0,0,26.9,29.0,23.0,37.0,57695.0,55313.0,57469.0,51453.91666666666,7884.344012946753
2020-08-05 15:00:00+00:00,56119.0,16267.0,6744.0,3045.0,3700.0,15,2,5,8,0,0,56651.0,27.5,28,9.6,0.0,0,27.4,28.0,22.5,38.0,56450.0,55234.0,57569.0,51490.79166666666,7904.835036527122
2020-08-05 16:00:00+00:00,55160.0,9209.0,4978.0,2139.0,2839.0,16,2,5,8,0,0,56081.0,27.3,28,9.7,0.0,0,27.5,28.0,22.2,40.0,56119.0,55059.0,57123.0,51495.0,7906.843881973998
2020-08-05 17:00:00+00:00,54730.0,3267.0,3610.0,1485.0,2125.0,17,2,5,8,0,0,55388.0,26.8,28,8.9,0.0,0,27.3,28.0,21.8,41.0,55160.0,54302.0,56182.0,51512.833333333336,7913.929621747191
2020-08-05 18:00:00+00:00,53148.0,493.0,3022.0,1481.0,1541.0,18,2,5,8,0,0,53358.0,24.8,38,5.5,0.0,0,26.8,28.0,21.0,44.0,54730.0,52120.0,54090.0,51555.66666666666,7920.13826551811
2020-08-05 19:00:00+00:00,51207.0,2.0,3854.0,2367.0,1487.0,19,2,5,8,0,0,51517.0,21.6,43,8.2,0.0,0,24.8,38.0,18.9,54.0,53148.0,50457.0,51973.0,51586.91666666666,7917.093877870289
2020-08-05 20:00:00+00:00,48643.0,0.0,5356.0,3840.0,1515.0,20,2,5,8,0,0,48941.0,21.4,45,12.0,0.0,1,21.6,43.0,17.9,61.0,51207.0,46879.0,49273.0,51660.41666666666,7879.586029275297
2020-08-05 21:00:00+00:00,44340.0,0.0,6958.0,5445.0,1514.0,21,2,5,8,0,0,45397.0,20.6,46,13.1,0.0,1,21.4,45.0,17.2,65.0,48643.0,43249.0,45322.0,51705.875,7831.952731751398
2020-08-05 22:00:00+00:00,41740.0,0.0,8703.0,6750.0,1953.0,22,2,5,8,0,0,41848.0,19.4,50,12.3,0.0,2,20.6,46.0,16.0,72.0,44340.0,41111.0,42321.0,51732.083333333336,7795.926823427013
2020-08-05 23:00:00+00:00,40328.0,0.0,10491.0,7762.0,2729.0,23,2,5,8,0,0,40164.0,18.4,55,12.0,0.0,2,19.4,50.0,15.5,75.0,41740.0,39979.0,40669.0,51746.625,7773.343524437214
2020-08-06 00:00:00+00:00,38804.0,0.0,11884.0,8471.0,3413.0,0,3,6,8,0,0,39404.0,18.0,59,11.2,0.0,1,18.4,55.0,14.4,80.0,40328.0,39063.0,39777.0,51735.833333333336,7791.875376573657
2020-08-06 01:00:00+00:00,39064.0,0.0,11648.0,8390.0,3258.0,1,3,6,8,0,0,39420.0,17.1,65,10.7,0.0,0,18.0,59.0,12.8,86.0,38804.0,39305.0,39686.0,51725.79166666666,7808.729023004131
2020-08-06 02:00:00+00:00,39373.0,0.0,10926.0,7920.0,3005.0,2,3,6,8,0,0,40197.0,16.6,70,10.6,0.0,0,17.1,65.0,12.1,88.0,39064.0,40643.0,40565.0,51672.875,7890.968179493531
2020-08-06 03:00:00+00:00,42488.0,17.0,9962.0,7574.0,2389.0,3,3,6,8,0,0,43022.0,16.1,74,10.7,0.0,0,16.6,70.0,11.9,89.0,39373.0,43449.0,43133.0,51632.833333333336,7936.818553653597
2020-08-06 04:00:00+00:00,48037.0,846.0,8696.0,6919.0,1777.0,4,3,6,8,0,0,48858.0,15.9,77,10.7,0.0,0,16.1,74.0,11.6,93.0,42488.0,48320.0,48969.0,51621.04166666666,7942.162822716053
2020-08-06 05:00:00+00:00,53269.0,4862.0,7090.0,5564.0,1526.0,5,3,6,8,0,0,54232.0,17.5,70,12.0,0.0,0,15.9,77.0,14.3,81.0,48037.0,53065.0,54045.0,51629.54166666666,7943.884368981615
2020-08-06 06:00:00+00:00,56939.0,11767.0,3970.0,2979.0,991.0,6,3,6,8,0,0,57761.0,19.9,59,10.2,0.0,0,17.5,70.0,17.5,65.0,53269.0,56768.0,57858.0,51636.66666666666,7948.768702387483
2020-08-06 07:00:00+00:00,58923.0,19000.0,2056.0,1441.0,616.0,7,3,6,8,0,0,58656.0,22.5,49,8.9,0.0,0,19.9,59.0,20.4,53.0,56939.0,58282.0,59185.0,51663.375,7973.10786501542
2020-08-06 08:00:00+00:00,60679.0,24910.0,2027.0,1574.0,453.0,8,3,6,8,0,0,60314.0,24.9,39,10.7,0.0,0,22.5,49.0,22.4,42.0,58923.0,59973.0,60859.0,51692.79166666666,8006.332238374121
2020-08-06 09:00:00+00:00,62375.0,28885.0,2200.0,1864.0,337.0,9,3,6,8,0,0,61319.0,26.5,31,13.7,0.0,0,24.9,39.0,23.6,37.0,60679.0,61945.0,62369.0,51710.708333333336,8030.71625198677
2020-08-06 10:00:00+00:00,62205.0,30955.0,2066.0,1821.0,245.0,10,3,6,8,0,0,60753.0,27.4,29,15.3,0.0,0,26.5,31.0,24.5,35.0,62375.0,62007.0,61533.0,51718.958333333336,8041.847567725537
2020-08-06 11:00:00+00:00,61387.0,31262.0,1899.0,1687.0,212.0,11,3,6,8,0,0,59664.0,28.1,27,14.5,0.0,0,27.4,29.0,25.5,32.0,62205.0,60234.0,60729.0,51767.0,8098.174474910004
2020-08-06 12:00:00+00:00,60136.0,29969.0,1675.0,1528.0,147.0,12,3,6,8,0,0,58510.0,29.0,24,12.1,0.0,0,28.1,27.0,26.0,31.0,61387.0,59305.0,59617.0,51801.625,8133.505126073664
2020-08-06 13:00:00+00:00,59158.0,27008.0,1474.0,1328.0,147.0,13,3,6,8,0,0,57647.0,29.5,25,11.6,0.0,0,29.0,24.0,26.9,29.0,60136.0,57695.0,58281.0,51862.583333333336,8184.91462820545
2020-08-06 14:00:00+00:00,57878.0,22311.0,1352.0,1157.0,195.0,14,3,6,8,0,0,56607.0,29.8,26,10.4,0.0,0,29.5,25.0,27.4,28.0,59158.0,56450.0,57390.0,51922.083333333336,8224.80583049062
2020-08-06 15:00:00+00:00,57888.0,16027.0,1371.0,1120.0,252.0,15,3,6,8,0,0,56576.0,29.8,27,10.6,0.0,0,29.8,26.0,27.5,28.0,57878.0,56119.0,57510.0,51995.79166666666,8271.84479176533
2020-08-06 16:00:00+00:00,57128.0,8894.0,1625.0,1311.0,314.0,16,3,6,8,0,0,56322.0,29.4,28,11.9,0.0,0,29.8,27.0,27.3,28.0,57888.0,55160.0,56654.0,52077.79166666666,8314.221828101618
2020-08-06 17:00:00+00:00,55894.0,3081.0,2170.0,1820.0,349.0,17,3,6,8,0,0,55656.0,28.9,29,12.6,0.0,0,29.4,28.0,26.8,28.0,57128.0,54730.0,55760.0,52126.29166666666,8333.737949778426
2020-08-06 18:00:00+00:00,53926.0,459.0,3105.0,2627.0,478.0,18,3,6,8,0,0,53181.0,27.5,32,8.6,0.0,0,28.9,29.0,24.8,38.0,55894.0,53148.0,53981.0,52158.708333333336,8339.396211483112
2020-08-06 19:00:00+00:00,52712.0,2.0,4673.0,4107.0,566.0,19,3,6,8,0,0,51157.0,24.4,41,6.9,0.0,0,27.5,32.0,21.6,43.0,53926.0,51207.0,52402.0,52221.41666666666,8337.586914567579
2020-08-06 20:00:00+00:00,49982.0,0.0,6084.0,5470.0,614.0,20,3,6,8,0,0,48386.0,23.0,47,7.6,0.0,0,24.4,41.0,21.4,45.0,52712.0,48643.0,49889.0,52277.208333333336,8317.0552741321
2020-08-06 21:00:00+00:00,45624.0,0.0,6672.0,6060.0,611.0,21,3,6,8,0,0,44660.0,22.1,50,8.7,0.0,0,23.0,47.0,20.6,46.0,49982.0,44340.0,45965.0,52330.708333333336,8267.762446257831
2020-08-06 22:00:00+00:00,42615.0,0.0,6583.0,6074.0,509.0,22,3,6,8,0,0,42469.0,21.5,54,9.0,0.0,0,22.1,50.0,19.4,50.0,45624.0,41740.0,42866.0,52367.16666666666,8220.82612301983
2020-08-06 23:00:00+00:00,40705.0,0.0,6215.0,5845.0,370.0,23,3,6,8,0,0,40643.0,20.8,59,8.4,0.0,1,21.5,54.0,18.4,55.0,42615.0,40328.0,41459.0,52382.875,8197.147607353234
2020-08-07 00:00:00+00:00,40152.0,0.0,5264.0,4914.0,350.0,0,4,7,8,0,0,39771.0,21.0,63,8.5,0.0,2,20.8,59.0,18.0,59.0,40705.0,38804.0,40792.0,52439.04166666666,8104.150866010317
2020-08-07 01:00:00+00:00,39858.0,0.0,4278.0,3943.0,335.0,1,4,7,8,0,0,39689.0,19.5,70,7.6,0.0,0,21.0,63.0,17.1,65.0,40152.0,39064.0,40793.0,52472.125,8048.606713411443
2020-08-07 02:00:00+00:00,40554.0,0.0,3518.0,3083.0,435.0,2,4,7,8,0,0,40219.0,18.7,73,6.6,0.0,0,19.5,70.0,16.6,70.0,39858.0,39373.0,41777.0,52521.333333333336,7968.247102346655
2020-08-07 03:00:00+00:00,43416.0,14.0,2894.0,2531.0,364.0,3,4,7,8,0,0,42922.0,18.5,74,6.8,0.0,0,18.7,73.0,16.1,74.0,40554.0,42488.0,44048.0,52560.0,7919.54532621103
2020-08-07 04:00:00+00:00,48160.0,795.0,2795.0,2530.0,265.0,4,4,7,8,0,0,48824.0,18.8,72,8.5,0.0,0,18.5,74.0,15.9,77.0,43416.0,48037.0,49069.0,52565.125,7916.530307788152
2020-08-07 05:00:00+00:00,53574.0,4634.0,2535.0,2279.0,256.0,5,4,7,8,0,0,54064.0,20.6,65,11.3,0.0,0,18.8,72.0,17.5,70.0,48160.0,53269.0,54661.0,52577.833333333336,7917.954037813398
2020-08-07 06:00:00+00:00,58377.0,11236.0,1596.0,1339.0,257.0,6,4,7,8,0,0,56750.0,22.6,59,11.2,0.0,0,20.6,65.0,19.9,59.0,53574.0,56939.0,58091.0,52637.75,7957.731571300177
2020-08-07 07:00:00+00:00,60287.0,18267.0,785.0,584.0,202.0,7,4,7,8,0,0,57929.0,24.6,55,10.8,0.0,0,22.6,59.0,22.5,49.0,58377.0,58923.0,59859.0,52694.583333333336,8009.2757307937745
2020-08-07 08:00:00+00:00,61603.0,24061.0,856.0,705.0,151.0,8,4,7,8,0,0,59327.0,26.5,51,11.6,0.0,1,24.6,55.0,24.9,39.0,60287.0,60679.0,61043.0,52733.083333333336,8051.434794719592
2020-08-07 09:00:00+00:00,62681.0,27961.0,1565.0,1466.0,99.0,9,4,7,8,0,0,61280.0,27.9,48,13.7,0.0,2,26.5,51.0,26.5,31.0,61603.0,62375.0,62216.0,52745.833333333336,8067.593357359324
2020-08-07 10:00:00+00:00,62285.0,29817.0,2017.0,1915.0,102.0,10,4,7,8,0,0,60512.0,29.1,45,14.1,0.0,1,27.9,48.0,27.4,29.0,62681.0,62205.0,61757.0,52749.16666666666,8071.687069313682
2020-08-07 11:00:00+00:00,60768.0,30141.0,1901.0,1761.0,140.0,11,4,7,8,0,0,59190.0,30.8,41,13.0,0.0,0,29.1,45.0,28.1,27.0,62285.0,61387.0,60385.0,52723.375,8043.827224554018
2020-08-07 12:00:00+00:00,59094.0,29059.0,1693.0,1489.0,203.0,12,4,7,8,0,0,57572.0,31.8,36,11.5,0.0,1,30.8,41.0,29.0,24.0,60768.0,60136.0,59236.0,52679.958333333336,8004.795331708007
2020-08-07 13:00:00+00:00,58058.0,26064.0,1673.0,1288.0,385.0,13,4,7,8,0,0,56235.0,32.2,37,11.3,0.0,0,31.8,36.0,29.5,25.0,59094.0,59158.0,58233.0,52634.125,7969.160947118899
2020-08-07 14:00:00+00:00,56821.0,21476.0,2038.0,1458.0,580.0,14,4,7,8,0,0,55409.0,32.2,37,7.7,0.0,0,32.2,37.0,29.8,26.0,58058.0,57878.0,56997.0,52590.083333333336,7941.794364744156
2020-08-07 15:00:00+00:00,56701.0,15357.0,2487.0,1696.0,791.0,15,4,7,8,0,0,54938.0,32.3,37,4.6,0.0,1,32.2,37.0,29.8,27.0,56821.0,57888.0,56457.0,52540.625,7911.002947532474
2020-08-07 16:00:00+00:00,56016.0,8510.0,2834.0,1930.0,903.0,16,4,7,8,0,0,54747.0,31.2,41,11.0,0.0,1,32.3,37.0,29.4,28.0,56701.0,57128.0,55853.0,52494.29166666666,7886.184824434613
2020-08-07 17:00:00+00:00,54153.0,2982.0,2960.0,2019.0,941.0,17,4,7,8,0,0,53985.0,30.5,43,5.2,0.0,1,31.2,41.0,28.9,29.0,56016.0,55894.0,54844.0,52421.75,7861.521471561587
2020-08-07 18:00:00+00:00,51915.0,416.0,3726.0,2740.0,986.0,18,4,7,8,0,0,51752.0,29.8,55,0.8,0.0,0,30.5,43.0,27.5,32.0,54153.0,53926.0,52080.0,52337.958333333336,7855.506180126916
2020-08-07 19:00:00+00:00,50514.0,2.0,5174.0,4050.0,1124.0,19,4,7,8,0,0,49871.0,27.9,51,4.5,0.0,0,29.8,55.0,24.4,41.0,51915.0,52712.0,50045.0,52246.375,7863.764160139972
2020-08-07 20:00:00+00:00,47771.0,0.0,6266.0,5004.0,1262.0,20,4,7,8,0,0,47340.0,26.4,57,5.1,0.0,0,27.9,51.0,23.0,47.0,50514.0,49982.0,48167.0,52154.25,7904.291609488073
2020-08-07 21:00:00+00:00,44388.0,0.0,6574.0,5179.0,1394.0,21,4,7,8,0,0,43967.0,25.6,60,6.3,0.0,0,26.4,57.0,22.1,50.0,47771.0,45624.0,45771.0,52102.75,7952.568123623146
2020-08-07 22:00:00+00:00,41927.0,0.0,6232.0,4604.0,1628.0,22,4,7,8,0,0,41256.0,25.0,60,8.4,0.0,0,25.6,60.0,21.5,54.0,44388.0,42615.0,41698.0,52074.083333333336,7989.410327680969
2020-08-07 23:00:00+00:00,40073.0,0.0,5649.0,4202.0,1447.0,23,4,7,8,0,0,39174.0,24.2,61,8.2,0.0,0,25.0,60.0,20.8,59.0,41927.0,40705.0,39877.0,52047.75,8029.453613172212
2020-08-08 00:00:00+00:00,38602.0,0.0,4497.0,3518.0,980.0,0,5,8,8,1,0,37918.0,24.4,60,8.8,0.0,0,24.2,61.0,21.0,63.0,40073.0,40152.0,38943.0,51983.16666666666,8134.836796773626
2020-08-08 01:00:00+00:00,37986.0,0.0,3529.0,2882.0,647.0,1,5,8,8,1,0,37466.0,23.1,64,8.9,0.0,0,24.4,60.0,19.5,70.0,38602.0,39858.0,38305.0,51905.16666666666,8264.1001912496
2020-08-08 02:00:00+00:00,37988.0,0.0,2584.0,2150.0,434.0,2,5,8,8,1,0,37193.0,22.3,67,8.4,0.0,1,23.1,64.0,18.7,73.0,37986.0,40554.0,37995.0,51798.25,8432.22929546519
2020-08-08 03:00:00+00:00,38329.0,11.0,1908.0,1609.0,299.0,3,5,8,8,1,0,37249.0,21.5,70,7.7,0.0,0,22.3,67.0,18.5,74.0,37988.0,43416.0,38355.0,51586.29166666666,8711.405913983412
2020-08-08 04:00:00+00:00,39693.0,757.0,1615.0,1373.0,242.0,4,5,8,8,1,0,38385.0,20.8,73,6.9,0.0,0,21.5,70.0,18.8,72.0,38329.0,48160.0,39717.0,51233.5,9022.102001293017
2020-08-08 05:00:00+00:00,43308.0,4439.0,1258.0,1070.0,188.0,5,5,8,8,1,0,41497.0,22.5,67,8.9,0.0,0,20.8,73.0,20.6,65.0,39693.0,53574.0,42236.0,50805.75,9148.78417320148
2020-08-08 06:00:00+00:00,47106.0,10861.0,530.0,427.0,102.0,6,5,8,8,1,0,45185.0,25.1,58,6.4,0.0,0,22.5,67.0,22.6,59.0,43308.0,58377.0,45798.0,50336.125,9031.772353932318
2020-08-08 07:00:00+00:00,49655.0,17772.0,212.0,146.0,66.0,7,5,8,8,1,0,48229.0,27.9,49,6.4,0.0,0,25.1,58.0,24.6,55.0,47106.0,60287.0,48456.0,49893.125,8779.69746588036
2020-08-08 08:00:00+00:00,51447.0,23553.0,136.0,119.0,17.0,8,5,8,8,1,0,50155.0,30.1,42,8.9,0.0,0,27.9,49.0,26.5,51.0,49655.0,61603.0,50400.0,49469.958333333336,8428.488669924884
2020-08-08 09:00:00+00:00,52609.0,27368.0,288.0,285.0,3.0,9,5,8,8,1,0,51922.0,32.2,33,9.3,0.0,0,30.1,42.0,27.9,48.0,51447.0,62681.0,51985.0,49050.29166666666,7980.960405752059
2020-08-08 10:00:00+00:00,52605.0,29206.0,484.0,479.0,5.0,10,5,8,8,1,0,51165.0,33.2,29,9.4,0.0,0,32.2,33.0,29.1,45.0,52609.0,62285.0,51662.0,48646.958333333336,7513.975231579505
2020-08-08 11:00:00+00:00,50993.0,29107.0,561.0,553.0,9.0,11,5,8,8,1,0,49743.0,34.0,27,8.6,0.0,0,33.2,29.0,30.8,41.0,52605.0,60768.0,50285.0,48239.66666666666,7080.834301534655
2020-08-08 12:00:00+00:00,50051.0,27813.0,561.0,558.0,3.0,12,5,8,8,1,0,48382.0,34.7,26,6.4,0.0,0,34.0,27.0,31.8,36.0,50993.0,59094.0,48845.0,47862.875,6708.968626187347
2020-08-08 13:00:00+00:00,49189.0,24737.0,608.0,606.0,2.0,13,5,8,8,1,0,47448.0,35.2,24,5.6,0.0,0,34.7,26.0,32.2,37.0,50051.0,58058.0,47927.0,47493.333333333336,6358.071040992749
2020-08-08 14:00:00+00:00,48837.0,20286.0,840.0,822.0,18.0,14,5,8,8,1,0,47265.0,35.3,24,6.0,0.0,0,35.2,24.0,32.2,37.0,49189.0,56821.0,47165.0,47160.66666666666,6050.226777399537
2020-08-08 15:00:00+00:00,49548.0,14387.0,1225.0,1201.0,23.0,15,5,8,8,1,0,47579.0,35.5,24,7.8,0.0,2,35.3,24.0,32.3,37.0,48837.0,56701.0,47313.0,46862.625,5727.394587968892
2020-08-08 16:00:00+00:00,49481.0,7919.0,1889.0,1799.0,90.0,16,5,8,8,1,0,48222.0,35.0,24,7.7,0.0,2,35.5,24.0,31.2,41.0,49548.0,56016.0,47866.0,46590.333333333336,5420.4215676463
2020-08-08 17:00:00+00:00,48706.0,2783.0,2642.0,2531.0,111.0,17,5,8,8,1,0,47636.0,33.9,26,6.5,0.0,2,35.0,24.0,30.5,43.0,49481.0,54153.0,46527.0,46363.375,5199.532527586031
2020-08-08 18:00:00+00:00,46904.0,363.0,3881.0,3731.0,149.0,18,5,8,8,1,0,45511.0,31.8,32,4.3,0.0,2,33.9,26.0,29.8,55.0,48706.0,51915.0,44667.0,46154.583333333336,5065.800360958928
2020-08-08 19:00:00+00:00,45693.0,1.0,5394.0,5152.0,242.0,19,5,8,8,1,0,44288.0,30.0,35,7.0,0.0,2,31.8,32.0,27.9,51.0,46904.0,50514.0,44496.0,45953.708333333336,4980.2819588335215
2020-08-08 20:00:00+00:00,44489.0,0.0,6389.0,5985.0,403.0,20,5,8,8,1,0,42513.0,29.0,37,6.6,0.0,2,30.0,35.0,26.4,57.0,45693.0,47771.0,43223.0,45816.958333333336,4973.266798629655
2020-08-08 21:00:00+00:00,41497.0,0.0,6641.0,5975.0,666.0,21,5,8,8,1,0,40077.0,28.0,42,5.1,0.0,1,29.0,37.0,25.6,60.0,44489.0,44388.0,40675.0,45696.5,5043.892880632374
2020-08-08 22:00:00+00:00,39549.0,0.0,6129.0,5335.0,794.0,22,5,8,8,1,0,37829.0,26.5,45,8.2,0.0,1,28.0,42.0,25.0,60.0,41497.0,41927.0,38505.0,45597.41666666666,5143.534057575467
2020-08-08 23:00:00+00:00,37393.0,0.0,5574.0,4602.0,972.0,23,5,8,8,1,0,35766.0,26.1,45,9.8,0.0,1,26.5,45.0,24.2,61.0,39549.0,40073.0,36714.0,45485.75,5295.530053117214
2020-08-09 00:00:00+00:00,36044.0,0.0,4898.0,4027.0,872.0,0,6,9,8,1,0,34713.0,25.2,50,8.1,0.0,0,26.1,45.0,24.4,60.0,37393.0,38602.0,35504.0,45379.16666666666,5463.191754360883
2020-08-09 01:00:00+00:00,35610.0,0.0,4659.0,3541.0,1118.0,1,6,9,8,1,0,34205.0,24.0,56,7.9,0.0,1,25.2,50.0,23.1,64.0,36044.0,37986.0,34628.0,45280.16666666666,5622.204253373917
2020-08-09 02:00:00+00:00,35589.0,0.0,4498.0,3134.0,1364.0,2,6,9,8,1,0,34120.0,23.5,60,8.1,0.0,1,24.0,56.0,22.3,67.0,35610.0,37988.0,34433.0,45180.208333333336,5776.6936983999685
2020-08-09 03:00:00+00:00,35960.0,9.0,4507.0,2999.0,1507.0,3,6,9,8,1,0,33850.0,22.9,64,8.4,0.0,1,23.5,60.0,21.5,70.0,35589.0,38329.0,34717.0,45081.5,5917.379406753223
2020-08-09 04:00:00+00:00,36085.0,702.0,4664.0,3239.0,1425.0,4,6,9,8,1,0,33664.0,22.2,69,7.4,0.0,2,22.9,64.0,20.8,73.0,35960.0,39693.0,34680.0,44931.16666666666,6103.143863164413
2020-08-09 05:00:00+00:00,38429.0,4033.0,4342.0,2976.0,1366.0,5,6,9,8,1,0,35622.0,23.6,65,8.9,0.0,2,22.2,69.0,22.5,67.0,36085.0,43308.0,36810.0,44727.875,6239.300534322509
2020-08-09 06:00:00+00:00,41904.0,9631.0,3302.0,2040.0,1262.0,6,6,9,8,1,0,39198.0,25.6,58,6.6,0.0,3,23.6,65.0,25.1,58.0,38429.0,47106.0,39683.0,44511.125,6243.449766249732
2020-08-09 07:00:00+00:00,44521.0,15709.0,2312.0,1223.0,1089.0,7,6,9,8,1,0,42771.0,28.0,49,5.6,0.0,3,25.6,58.0,27.9,49.0,41904.0,49655.0,42707.0,44297.208333333336,6146.747793179653
2020-08-09 08:00:00+00:00,46362.0,20959.0,1970.0,1072.0,898.0,8,6,9,8,1,0,45601.0,30.6,40,4.3,0.0,3,28.0,49.0,30.1,42.0,44521.0,51447.0,45493.0,44085.333333333336,5974.817273294893
2020-08-09 09:00:00+00:00,47620.0,24455.0,2242.0,1430.0,812.0,9,6,9,8,1,0,48164.0,32.5,34,4.8,0.0,3,30.6,40.0,32.2,33.0,46362.0,52609.0,46958.0,43877.458333333336,5747.846628759421
2020-08-09 10:00:00+00:00,47983.0,26588.0,2770.0,1977.0,793.0,10,6,9,8,1,0,47871.0,34.0,30,6.9,0.0,3,32.5,34.0,33.2,29.0,47620.0,52605.0,46578.0,43684.875,5515.446328364927
2020-08-09 11:00:00+00:00,47300.0,26423.0,3533.0,2645.0,889.0,11,6,9,8,1,0,46447.0,33.0,34,13.8,0.2,51,34.0,30.0,34.0,27.0,47983.0,50993.0,44901.0,43531.0,5351.779817722167
2020-08-09 12:00:00+00:00,45811.0,24984.0,4457.0,3364.0,1093.0,12,6,9,8,1,0,44771.0,35.2,24,4.6,0.1,51,33.0,34.0,34.7,26.0,47300.0,50051.0,44296.0,43354.333333333336,5194.874226761495
2020-08-09 13:00:00+00:00,45832.0,21800.0,5268.0,3879.0,1389.0,13,6,9,8,1,0,43706.0,32.2,34,20.9,0.0,3,35.2,24.0,35.2,24.0,45811.0,49189.0,43807.0,43214.458333333336,5074.747609736158
2020-08-09 14:00:00+00:00,45365.0,17528.0,6099.0,4427.0,1672.0,14,6,9,8,1,0,43825.0,32.8,29,0.5,0.0,3,32.2,34.0,35.3,24.0,45832.0,48837.0,43604.0,43069.79166666666,4955.585465161777
2020-08-09 15:00:00+00:00,46855.0,12163.0,6738.0,4874.0,1864.0,15,6,9,8,1,0,44750.0,33.2,28,11.0,0.0,3,32.8,29.0,35.5,24.0,45365.0,49548.0,44567.0,42957.583333333336,4831.457021361327
2020-08-09 16:00:00+00:00,47219.0,6475.0,7509.0,5651.0,1859.0,16,6,9,8,1,0,46421.0,33.0,28,9.0,0.0,3,33.2,28.0,35.0,24.0,46855.0,49481.0,45389.0,42863.333333333336,4719.4324609649175
2020-08-09 17:00:00+00:00,47005.0,2277.0,8546.0,6368.0,2178.0,17,6,9,8,1,0,46233.0,32.1,29,8.7,0.0,3,33.0,28.0,33.9,26.0,47219.0,48706.0,44991.0,42792.458333333336,4639.977857696483
2020-08-09 18:00:00+00:00,46164.0,324.0,9188.0,6780.0,2408.0,18,6,9,8,1,0,45086.0,30.7,35,11.7,0.0,3,32.1,29.0,31.8,32.0,47005.0,46904.0,43814.0,42761.625,4613.85331566407
2020-08-09 19:00:00+00:00,46651.0,2.0,9867.0,7260.0,2606.0,19,6,9,8,1,0,44608.0,29.1,38,10.3,0.0,3,30.7,35.0,30.0,35.0,46164.0,45693.0,43569.0,42801.54166666666,4644.359898601716
2020-08-09 20:00:00+00:00,44721.0,0.0,9531.0,6828.0,2704.0,20,6,9,8,1,0,43705.0,27.9,42,8.4,0.0,3,29.1,38.0,29.0,37.0,46651.0,44489.0,42867.0,42811.208333333336,4648.264640926502
2020-08-09 21:00:00+00:00,42245.0,0.0,8913.0,6509.0,2404.0,21,6,9,8,1,0,41102.0,26.8,46,7.4,0.0,3,27.9,42.0,28.0,42.0,44721.0,41497.0,40111.0,42842.375,4641.572595316685
2020-08-09 22:00:00+00:00,39873.0,0.0,8107.0,6105.0,2001.0,22,6,9,8,1,0,38353.0,26.2,49,9.7,0.0,3,26.8,46.0,26.5,45.0,42245.0,39549.0,37704.0,42855.875,4632.038740848927
2020-08-09 23:00:00+00:00,37712.0,0.0,7881.0,5952.0,1929.0,23,6,9,8,1,0,36430.0,25.5,51,9.5,0.0,2,26.2,49.0,26.1,45.0,39873.0,37393.0,36426.0,42869.16666666666,4616.111733506684
2020-08-10 00:00:00+00:00,37599.0,0.0,7717.0,5682.0,2034.0,0,0,10,8,0,0,35840.0,24.2,61,12.7,0.0,3,25.5,51.0,25.2,50.0,37712.0,36044.0,35700.0,42933.958333333336,4526.1857392290885
2020-08-10 01:00:00+00:00,38290.0,0.0,7339.0,5431.0,1908.0,1,0,10,8,0,0,36002.0,22.9,70,12.3,0.1,51,24.2,61.0,24.0,56.0,37599.0,35610.0,35994.0,43045.625,4367.931236641654
2020-08-10 02:00:00+00:00,39343.0,0.0,7203.0,5429.0,1773.0,2,0,10,8,0,0,37178.0,21.9,75,18.4,0.0,3,22.9,70.0,23.5,60.0,38290.0,35589.0,37181.0,43202.04166666666,4151.133543241795
2020-08-10 03:00:00+00:00,42731.0,6.0,7590.0,5706.0,1884.0,3,0,10,8,0,0,40797.0,21.5,79,10.8,0.0,3,21.9,75.0,22.9,64.0,39343.0,35960.0,40312.0,43484.16666666666,3857.225671910436
2020-08-10 04:00:00+00:00,49536.0,582.0,8052.0,6112.0,1940.0,4,0,10,8,0,0,48075.0,21.2,82,5.0,0.0,3,21.5,79.0,22.2,69.0,42731.0,36085.0,46470.0,44044.625,3709.779447474022
2020-08-10 05:00:00+00:00,55982.0,3443.0,8165.0,5969.0,2195.0,5,0,10,8,0,0,53899.0,21.4,81,9.0,0.0,3,21.2,82.0,23.6,65.0,49536.0,38429.0,51635.0,44776.0,4246.044266494636
2020-08-10 06:00:00+00:00,60569.0,8316.0,7250.0,5058.0,2192.0,6,0,10,8,0,0,57514.0,21.9,78,7.4,0.0,3,21.4,81.0,25.6,58.0,55982.0,41904.0,54826.0,45553.708333333336,5280.476975154267
2020-08-10 07:00:00+00:00,62427.0,13995.0,6125.0,3999.0,2126.0,7,0,10,8,0,0,58894.0,23.9,69,5.2,0.0,3,21.9,78.0,28.0,49.0,60569.0,44521.0,56699.0,46299.79166666666,6295.62018203446
2020-08-10 08:00:00+00:00,64022.0,19307.0,5121.0,3220.0,1901.0,8,0,10,8,0,0,60803.0,25.5,62,9.3,0.0,3,23.9,69.0,30.6,40.0,62427.0,46362.0,58715.0,47035.625,7261.210677664297
2020-08-10 09:00:00+00:00,65089.0,22660.0,4870.0,3232.0,1638.0,9,0,10,8,0,0,62345.0,27.2,55,10.4,0.0,2,25.5,62.0,32.5,34.0,64022.0,47620.0,60674.0,47763.5,8144.207752325303
2020-08-10 10:00:00+00:00,64287.0,24425.0,5050.0,3520.0,1530.0,10,0,10,8,0,0,62210.0,29.4,48,11.4,0.0,1,27.2,55.0,34.0,30.0,65089.0,47983.0,60880.0,48442.833333333336,8815.620472708286
2020-08-10 11:00:00+00:00,63397.0,24794.0,5768.0,3927.0,1841.0,11,0,10,8,0,0,61443.0,30.9,41,12.3,0.0,0,29.4,48.0,33.0,34.0,64287.0,47300.0,59563.0,49113.54166666666,9322.65454815682
2020-08-10 12:00:00+00:00,62535.0,24041.0,6223.0,3977.0,2246.0,12,0,10,8,0,0,60182.0,29.1,46,6.2,0.0,1,30.9,41.0,35.2,24.0,63397.0,45811.0,58066.0,49810.375,9683.128181274613
2020-08-10 13:00:00+00:00,61953.0,21683.0,7056.0,4427.0,2629.0,13,0,10,8,0,0,59130.0,30.3,41,6.3,0.0,1,29.1,46.0,32.2,34.0,62535.0,45832.0,57008.0,50482.083333333336,9950.60759742672
2020-08-10 14:00:00+00:00,60720.0,17767.0,8106.0,4926.0,3180.0,14,0,10,8,0,0,57741.0,30.6,38,10.9,0.0,2,30.3,41.0,32.8,29.0,61953.0,45365.0,55513.0,51121.875,10099.81058932362
2020-08-10 15:00:00+00:00,60981.0,12421.0,9606.0,6243.0,3363.0,15,0,10,8,0,0,57261.0,29.9,38,11.6,0.0,3,30.6,38.0,33.2,28.0,60720.0,46855.0,55580.0,51710.458333333336,10250.819258793228
2020-08-10 16:00:00+00:00,60373.0,6785.0,10420.0,6733.0,3687.0,16,0,10,8,0,0,57191.0,29.5,40,9.8,0.0,3,29.9,38.0,33.0,28.0,60981.0,47219.0,54853.0,52258.54166666666,10351.392970657069
2020-08-10 17:00:00+00:00,58900.0,2444.0,9897.0,6309.0,3589.0,17,0,10,8,0,0,56496.0,28.4,46,10.7,0.0,2,29.5,40.0,32.1,29.0,60373.0,47005.0,54098.0,52754.16666666666,10373.65925822683
2020-08-10 18:00:00+00:00,56284.0,309.0,11041.0,7234.0,3807.0,18,0,10,8,0,0,54495.0,27.6,50,7.4,0.0,2,28.4,46.0,30.7,35.0,58900.0,46164.0,52725.0,53175.833333333336,10299.549815685912
2020-08-10 19:00:00+00:00,55422.0,0.0,13032.0,8944.0,4088.0,19,0,10,8,0,0,52107.0,25.8,57,6.9,0.0,2,27.6,50.0,29.1,38.0,56284.0,46651.0,50950.0,53541.29166666666,10213.212003721948
2020-08-10 20:00:00+00:00,52250.0,0.0,13781.0,9126.0,4655.0,20,0,10,8,0,0,49142.0,25.4,56,10.0,0.0,1,25.8,57.0,27.9,42.0,55422.0,44721.0,47930.0,53855.0,10044.750015284835
2020-08-10 21:00:00+00:00,48413.0,0.0,13963.0,9645.0,4318.0,21,0,10,8,0,0,45602.0,24.6,57,10.9,0.0,2,25.4,56.0,26.8,46.0,52250.0,42245.0,44126.0,54112.0,9810.972459888746
2020-08-10 22:00:00+00:00,45548.0,0.0,12766.0,9199.0,3567.0,22,0,10,8,0,0,42627.0,24.1,60,12.0,0.0,0,24.6,57.0,26.2,49.0,48413.0,39873.0,41410.0,54348.458333333336,9516.850565908906
2020-08-10 23:00:00+00:00,43833.0,0.0,11970.0,8771.0,3199.0,23,0,10,8,0,0,40759.0,23.4,65,12.0,0.0,0,24.1,60.0,25.5,51.0,45548.0,37712.0,39788.0,54603.5,9125.60238869315
2020-08-11 00:00:00+00:00,43331.0,0.0,12453.0,8823.0,3631.0,0,1,11,8,0,0,39928.0,23.2,61,15.1,0.0,0,23.4,65.0,24.2,61.0,43833.0,37599.0,38993.0,54842.333333333336,8727.54131255301
2020-08-11 01:00:00+00:00,43314.0,0.0,12424.0,9107.0,3316.0,1,1,11,8,0,0,40068.0,22.0,65,12.5,0.0,0,23.2,61.0,22.9,70.0,43331.0,38290.0,38952.0,55051.66666666666,8366.029964225552
2020-08-11 02:00:00+00:00,44172.0,0.0,12027.0,9265.0,2762.0,2,1,11,8,0,0,40694.0,21.2,68,12.7,0.0,0,22.0,65.0,21.9,75.0,43314.0,39343.0,39932.0,55252.875,8022.83106982823
2020-08-11 03:00:00+00:00,47102.0,7.0,11650.0,9133.0,2518.0,3,1,11,8,0,0,43773.0,20.5,75,10.8,0.0,0,21.2,68.0,21.5,79.0,44172.0,42731.0,42886.0,55435.0,7771.9035886522515
2020-08-11 04:00:00+00:00,52627.0,619.0,11662.0,8826.0,2837.0,4,1,11,8,0,0,50373.0,20.0,80,12.0,0.0,0,20.5,75.0,21.2,82.0,47102.0,49536.0,48271.0,55563.79166666666,7695.130396833891
2020-08-11 05:00:00+00:00,57922.0,3853.0,9914.0,7327.0,2587.0,5,1,11,8,0,0,55900.0,21.0,75,14.7,0.0,0,20.0,80.0,21.4,81.0,52627.0,55982.0,52984.0,55644.625,7709.889650214191
2020-08-11 06:00:00+00:00,61637.0,9567.0,6656.0,4411.0,2245.0,6,1,11,8,0,0,58588.0,22.5,69,15.1,0.0,0,21.0,75.0,21.9,78.0,57922.0,60569.0,56594.0,55689.125,7742.560880206068
2020-08-11 07:00:00+00:00,63173.0,16325.0,5414.0,3061.0,2353.0,7,1,11,8,0,0,60135.0,24.5,61,14.8,0.0,0,22.5,69.0,23.9,69.0,61637.0,62427.0,58081.0,55720.208333333336,7772.227491015892
2020-08-11 08:00:00+00:00,65230.0,21810.0,6056.0,3588.0,2468.0,8,1,11,8,0,0,62038.0,26.5,53,15.4,0.0,0,24.5,61.0,25.5,62.0,63173.0,64022.0,60175.0,55770.54166666666,7832.00944274416
2020-08-11 09:00:00+00:00,66576.0,25739.0,7720.0,5314.0,2406.0,9,1,11,8,0,0,63478.0,28.0,47,16.2,0.0,0,26.5,53.0,27.2,55.0,65230.0,65089.0,61201.0,55832.5,7914.380653622661
2020-08-11 10:00:00+00:00,66539.0,27938.0,9821.0,7319.0,2502.0,10,1,11,8,0,0,63335.0,29.2,41,16.5,0.0,0,28.0,47.0,29.4,48.0,66576.0,64287.0,61388.0,55926.333333333336,8031.459733403222
2020-08-11 11:00:00+00:00,66107.0,28162.0,11449.0,8443.0,3006.0,11,1,11,8,0,0,62480.0,30.5,36,16.3,0.0,0,29.2,41.0,30.9,41.0,66539.0,63397.0,59900.0,56039.25,8159.094830710321
2020-08-11 12:00:00+00:00,65399.0,25786.0,12111.0,8667.0,3444.0,12,1,11,8,0,0,61031.0,31.5,28,17.2,0.0,0,30.5,36.0,29.1,46.0,66107.0,62535.0,58537.0,56158.583333333336,8278.304373306391
2020-08-11 13:00:00+00:00,63866.0,21693.0,12196.0,8683.0,3513.0,13,1,11,8,0,0,59859.0,31.3,28,16.1,0.0,1,31.5,28.0,30.3,41.0,65399.0,61953.0,56690.0,56238.29166666666,8345.459481341486
2020-08-11 14:00:00+00:00,62248.0,16621.0,12840.0,9339.0,3501.0,14,1,11,8,0,0,58710.0,31.4,27,15.6,0.0,1,31.3,28.0,30.6,38.0,63866.0,60720.0,55313.0,56301.958333333336,8386.862301186327
2020-08-11 15:00:00+00:00,61830.0,11133.0,13852.0,9979.0,3873.0,15,1,11,8,0,0,58291.0,31.0,28,16.9,0.0,1,31.4,27.0,29.9,38.0,62248.0,60981.0,55234.0,56337.333333333336,8409.216846473693
2020-08-11 16:00:00+00:00,60726.0,5794.0,15432.0,10988.0,4444.0,16,1,11,8,0,0,57902.0,30.5,29,17.9,0.0,1,31.0,28.0,29.5,40.0,61830.0,60373.0,55059.0,56352.04166666666,8416.887633381684
2020-08-11 17:00:00+00:00,59213.0,2018.0,16281.0,11306.0,4976.0,17,1,11,8,0,0,56857.0,29.5,33,18.5,0.0,1,30.5,29.0,28.4,46.0,60726.0,58900.0,54302.0,56365.083333333336,8421.248616067913
2020-08-11 18:00:00+00:00,57187.0,234.0,17653.0,12071.0,5582.0,18,1,11,8,0,0,54944.0,28.0,37,16.2,0.0,0,29.5,33.0,27.6,50.0,59213.0,56284.0,52120.0,56402.708333333336,8422.88767729203
2020-08-11 19:00:00+00:00,55893.0,0.0,19841.0,14259.0,5582.0,19,1,11,8,0,0,52915.0,26.1,42,14.5,0.0,0,28.0,37.0,25.8,57.0,57187.0,55422.0,50457.0,56422.333333333336,8421.051822492487
2020-08-11 20:00:00+00:00,53308.0,0.0,19432.0,14432.0,5000.0,20,1,11,8,0,0,49877.0,25.0,46,14.6,0.0,0,26.1,42.0,25.4,56.0,55893.0,52250.0,46879.0,56466.41666666666,8401.005850319598
2020-08-11 21:00:00+00:00,50032.0,0.0,19040.0,14040.0,5000.0,21,1,11,8,0,0,46361.0,23.8,48,13.2,0.0,0,25.0,46.0,24.6,57.0,53308.0,48413.0,43249.0,56533.875,8339.804154266722
2020-08-11 22:00:00+00:00,46978.0,0.0,18121.0,13189.0,4931.0,22,1,11,8,0,0,44802.0,22.9,49,13.2,0.0,0,23.8,48.0,24.1,60.0,50032.0,45548.0,41111.0,56593.458333333336,8262.655010605136
2020-08-11 23:00:00+00:00,44866.0,0.0,16975.0,12153.0,4822.0,23,1,11,8,0,0,42517.0,22.1,51,12.5,0.0,0,22.9,49.0,23.4,65.0,46978.0,43833.0,39979.0,56636.5,8195.712771082806
2020-08-12 00:00:00+00:00,43623.0,0.0,16403.0,11798.0,4605.0,0,2,12,8,0,0,41476.0,22.0,54,14.3,0.0,0,22.1,51.0,23.2,61.0,44866.0,43331.0,39063.0,56648.66666666666,8175.293052408366
2020-08-12 01:00:00+00:00,43510.0,0.0,15497.0,11151.0,4346.0,1,2,12,8,0,0,41428.0,21.4,53,14.9,0.0,0,22.0,54.0,22.0,65.0,43623.0,43314.0,39305.0,56656.833333333336,8161.479526285286
2020-08-12 02:00:00+00:00,44244.0,0.0,14727.0,10418.0,4309.0,2,2,12,8,0,0,42258.0,20.4,53,15.2,0.0,0,21.4,53.0,21.2,68.0,43510.0,44172.0,40643.0,56659.833333333336,8156.702651496524
2020-08-12 03:00:00+00:00,47138.0,7.0,14194.0,9807.0,4387.0,3,2,12,8,0,0,45175.0,19.5,57,15.1,0.0,0,20.4,53.0,20.5,75.0,44244.0,47102.0,43449.0,56661.333333333336,8154.871671033051
2020-08-12 04:00:00+00:00,52307.0,626.0,13463.0,9393.0,4071.0,4,2,12,8,0,0,51795.0,18.8,63,14.8,0.0,0,19.5,57.0,20.0,80.0,47138.0,52627.0,48320.0,56648.0,8162.013130829242
2020-08-12 05:00:00+00:00,57588.0,3911.0,11316.0,7383.0,3933.0,5,2,12,8,0,0,57757.0,19.5,62,14.5,0.0,0,18.8,63.0,21.0,75.0,52307.0,57922.0,53065.0,56634.083333333336,8160.030951117235
2020-08-12 06:00:00+00:00,61120.0,9972.0,8294.0,4887.0,3407.0,6,2,12,8,0,0,61761.0,21.0,56,14.4,0.0,0,19.5,62.0,22.5,69.0,57588.0,61637.0,56768.0,56612.54166666666,8146.92140829736
2020-08-12 07:00:00+00:00,62861.0,16842.0,6224.0,3412.0,2812.0,7,2,12,8,0,0,62824.0,23.0,49,12.8,0.0,0,21.0,56.0,24.5,61.0,61120.0,63173.0,58282.0,56599.54166666666,8136.239693250028
2020-08-12 08:00:00+00:00,64524.0,22575.0,6158.0,3745.0,2413.0,8,2,12,8,0,0,64328.0,25.1,44,11.4,0.0,0,23.0,49.0,26.5,53.0,62861.0,65230.0,59973.0,56570.125,8104.895398367646
2020-08-12 09:00:00+00:00,65919.0,26450.0,7520.0,5279.0,2240.0,9,2,12,8,0,0,65193.0,27.2,39,12.3,0.0,0,25.1,44.0,28.0,47.0,64524.0,66576.0,61945.0,56542.75,8070.667556302302
2020-08-12 10:00:00+00:00,66198.0,28598.0,8593.0,6300.0,2292.0,10,2,12,8,0,0,64534.0,28.6,35,14.4,0.0,0,27.2,39.0,29.2,41.0,65919.0,66539.0,62007.0,56528.54166666666,8052.584014000658
2020-08-12 11:00:00+00:00,65113.0,28652.0,9237.0,6756.0,2481.0,11,2,12,8,0,0,63953.0,29.5,31,14.8,0.0,0,28.6,35.0,30.5,36.0,66198.0,66107.0,60234.0,56487.125,8003.58454103144
2020-08-12 12:00:00+00:00,63815.0,26872.0,9736.0,6660.0,3076.0,12,2,12,8,0,0,62588.0,29.9,26,13.8,0.0,1,29.5,31.0,31.5,28.0,65113.0,65399.0,59305.0,56421.125,7933.120167525126
2020-08-12 13:00:00+00:00,62860.0,22494.0,9735.0,6023.0,3712.0,13,2,12,8,0,0,61378.0,30.4,24,13.0,0.0,0,29.9,26.0,31.3,28.0,63815.0,63866.0,57695.0,56379.208333333336,7894.637359731554
2020-08-12 14:00:00+00:00,61974.0,17659.0,10202.0,6347.0,3855.0,14,2,12,8,0,0,60015.0,30.6,22,12.9,0.0,0,30.4,24.0,31.4,27.0,62860.0,62248.0,56450.0,56367.79166666666,7885.974693578223
2020-08-12 15:00:00+00:00,60814.0,11869.0,11366.0,7145.0,4221.0,15,2,12,8,0,0,59807.0,30.5,22,12.0,0.0,0,30.6,22.0,31.0,28.0,61974.0,61830.0,56119.0,56325.458333333336,7858.055313023618
2020-08-12 16:00:00+00:00,59677.0,6171.0,13014.0,8382.0,4632.0,16,2,12,8,0,0,59738.0,30.2,23,12.8,0.0,3,30.5,22.0,30.5,29.0,60814.0,60726.0,55160.0,56281.75,7835.398995140318
2020-08-12 17:00:00+00:00,58548.0,2196.0,14286.0,9123.0,5163.0,17,2,12,8,0,0,58584.0,29.5,24,13.0,0.0,3,30.2,23.0,29.5,33.0,59677.0,59213.0,54730.0,56254.04166666666,7825.752407105737
2020-08-12 18:00:00+00:00,56605.0,261.0,15271.0,9872.0,5399.0,18,2,12,8,0,0,56209.0,27.2,31,11.2,0.0,1,29.5,24.0,28.0,37.0,58548.0,57187.0,53148.0,56229.79166666666,7823.637161383021
2020-08-12 19:00:00+00:00,54927.0,0.0,17088.0,12006.0,5082.0,19,2,12,8,0,0,54599.0,25.1,35,13.8,0.0,1,27.2,31.0,26.1,42.0,56605.0,55893.0,51207.0,56189.54166666666,7827.928872503463
2020-08-12 20:00:00+00:00,51560.0,0.0,16910.0,11980.0,4930.0,20,2,12,8,0,0,51679.0,24.2,36,14.3,0.0,0,25.1,35.0,25.0,46.0,54927.0,53308.0,48643.0,56116.708333333336,7863.95431274707
2020-08-12 21:00:00+00:00,48485.0,0.0,15968.0,11061.0,4907.0,21,2,12,8,0,0,47707.0,23.3,37,13.6,0.0,2,24.2,36.0,23.8,48.0,51560.0,50032.0,44340.0,56052.25,7922.12219179566
2020-08-12 22:00:00+00:00,46002.0,0.0,14829.0,9989.0,4840.0,22,2,12,8,0,0,45219.0,22.4,39,11.6,0.0,2,23.3,37.0,22.9,49.0,48485.0,46978.0,41740.0,56011.583333333336,7973.069568276813
2020-08-12 23:00:00+00:00,44369.0,0.0,14290.0,9559.0,4731.0,23,2,12,8,0,0,43047.0,21.5,43,10.0,0.0,1,22.4,39.0,22.1,51.0,46002.0,44866.0,40328.0,55990.875,8003.862406268635
2020-08-13 00:00:00+00:00,43362.0,0.0,14048.0,9493.0,4555.0,0,3,13,8,0,0,42075.0,20.8,46,10.2,0.0,0,21.5,43.0,22.0,54.0,44369.0,43623.0,38804.0,55980.0,8021.55525958718
2020-08-13 01:00:00+00:00,43130.0,0.0,13417.0,8950.0,4467.0,1,3,13,8,0,0,42010.0,20.0,49,9.4,0.0,1,20.8,46.0,21.4,53.0,43362.0,43510.0,39064.0,55964.16666666666,8047.572157066406
2020-08-13 02:00:00+00:00,43843.0,0.0,12236.0,8122.0,4114.0,2,3,13,8,0,0,42764.0,19.8,50,10.5,0.0,0,20.0,49.0,20.4,53.0,43130.0,44244.0,39373.0,55947.458333333336,8073.338515186832
2020-08-13 03:00:00+00:00,46336.0,6.0,10805.0,7177.0,3628.0,3,3,13,8,0,0,45606.0,19.5,51,11.2,0.0,0,19.8,50.0,19.5,57.0,43843.0,47138.0,42488.0,55914.04166666666,8112.950074494101
2020-08-13 04:00:00+00:00,51857.0,605.0,9825.0,6562.0,3263.0,4,3,13,8,0,0,51820.0,19.2,53,9.0,0.0,0,19.5,51.0,18.8,63.0,46336.0,52307.0,48037.0,55895.29166666666,8122.163598446506
2020-08-13 05:00:00+00:00,57375.0,3272.0,7928.0,5150.0,2778.0,5,3,13,8,0,0,57605.0,20.5,51,9.0,0.0,0,19.2,53.0,19.5,62.0,51857.0,57588.0,53269.0,55886.41666666666,8120.349745716348
2020-08-13 06:00:00+00:00,61386.0,7494.0,5500.0,3196.0,2304.0,6,3,13,8,0,0,61499.0,22.3,46,10.9,0.0,0,20.5,51.0,21.0,56.0,57375.0,61120.0,56939.0,55897.5,8127.981497111891
2020-08-13 07:00:00+00:00,63243.0,11903.0,4399.0,2392.0,2008.0,7,3,13,8,0,0,62572.0,24.4,41,11.0,0.0,1,22.3,46.0,23.0,49.0,61386.0,62861.0,58923.0,55913.41666666666,8142.571626237485
2020-08-13 08:00:00+00:00,64859.0,15528.0,4551.0,2622.0,1929.0,8,3,13,8,0,0,63969.0,26.6,38,12.3,0.0,0,24.4,41.0,25.1,44.0,63243.0,64524.0,60679.0,55927.375,8158.246059436204
2020-08-13 09:00:00+00:00,66403.0,17276.0,5127.0,3182.0,1945.0,9,3,13,8,0,0,65017.0,28.8,35,13.9,0.0,0,26.6,38.0,27.2,39.0,64859.0,65919.0,62375.0,55947.54166666666,8184.5743029145715
2020-08-13 10:00:00+00:00,66212.0,17930.0,5725.0,3852.0,1873.0,10,3,13,8,0,0,64525.0,30.0,34,15.5,0.0,1,28.8,35.0,28.6,35.0,66403.0,66198.0,62205.0,55948.125,8185.337103958321
2020-08-13 11:00:00+00:00,64556.0,17591.0,6307.0,4253.0,2054.0,11,3,13,8,0,0,63824.0,31.0,33,13.7,0.0,0,30.0,34.0,29.5,31.0,66212.0,65113.0,61387.0,55924.91666666666,8158.968796290532
2020-08-13 12:00:00+00:00,63375.0,16536.0,7253.0,4702.0,2550.0,12,3,13,8,0,0,62600.0,31.6,27,10.2,0.0,1,31.0,33.0,29.9,26.0,64556.0,63815.0,60136.0,55906.583333333336,8140.94325224257
2020-08-13 13:00:00+00:00,62369.0,14266.0,7957.0,5121.0,2835.0,13,3,13,8,0,0,61398.0,31.0,30,6.1,0.0,2,31.6,27.0,30.4,24.0,63375.0,62860.0,59158.0,55886.125,8123.307295583504
2020-08-13 14:00:00+00:00,61411.0,11438.0,8538.0,5435.0,3104.0,14,3,13,8,0,0,60068.0,30.9,31,3.3,0.0,1,31.0,30.0,30.6,22.0,62369.0,61974.0,57878.0,55862.66666666666,8105.756428326984
2020-08-13 15:00:00+00:00,61134.0,8148.0,8654.0,5672.0,2981.0,15,3,13,8,0,0,59794.0,31.0,31,3.6,0.0,1,30.9,31.0,30.5,22.0,61411.0,60814.0,57888.0,55876.0,8114.513551280505
2020-08-13 16:00:00+00:00,60522.0,4717.0,9091.0,5849.0,3241.0,16,3,13,8,0,0,59774.0,30.3,32,7.7,0.0,2,31.0,31.0,30.2,23.0,61134.0,59677.0,57128.0,55911.208333333336,8133.533800578128
2020-08-13 17:00:00+00:00,58694.0,1845.0,9022.0,5574.0,3448.0,17,3,13,8,0,0,58744.0,29.6,31,9.9,0.0,3,30.3,32.0,29.5,24.0,60522.0,58548.0,55894.0,55917.29166666666,8135.64601255909
2020-08-13 18:00:00+00:00,56025.0,198.0,9174.0,5661.0,3514.0,18,3,13,8,0,0,56601.0,28.3,33,7.7,0.0,3,29.6,31.0,27.2,31.0,58694.0,56605.0,53926.0,55893.125,8134.375715938218
2020-08-13 19:00:00+00:00,55269.0,0.0,9763.0,6155.0,3608.0,19,3,13,8,0,0,54463.0,26.5,35,8.2,0.0,2,28.3,33.0,25.1,35.0,56025.0,54927.0,52712.0,55907.375,8132.909077977824
2020-08-13 20:00:00+00:00,51580.0,0.0,9494.0,5749.0,3745.0,20,3,13,8,0,0,51420.0,25.9,34,15.0,0.0,2,26.5,35.0,24.2,36.0,55269.0,51560.0,49982.0,55908.208333333336,8132.445270959213
2020-08-13 21:00:00+00:00,47996.0,0.0,8851.0,5099.0,3752.0,21,3,13,8,0,0,48012.0,24.8,37,11.7,0.1,51,25.9,34.0,23.3,37.0,51580.0,48485.0,45624.0,55887.833333333336,8152.439953069738
2020-08-13 22:00:00+00:00,45811.0,0.0,7931.0,4457.0,3474.0,22,3,13,8,0,0,45038.0,24.8,37,12.1,0.0,3,24.8,37.0,22.4,39.0,47996.0,46002.0,42615.0,55879.875,8162.596892360655
2020-08-13 23:00:00+00:00,43831.0,0.0,6700.0,3798.0,2902.0,23,3,13,8,0,0,42595.0,24.0,40,7.0,0.2,51,24.8,37.0,21.5,43.0,45811.0,44369.0,40705.0,55857.458333333336,8196.25261657497
2020-08-14 00:00:00+00:00,42942.0,0.0,6068.0,3575.0,2493.0,0,4,14,8,0,0,41616.0,22.6,70,8.8,0.0,3,24.0,40.0,20.8,46.0,43831.0,43362.0,40152.0,55839.958333333336,8224.491645340593
2020-08-14 01:00:00+00:00,42897.0,0.0,5333.0,3369.0,1964.0,1,4,14,8,0,0,41578.0,22.0,72,8.7,0.0,3,22.6,70.0,20.0,49.0,42942.0,43130.0,39858.0,55830.25,8240.269393285325
2020-08-14 02:00:00+00:00,43550.0,0.0,5094.0,3479.0,1615.0,2,4,14,8,0,0,42449.0,22.1,65,14.1,0.0,3,22.0,72.0,19.8,50.0,42897.0,43843.0,40554.0,55818.04166666666,8258.996972889036
2020-08-14 03:00:00+00:00,46206.0,3.0,5231.0,3724.0,1507.0,3,4,14,8,0,0,45304.0,21.8,63,14.3,0.0,3,22.1,65.0,19.5,51.0,43550.0,46336.0,43416.0,55812.625,8265.52620599308
2020-08-14 04:00:00+00:00,51856.0,406.0,5202.0,3775.0,1427.0,4,4,14,8,0,0,51668.0,21.6,64,16.7,0.0,3,21.8,63.0,19.2,53.0,46206.0,51857.0,48160.0,55812.583333333336,8265.547015837265
2020-08-14 05:00:00+00:00,56325.0,2067.0,4036.0,2866.0,1170.0,5,4,14,8,0,0,56995.0,21.6,63,15.0,0.0,3,21.6,64.0,20.5,51.0,51856.0,57375.0,53574.0,55768.833333333336,8259.694276196526
2020-08-14 06:00:00+00:00,59260.0,5112.0,3220.0,2281.0,939.0,6,4,14,8,0,0,60688.0,23.5,58,13.5,0.0,2,21.6,63.0,22.3,46.0,56325.0,61386.0,58377.0,55680.25,8208.071304726824
2020-08-14 07:00:00+00:00,61039.0,8913.0,2470.0,1823.0,647.0,7,4,14,8,0,0,62259.0,25.3,51,14.2,0.0,3,23.5,58.0,24.4,41.0,59260.0,63243.0,60287.0,55588.41666666666,8131.753668913342
2020-08-14 08:00:00+00:00,63102.0,12422.0,2030.0,1604.0,426.0,8,4,14,8,0,0,63548.0,26.4,46,12.3,0.0,3,25.3,51.0,26.6,38.0,61039.0,64859.0,61603.0,55515.208333333336,8052.183608671319
2020-08-14 09:00:00+00:00,64290.0,15029.0,1829.0,1397.0,432.0,9,4,14,8,0,0,64922.0,27.6,42,15.5,0.0,3,26.4,46.0,28.8,35.0,63102.0,66403.0,62681.0,55427.16666666666,7938.713972441205
2020-08-14 10:00:00+00:00,63337.0,16963.0,1880.0,1390.0,490.0,10,4,14,8,0,0,64349.0,28.0,41,16.8,0.0,3,27.6,42.0,30.0,34.0,64290.0,66212.0,62285.0,55307.375,7789.183028056692
2020-08-14 11:00:00+00:00,61737.0,18189.0,2126.0,1671.0,455.0,11,4,14,8,0,0,62917.0,28.2,41,15.8,0.0,3,28.0,41.0,31.0,33.0,63337.0,64556.0,60768.0,55189.91666666666,7663.90030068513
2020-08-14 12:00:00+00:00,60222.0,18036.0,2198.0,1927.0,271.0,12,4,14,8,0,0,61247.0,26.9,46,17.1,0.0,3,28.2,41.0,31.6,27.0,61737.0,63375.0,59094.0,55058.54166666666,7543.570564908537
2020-08-14 13:00:00+00:00,59268.0,16237.0,2454.0,2234.0,220.0,13,4,14,8,0,0,59926.0,25.1,54,17.7,0.0,3,26.9,46.0,31.0,30.0,60222.0,62369.0,58058.0,54929.333333333336,7438.739874974587
2020-08-14 14:00:00+00:00,58793.0,12943.0,2775.0,2535.0,240.0,14,4,14,8,0,0,58932.0,24.1,58,14.2,0.0,3,25.1,54.0,30.9,31.0,59268.0,61411.0,56821.0,54820.25,7358.319481169398
2020-08-14 15:00:00+00:00,58412.0,8918.0,2918.0,2427.0,492.0,15,4,14,8,0,0,58310.0,25.1,54,11.6,0.0,3,24.1,58.0,31.0,31.0,58793.0,61134.0,56701.0,54706.833333333336,7277.303661364598
2020-08-14 16:00:00+00:00,57271.0,5086.0,3183.0,2352.0,831.0,16,4,14,8,0,0,57994.0,25.4,52,11.7,0.0,2,25.1,54.0,30.3,32.0,58412.0,60522.0,56016.0,54571.375,7194.136590866463
2020-08-14 17:00:00+00:00,55974.0,1838.0,3053.0,1983.0,1070.0,17,4,14,8,0,0,56683.0,24.8,55,8.8,0.0,3,25.4,52.0,29.6,31.0,57271.0,58694.0,54153.0,54458.04166666666,7147.641395588314
2020-08-14 18:00:00+00:00,53312.0,196.0,2766.0,1470.0,1296.0,18,4,14,8,0,0,54227.0,24.0,59,4.6,0.0,3,24.8,55.0,28.3,33.0,55974.0,56025.0,51915.0,54345.0,7143.234117133072
2020-08-14 19:00:00+00:00,51791.0,0.0,2957.0,1430.0,1527.0,19,4,14,8,0,0,52463.0,22.2,68,5.7,0.0,3,24.0,59.0,26.5,35.0,53312.0,55269.0,50514.0,54200.083333333336,7158.935960022965
2020-08-14 20:00:00+00:00,48636.0,0.0,3226.0,1465.0,1761.0,20,4,14,8,0,0,49439.0,21.8,70,5.7,0.0,3,22.2,68.0,25.9,34.0,51791.0,51580.0,47771.0,54077.41666666666,7230.645619839889
2020-08-14 21:00:00+00:00,45272.0,0.0,3289.0,1451.0,1839.0,21,4,14,8,0,0,46180.0,21.2,72,6.0,0.0,3,21.8,70.0,24.8,37.0,48636.0,47996.0,44388.0,53963.91666666666,7350.640285134947
2020-08-14 22:00:00+00:00,42335.0,0.0,3011.0,1439.0,1572.0,22,4,14,8,0,0,42531.0,21.2,72,4.0,0.0,3,21.2,72.0,24.8,37.0,45272.0,45811.0,41927.0,53819.083333333336,7549.8119810545395
2020-08-14 23:00:00+00:00,40486.0,0.0,2683.0,1400.0,1283.0,23,4,14,8,0,0,40317.0,20.0,77,4.6,0.0,3,21.2,72.0,24.0,40.0,42335.0,43831.0,40073.0,53679.708333333336,7769.88415491481
2020-08-15 00:00:00+00:00,39016.0,0.0,2375.0,1297.0,1078.0,0,5,15,8,1,0,38970.0,20.8,68,6.1,0.0,3,20.0,77.0,22.6,70.0,40486.0,42942.0,38602.0,53516.125,8042.331017875718
2020-08-15 01:00:00+00:00,38763.0,0.0,2006.0,1113.0,893.0,1,5,15,8,1,0,38353.0,20.0,72,3.9,0.0,3,20.8,68.0,22.0,72.0,39016.0,42897.0,37986.0,53343.875,8319.165480265567
2020-08-15 02:00:00+00:00,38641.0,0.0,1937.0,867.0,1070.0,2,5,15,8,1,0,38263.0,19.2,77,5.1,0.0,3,20.0,72.0,22.1,65.0,38763.0,43550.0,37988.0,53139.333333333336,8625.156027154066
2020-08-15 03:00:00+00:00,39359.0,2.0,2078.0,771.0,1307.0,3,5,15,8,1,0,38580.0,19.2,76,4.7,0.0,2,19.2,77.0,21.8,63.0,38641.0,46206.0,38329.0,52854.04166666666,8970.772258352677
2020-08-15 04:00:00+00:00,40146.0,373.0,2341.0,837.0,1504.0,4,5,15,8,1,0,39506.0,19.4,76,4.0,0.0,1,19.2,76.0,21.6,64.0,39359.0,51856.0,39693.0,52366.125,9338.336353615585
2020-08-15 05:00:00+00:00,42505.0,2417.0,2335.0,882.0,1454.0,5,5,15,8,1,0,42836.0,20.0,74,3.2,0.0,1,19.4,76.0,21.6,63.0,40146.0,56325.0,43308.0,51790.29166666666,9508.154790490336
2020-08-15 06:00:00+00:00,45947.0,6031.0,1825.0,519.0,1306.0,6,5,15,8,1,0,47424.0,22.0,66,3.3,0.0,1,20.0,74.0,23.5,58.0,42505.0,59260.0,47106.0,51235.583333333336,9441.53141556022
2020-08-15 07:00:00+00:00,48699.0,10444.0,1452.0,219.0,1234.0,7,5,15,8,1,0,50534.0,24.0,55,1.8,0.0,1,22.0,66.0,25.3,51.0,45947.0,61039.0,49655.0,50721.41666666666,9217.800161580635
2020-08-15 08:00:00+00:00,50355.0,15222.0,1425.0,233.0,1192.0,8,5,15,8,1,0,52508.0,25.7,48,0.5,0.0,1,24.0,55.0,26.4,46.0,48699.0,63102.0,51447.0,50190.29166666666,8832.611221953743
2020-08-15 09:00:00+00:00,51986.0,18906.0,1405.0,417.0,988.0,9,5,15,8,1,0,53979.0,27.0,43,1.1,0.0,1,25.7,48.0,27.6,42.0,50355.0,64290.0,52609.0,49677.625,8320.901982944923
2020-08-15 10:00:00+00:00,51867.0,20718.0,1531.0,654.0,877.0,10,5,15,8,1,0,53060.0,28.0,39,3.4,0.0,1,27.0,43.0,28.0,41.0,51986.0,63337.0,52605.0,49199.708333333336,7816.35286617849
2020-08-15 11:00:00+00:00,50879.0,20974.0,1602.0,794.0,808.0,11,5,15,8,1,0,51167.0,28.5,38,3.7,0.0,1,28.0,39.0,28.2,41.0,51867.0,61737.0,50993.0,48747.29166666666,7360.049494629688
2020-08-15 12:00:00+00:00,49344.0,19445.0,1699.0,880.0,820.0,12,5,15,8,1,0,49514.0,29.5,33,10.9,0.0,1,28.5,38.0,26.9,46.0,50879.0,60222.0,50051.0,48294.04166666666,6945.984867590013
2020-08-15 13:00:00+00:00,48489.0,17139.0,2029.0,1125.0,904.0,13,5,15,8,1,0,48987.0,29.8,33,12.4,0.0,1,29.5,33.0,25.1,54.0,49344.0,59268.0,49189.0,47844.91666666666,6542.314979966435
2020-08-15 14:00:00+00:00,47742.0,14033.0,2500.0,1523.0,978.0,14,5,15,8,1,0,49041.0,30.0,31,11.4,0.0,1,29.8,33.0,24.1,58.0,48489.0,58793.0,48837.0,47384.458333333336,6113.082549667487
2020-08-15 15:00:00+00:00,48201.0,9730.0,3094.0,1923.0,1171.0,15,5,15,8,1,0,49398.0,29.9,30,8.2,0.0,1,30.0,31.0,25.1,54.0,47742.0,58412.0,49548.0,46959.0,5650.011966127322
2020-08-15 16:00:00+00:00,48227.0,5484.0,3424.0,2136.0,1289.0,16,5,15,8,1,0,49677.0,29.9,29,9.0,0.0,1,29.9,30.0,25.4,52.0,48201.0,57271.0,49481.0,46582.16666666666,5217.374857702602
2020-08-15 17:00:00+00:00,47462.0,2009.0,3622.0,2235.0,1387.0,17,5,15,8,1,0,48663.0,29.0,32,15.8,0.0,1,29.9,29.0,24.8,55.0,48227.0,55974.0,48706.0,46227.5,4825.798694876109
2020-08-15 18:00:00+00:00,45981.0,202.0,3760.0,2408.0,1353.0,18,5,15,8,1,0,46801.0,27.0,40,19.1,0.0,1,29.0,32.0,24.0,59.0,47462.0,53312.0,46904.0,45922.04166666666,4583.823005527569
2020-08-15 19:00:00+00:00,45044.0,0.0,3984.0,2787.0,1197.0,19,5,15,8,1,0,45211.0,25.5,45,13.3,0.0,1,27.0,40.0,22.2,68.0,45981.0,51791.0,45693.0,45640.91666666666,4411.903374287215
2020-08-15 20:00:00+00:00,43216.0,0.0,4566.0,3287.0,1279.0,20,5,15,8,1,0,43665.0,24.4,49,10.8,0.0,0,25.5,45.0,21.8,70.0,45044.0,48636.0,44489.0,45415.083333333336,4390.593610619393
2020-08-15 21:00:00+00:00,40855.0,0.0,4580.0,3261.0,1319.0,21,5,15,8,1,0,41002.0,23.0,58,8.7,0.0,0,24.4,49.0,21.2,72.0,43216.0,45272.0,41497.0,45231.04166666666,4488.338304685517
2020-08-15 22:00:00+00:00,38611.0,0.0,4306.0,3009.0,1297.0,22,5,15,8,1,0,37688.0,21.9,66,7.3,0.0,0,23.0,58.0,21.2,72.0,40855.0,42335.0,39549.0,45075.875,4654.120243886425
2020-08-15 23:00:00+00:00,37322.0,0.0,4232.0,3034.0,1197.0,23,5,15,8,1,0,35665.0,21.1,71,7.2,0.0,0,21.9,66.0,20.0,77.0,38611.0,40486.0,37393.0,44944.04166666666,4831.2286445135005
2020-08-16 00:00:00+00:00,36285.0,0.0,3938.0,2904.0,1034.0,0,6,16,8,1,0,34421.0,20.8,80,7.9,0.0,0,21.1,71.0,20.8,68.0,37322.0,39016.0,36044.0,44830.25,5005.928114006092
2020-08-16 01:00:00+00:00,35724.0,0.0,3603.0,2776.0,827.0,1,6,16,8,1,0,33792.0,20.0,83,7.7,0.0,0,20.8,80.0,20.0,72.0,36285.0,38763.0,35610.0,44703.625,5200.717875300101
2020-08-16 02:00:00+00:00,35413.0,0.0,3510.0,2834.0,676.0,2,6,16,8,1,0,33584.0,19.6,82,7.6,0.0,0,20.0,83.0,19.2,77.0,35724.0,38641.0,35589.0,44569.125,5402.164834279558
2020-08-16 03:00:00+00:00,36111.0,3.0,3782.0,3175.0,607.0,3,6,16,8,1,0,33645.0,19.4,80,9.7,0.0,0,19.6,82.0,19.2,76.0,35413.0,39359.0,35960.0,44433.79166666666,5576.241394087268
2020-08-16 04:00:00+00:00,36115.0,478.0,4193.0,3720.0,472.0,4,6,16,8,1,0,33783.0,19.2,79,11.4,0.0,0,19.4,80.0,19.4,76.0,36111.0,40146.0,36085.0,44265.833333333336,5768.4029261857
2020-08-16 05:00:00+00:00,37971.0,3356.0,3989.0,3664.0,325.0,5,6,16,8,1,0,35933.0,20.2,74,12.9,0.0,0,19.2,79.0,20.0,74.0,36115.0,42505.0,38429.0,44076.91666666666,5901.292076033314
2020-08-16 06:00:00+00:00,40986.0,8759.0,2641.0,2389.0,251.0,6,6,16,8,1,0,39497.0,22.2,65,12.4,0.0,0,20.2,74.0,22.0,66.0,37971.0,45947.0,41904.0,43870.208333333336,5919.796493116481
2020-08-16 07:00:00+00:00,43382.0,15440.0,1596.0,1418.0,178.0,7,6,16,8,1,0,42843.0,24.1,57,13.2,0.0,0,22.2,65.0,24.0,55.0,40986.0,48699.0,44521.0,43648.66666666666,5830.038270189178
2020-08-16 08:00:00+00:00,45632.0,21572.0,2533.0,2372.0,161.0,8,6,16,8,1,0,45294.0,26.3,46,13.0,0.0,0,24.1,57.0,25.7,48.0,43382.0,50355.0,46362.0,43451.875,5671.378256782725
2020-08-16 09:00:00+00:00,48132.0,26078.0,4003.0,3856.0,147.0,9,6,16,8,1,0,47774.0,28.0,33,17.7,0.0,1,26.3,46.0,27.0,43.0,45632.0,51986.0,47620.0,43291.29166666666,5470.226181469573
2020-08-16 10:00:00+00:00,48615.0,28129.0,4826.0,4694.0,132.0,10,6,16,8,1,0,47250.0,29.0,28,18.9,0.0,1,28.0,33.0,28.0,39.0,48132.0,51867.0,47983.0,43155.79166666666,5285.731671445493
2020-08-16 11:00:00+00:00,47411.0,27869.0,5054.0,4892.0,163.0,11,6,16,8,1,0,45692.0,29.6,25,18.6,0.0,0,29.0,28.0,28.5,38.0,48615.0,50879.0,47300.0,43011.29166666666,5109.895723253242
2020-08-16 12:00:00+00:00,46093.0,26332.0,5185.0,4874.0,312.0,12,6,16,8,1,0,44524.0,30.1,24,17.7,0.0,0,29.6,25.0,29.5,33.0,47411.0,49344.0,45811.0,42875.833333333336,4976.060714246705
2020-08-16 13:00:00+00:00,45534.0,23038.0,5220.0,4772.0,448.0,13,6,16,8,1,0,43965.0,30.5,22,17.1,0.0,0,30.1,24.0,29.8,33.0,46093.0,48489.0,45832.0,42752.708333333336,4866.484852977616
2020-08-16 14:00:00+00:00,45042.0,18268.0,5570.0,5047.0,523.0,14,6,16,8,1,0,44026.0,30.4,21,15.7,0.0,0,30.5,22.0,30.0,31.0,45534.0,47742.0,45365.0,42640.208333333336,4776.507710787972
2020-08-16 15:00:00+00:00,46762.0,12225.0,6173.0,5466.0,707.0,15,6,16,8,1,0,44935.0,30.2,21,15.5,0.0,0,30.4,21.0,29.9,30.0,45042.0,48201.0,46855.0,42580.25,4712.269270096737
2020-08-16 16:00:00+00:00,47437.0,6265.0,6605.0,5542.0,1063.0,16,6,16,8,1,0,46129.0,29.8,21,15.5,0.0,0,30.2,21.0,29.9,29.0,46762.0,48227.0,47219.0,42547.333333333336,4673.711444521539
2020-08-16 17:00:00+00:00,47410.0,1958.0,7031.0,5570.0,1461.0,17,6,16,8,1,0,45967.0,28.9,21,15.0,0.0,0,29.8,21.0,29.0,32.0,47437.0,47462.0,47005.0,42545.16666666666,4671.345469213187
2020-08-16 18:00:00+00:00,46097.0,173.0,8439.0,6347.0,2093.0,18,6,16,8,1,0,44823.0,26.7,25,10.4,0.0,0,28.9,21.0,27.0,40.0,47410.0,45981.0,46164.0,42550.0,4675.113502456868
2020-08-16 19:00:00+00:00,46012.0,0.0,10694.0,8055.0,2639.0,19,6,16,8,1,0,44561.0,24.5,30,10.4,0.0,0,26.7,25.0,25.5,45.0,46097.0,45044.0,46651.0,42590.333333333336,4701.665520499269
2020-08-16 20:00:00+00:00,44475.0,0.0,12310.0,9118.0,3192.0,20,6,16,8,1,0,43058.0,23.5,35,10.7,0.0,0,24.5,30.0,24.4,49.0,46012.0,43216.0,44721.0,42642.79166666666,4715.951718038378
2020-08-16 21:00:00+00:00,41984.0,0.0,12420.0,9201.0,3219.0,21,6,16,8,1,0,40304.0,22.4,39,10.1,0.0,1,23.5,35.0,23.0,58.0,44475.0,40855.0,42245.0,42689.833333333336,4702.956107057844
2020-08-16 22:00:00+00:00,40508.0,0.0,12215.0,9406.0,2809.0,22,6,16,8,1,0,37921.0,21.5,43,12.3,0.0,0,22.4,39.0,21.9,66.0,41984.0,38611.0,39873.0,42768.875,4647.032174104151
2020-08-16 23:00:00+00:00,38671.0,0.0,11055.0,9039.0,2017.0,23,6,16,8,1,0,36245.0,20.7,47,9.7,0.0,0,21.5,43.0,21.1,71.0,40508.0,37322.0,37712.0,42825.083333333336,4586.043060118458
2020-08-17 00:00:00+00:00,37544.0,0.0,9200.0,8034.0,1166.0,0,0,17,8,0,0,35583.0,21.1,52,11.7,0.0,0,20.7,47.0,20.8,80.0,38671.0,36285.0,37599.0,42877.54166666666,4514.625016726422
2020-08-17 01:00:00+00:00,37485.0,0.0,7747.0,6959.0,788.0,1,0,17,8,0,0,35846.0,20.0,58,9.9,0.0,0,21.1,52.0,20.0,83.0,37544.0,35724.0,38290.0,42950.91666666666,4406.316769252973
2020-08-17 02:00:00+00:00,39394.0,0.0,7028.0,6262.0,766.0,2,0,17,8,0,0,36819.0,19.4,61,10.1,0.0,0,20.0,58.0,19.6,82.0,37485.0,35413.0,39343.0,43116.79166666666,4179.299670675044
2020-08-17 03:00:00+00:00,43121.0,2.0,6283.0,5489.0,794.0,3,0,17,8,0,0,40613.0,19.2,60,10.5,0.0,0,19.4,61.0,19.4,80.0,39394.0,36111.0,42731.0,43408.875,3904.300575478496
2020-08-17 04:00:00+00:00,49941.0,443.0,5531.0,4900.0,631.0,4,0,17,8,0,0,48282.0,18.8,61,9.2,0.0,0,19.2,60.0,19.2,79.0,43121.0,36115.0,49536.0,43984.958333333336,3799.914558295902
2020-08-17 05:00:00+00:00,55861.0,2833.0,4874.0,4127.0,747.0,5,0,17,8,0,0,54969.0,19.9,59,11.2,0.0,0,18.8,61.0,20.2,74.0,49941.0,37971.0,55982.0,44730.375,4291.762745299921
2020-08-17 06:00:00+00:00,59448.0,6800.0,3057.0,2516.0,541.0,6,0,17,8,0,0,59217.0,22.0,53,12.8,0.0,0,19.9,59.0,22.2,65.0,55861.0,40986.0,60569.0,45499.625,5158.481743374492
2020-08-17 07:00:00+00:00,61156.0,10850.0,2146.0,1763.0,382.0,7,0,17,8,0,0,60204.0,24.2,48,12.9,0.0,0,22.0,53.0,24.1,57.0,59448.0,43382.0,62427.0,46240.208333333336,6041.534119734599
2020-08-17 08:00:00+00:00,62380.0,14046.0,2497.0,2295.0,202.0,8,0,17,8,0,0,61634.0,26.3,43,13.8,0.0,0,24.2,48.0,26.3,46.0,61156.0,45632.0,64022.0,46938.04166666666,6877.621994739673
2020-08-17 09:00:00+00:00,64225.0,15910.0,3200.0,3115.0,85.0,9,0,17,8,0,0,62621.0,27.9,39,16.1,0.0,0,26.3,43.0,28.0,33.0,62380.0,48132.0,65089.0,47608.583333333336,7730.687307970408
2020-08-17 10:00:00+00:00,64098.0,17875.0,3294.0,3197.0,97.0,10,0,17,8,0,0,62415.0,28.9,34,17.3,0.0,0,27.9,39.0,29.0,28.0,64225.0,48615.0,64287.0,48253.708333333336,8432.49568751268
2020-08-17 11:00:00+00:00,63568.0,19124.0,2762.0,2653.0,109.0,11,0,17,8,0,0,61721.0,29.5,32,16.3,0.0,0,28.9,34.0,29.6,25.0,64098.0,47411.0,63397.0,48926.91666666666,8988.88435751328
2020-08-17 12:00:00+00:00,62637.0,18356.0,2968.0,2827.0,141.0,12,0,17,8,0,0,60664.0,30.1,31,11.4,0.0,0,29.5,32.0,30.1,24.0,63568.0,46093.0,62535.0,49616.25,9387.62352781545
2020-08-17 13:00:00+00:00,61547.0,15928.0,3445.0,3251.0,194.0,13,0,17,8,0,0,59542.0,30.4,30,9.5,0.0,0,30.1,31.0,30.5,22.0,62637.0,45534.0,61953.0,50283.458333333336,9650.244331122263
2020-08-17 14:00:00+00:00,60965.0,13000.0,3543.0,3245.0,298.0,14,0,17,8,0,0,57957.0,30.2,29,8.7,0.0,1,30.4,30.0,30.4,21.0,61547.0,45042.0,60720.0,50946.91666666666,9820.08624737039
2020-08-17 15:00:00+00:00,60370.0,8895.0,3607.0,3182.0,425.0,15,0,17,8,0,0,57481.0,30.0,30,10.5,0.0,3,30.2,29.0,30.2,21.0,60965.0,46762.0,60981.0,51513.91666666666,9959.809226026233
2020-08-17 16:00:00+00:00,59479.0,4808.0,4046.0,3554.0,492.0,16,0,17,8,0,0,57415.0,29.8,30,9.3,0.0,3,30.0,30.0,29.8,21.0,60370.0,47437.0,60373.0,52015.66666666666,10048.423249301291
2020-08-17 17:00:00+00:00,58210.0,1712.0,4120.0,3683.0,437.0,17,0,17,8,0,0,56352.0,29.0,31,13.9,0.0,3,29.8,30.0,28.9,21.0,59479.0,47410.0,58900.0,52465.66666666666,10074.993203867132
2020-08-17 18:00:00+00:00,56124.0,153.0,4379.0,3966.0,413.0,18,0,17,8,0,0,53931.0,26.9,40,19.2,0.0,3,29.0,31.0,26.7,25.0,58210.0,46097.0,56284.0,52883.458333333336,10007.085567906584
2020-08-17 19:00:00+00:00,54783.0,0.0,3870.0,3556.0,314.0,19,0,17,8,0,0,52341.0,25.5,45,14.0,0.0,3,26.9,40.0,24.5,30.0,56124.0,46012.0,55422.0,53248.91666666666,9904.865734079582
2020-08-17 20:00:00+00:00,50461.0,0.0,3603.0,3308.0,296.0,20,0,17,8,0,0,48690.0,24.7,48,13.0,0.0,3,25.5,45.0,23.5,35.0,54783.0,44475.0,52250.0,53498.333333333336,9748.45418589491
2020-08-17 21:00:00+00:00,46889.0,0.0,3601.0,3370.0,230.0,21,0,17,8,0,0,44617.0,23.5,53,11.7,0.0,3,24.7,48.0,22.4,39.0,50461.0,41984.0,48413.0,53702.708333333336,9545.873711255108
2020-08-17 22:00:00+00:00,44330.0,0.0,3459.0,3246.0,213.0,22,0,17,8,0,0,43555.0,23.0,55,12.8,0.0,3,23.5,53.0,21.5,43.0,46889.0,40508.0,45548.0,53861.958333333336,9345.96842391396
2020-08-17 23:00:00+00:00,42473.0,0.0,3382.0,3167.0,215.0,23,0,17,8,0,0,41843.0,22.1,59,8.4,0.0,3,23.0,55.0,20.7,47.0,44330.0,38671.0,43833.0,54020.375,9106.43525355415
2020-08-18 00:00:00+00:00,41081.0,0.0,3716.0,3475.0,241.0,0,1,18,8,0,0,40839.0,21.5,68,12.2,0.0,3,22.1,59.0,21.1,52.0,42473.0,37544.0,43331.0,54167.75,8853.297043671266
2020-08-18 01:00:00+00:00,41193.0,0.0,3808.0,3503.0,305.0,1,1,18,8,0,0,40848.0,20.9,75,14.7,0.0,3,21.5,68.0,20.0,58.0,41081.0,37485.0,43314.0,54322.25,8577.56700200665
2020-08-18 02:00:00+00:00,42435.0,0.0,3974.0,3684.0,290.0,2,1,18,8,0,0,41722.0,20.7,78,14.4,0.0,3,20.9,75.0,19.4,61.0,41193.0,39394.0,44172.0,54448.958333333336,8367.342897963603
2020-08-18 03:00:00+00:00,45960.0,1.0,4131.0,3788.0,343.0,3,1,18,8,0,0,44785.0,20.3,81,15.2,0.0,3,20.7,78.0,19.2,60.0,42435.0,43121.0,47102.0,54567.25,8218.985890316277
2020-08-18 04:00:00+00:00,52688.0,325.0,4249.0,3860.0,389.0,4,1,18,8,0,0,51172.0,20.0,83,15.9,0.0,3,20.3,81.0,18.8,61.0,45960.0,49941.0,52627.0,54681.708333333336,8170.74511784561
2020-08-18 05:00:00+00:00,58020.0,2401.0,3810.0,3525.0,284.0,5,1,18,8,0,0,56426.0,20.1,83,13.2,0.0,3,20.0,83.0,19.9,59.0,52688.0,55861.0,57922.0,54771.66666666666,8196.13903093973
2020-08-18 06:00:00+00:00,61497.0,6469.0,3008.0,2553.0,455.0,6,1,18,8,0,0,60537.0,20.4,82,13.5,0.2,51,20.1,83.0,22.0,53.0,58020.0,59448.0,61637.0,54857.04166666666,8257.410550420114
2020-08-18 07:00:00+00:00,62494.0,11860.0,2361.0,1761.0,600.0,7,1,18,8,0,0,61904.0,20.3,82,12.2,0.4,51,20.4,82.0,24.2,48.0,61497.0,61156.0,63173.0,54912.79166666666,8306.159919414335
2020-08-18 08:00:00+00:00,63778.0,16782.0,2726.0,2022.0,705.0,8,1,18,8,0,0,63476.0,20.3,83,14.1,0.5,53,20.3,82.0,26.3,43.0,62494.0,62380.0,65230.0,54971.04166666666,8365.493345358242
2020-08-18 09:00:00+00:00,64918.0,19948.0,3322.0,2708.0,615.0,9,1,18,8,0,0,64603.0,20.4,83,14.2,0.3,51,20.3,83.0,27.9,39.0,63778.0,64225.0,66576.0,54999.91666666666,8399.948860696715
2020-08-18 10:00:00+00:00,64643.0,20829.0,3885.0,3346.0,539.0,10,1,18,8,0,0,64105.0,20.5,82,13.7,0.3,51,20.4,83.0,28.9,34.0,64918.0,64098.0,66539.0,55022.625,8426.309212236316
2020-08-18 11:00:00+00:00,63254.0,20926.0,4547.0,4100.0,446.0,11,1,18,8,0,0,63133.0,20.5,82,13.8,0.3,51,20.5,82.0,29.5,32.0,64643.0,63568.0,66107.0,55009.54166666666,8412.696905010955
2020-08-18 12:00:00+00:00,61703.0,19251.0,4998.0,4527.0,471.0,12,1,18,8,0,0,61755.0,20.8,81,8.9,0.2,51,20.5,82.0,30.1,31.0,63254.0,62637.0,65399.0,54970.625,8377.967242364439
2020-08-18 13:00:00+00:00,60257.0,17424.0,4644.0,4116.0,528.0,13,1,18,8,0,0,60385.0,22.2,68,9.6,0.0,3,20.8,81.0,30.4,30.0,61703.0,61547.0,63866.0,54916.875,8337.983862825606
2020-08-18 14:00:00+00:00,59692.0,14485.0,4637.0,4043.0,594.0,14,1,18,8,0,0,58835.0,23.5,57,9.5,0.0,3,22.2,68.0,30.2,29.0,60257.0,60965.0,62248.0,54863.833333333336,8301.806779075412
2020-08-18 15:00:00+00:00,59330.0,9746.0,4142.0,3629.0,513.0,15,1,18,8,0,0,58558.0,23.9,55,9.3,0.0,2,23.5,57.0,30.0,30.0,59692.0,60370.0,61830.0,54820.5,8274.485692673705
2020-08-18 16:00:00+00:00,59416.0,5427.0,3173.0,2885.0,289.0,16,1,18,8,0,0,58309.0,23.7,56,9.7,0.0,3,23.9,55.0,29.8,30.0,59330.0,59479.0,60726.0,54817.875,8272.953425168122
2020-08-18 17:00:00+00:00,57679.0,1774.0,2582.0,2410.0,172.0,17,1,18,8,0,0,57154.0,23.0,59,9.1,0.0,3,23.7,56.0,29.0,31.0,59416.0,58210.0,59213.0,54795.75,8264.192583986553
2020-08-18 18:00:00+00:00,55332.0,132.0,2448.0,2306.0,142.0,18,1,18,8,0,0,54831.0,22.0,65,5.9,0.0,3,23.0,59.0,26.9,40.0,57679.0,56124.0,57187.0,54762.75,8260.23843876303
2020-08-18 19:00:00+00:00,54342.0,0.0,2404.0,2241.0,163.0,19,1,18,8,0,0,53418.0,20.5,73,4.7,0.0,3,22.0,65.0,25.5,45.0,55332.0,54783.0,55893.0,54744.375,8260.681926859308
2020-08-18 20:00:00+00:00,50318.0,0.0,2008.0,1817.0,191.0,20,1,18,8,0,0,50206.0,19.8,77,7.1,0.0,3,20.5,73.0,24.7,48.0,54342.0,50461.0,53308.0,54738.41666666666,8263.956726372857
2020-08-18 21:00:00+00:00,46680.0,0.0,2018.0,1828.0,190.0,21,1,18,8,0,0,46313.0,19.3,80,8.4,0.0,3,19.8,77.0,23.5,53.0,50318.0,46889.0,50032.0,54729.708333333336,8272.693360264955
2020-08-18 22:00:00+00:00,44442.0,0.0,2042.0,1782.0,260.0,22,1,18,8,0,0,43656.0,18.5,85,8.3,1.1,55,19.3,80.0,23.0,55.0,46680.0,44330.0,46978.0,54734.375,8266.601114345394
2020-08-18 23:00:00+00:00,43054.0,0.0,1904.0,1625.0,279.0,23,1,18,8,0,0,42028.0,17.9,94,8.6,0.4,51,18.5,85.0,22.1,59.0,44442.0,42473.0,44866.0,54758.583333333336,8229.902371002512
2020-08-19 00:00:00+00:00,42103.0,0.0,1824.0,1573.0,251.0,0,2,19,8,0,0,41011.0,18.8,90,6.4,0.0,3,17.9,94.0,21.5,68.0,43054.0,41081.0,43623.0,54801.16666666666,8158.387850478888
2020-08-19 01:00:00+00:00,41874.0,0.0,1991.0,1764.0,227.0,1,2,19,8,0,0,41064.0,18.0,94,5.7,0.1,51,18.8,90.0,20.9,75.0,42103.0,41193.0,43510.0,54829.54166666666,8110.04164991813
2020-08-19 02:00:00+00:00,42686.0,0.0,2336.0,2065.0,270.0,2,2,19,8,0,0,42125.0,17.6,95,9.6,0.0,3,18.0,94.0,20.7,78.0,41874.0,42435.0,44244.0,54840.0,8093.508278915305
2020-08-19 03:00:00+00:00,46053.0,1.0,2435.0,2074.0,360.0,3,2,19,8,0,0,45537.0,17.1,95,9.4,0.0,3,17.6,95.0,20.3,81.0,42686.0,45960.0,47138.0,54843.875,8089.09293196447
2020-08-19 04:00:00+00:00,52415.0,360.0,2477.0,1948.0,529.0,4,2,19,8,0,0,52311.0,16.8,96,9.4,0.0,1,17.1,95.0,20.0,83.0,46053.0,52688.0,52307.0,54832.5,8092.447617055276
2020-08-19 05:00:00+00:00,57349.0,3305.0,2201.0,1613.0,588.0,5,2,19,8,0,0,57138.0,17.2,94,9.7,0.0,0,16.8,96.0,20.1,83.0,52415.0,58020.0,57588.0,54804.54166666666,8082.108931510271
2020-08-19 06:00:00+00:00,60783.0,9443.0,1415.0,898.0,516.0,6,2,19,8,0,0,60139.0,18.6,87,8.4,0.0,0,17.2,94.0,20.4,82.0,57349.0,61497.0,61120.0,54774.79166666666,8057.68030584689
2020-08-19 07:00:00+00:00,61897.0,16823.0,955.0,397.0,557.0,7,2,19,8,0,0,61431.0,20.5,75,9.3,0.0,0,18.6,87.0,20.3,82.0,60783.0,62494.0,62861.0,54749.91666666666,8033.699937663014
2020-08-19 08:00:00+00:00,63094.0,22687.0,1098.0,459.0,639.0,8,2,19,8,0,0,62850.0,22.5,62,10.2,0.0,0,20.5,75.0,20.3,83.0,61897.0,63778.0,64524.0,54721.41666666666,8001.428247054054
2020-08-19 09:00:00+00:00,64332.0,25792.0,1183.0,660.0,522.0,9,2,19,8,0,0,64086.0,24.0,54,11.0,0.0,1,22.5,62.0,20.4,83.0,63094.0,64918.0,65919.0,54697.0,7969.791699858365
2020-08-19 10:00:00+00:00,64078.0,26158.0,1473.0,1023.0,450.0,10,2,19,8,0,0,63749.0,24.6,50,10.8,0.1,51,24.0,54.0,20.5,82.0,64332.0,64643.0,66198.0,54673.458333333336,7939.913694521502
2020-08-19 11:00:00+00:00,63309.0,25646.0,1601.0,1218.0,383.0,11,2,19,8,0,0,63014.0,25.5,49,10.5,0.0,2,24.6,50.0,20.5,82.0,64078.0,63254.0,65113.0,54675.75,7942.505454282368
2020-08-19 12:00:00+00:00,61387.0,24128.0,1616.0,1227.0,389.0,12,2,19,8,0,0,61829.0,26.1,46,10.5,0.0,3,25.5,49.0,20.8,81.0,63309.0,61703.0,63815.0,54662.583333333336,7930.602559028927
2020-08-19 13:00:00+00:00,60199.0,21618.0,1482.0,1155.0,326.0,13,2,19,8,0,0,60291.0,26.4,44,12.1,0.0,2,26.1,46.0,22.2,68.0,61387.0,60257.0,62860.0,54660.16666666666,7928.832309810963
2020-08-19 14:00:00+00:00,59708.0,17947.0,1525.0,1183.0,342.0,14,2,19,8,0,0,59170.0,24.1,54,13.5,0.1,51,26.4,44.0,23.5,57.0,60199.0,59692.0,61974.0,54660.833333333336,7929.274448230628
2020-08-19 15:00:00+00:00,59606.0,12546.0,1702.0,1100.0,602.0,15,2,19,8,0,0,59096.0,25.0,49,9.1,0.0,1,24.1,54.0,23.9,55.0,59708.0,59330.0,60814.0,54672.333333333336,7936.537486546835
2020-08-19 16:00:00+00:00,59217.0,6549.0,2053.0,1118.0,935.0,16,2,19,8,0,0,58827.0,24.5,52,8.1,0.0,2,25.0,49.0,23.7,56.0,59606.0,59416.0,59677.0,54664.04166666666,7931.468417579357
2020-08-19 17:00:00+00:00,57725.0,1898.0,2657.0,1265.0,1391.0,17,2,19,8,0,0,58189.0,23.8,57,6.6,0.0,3,24.5,52.0,23.0,59.0,59217.0,57679.0,58548.0,54665.958333333336,7932.234190885869
2020-08-19 18:00:00+00:00,55626.0,107.0,3886.0,2170.0,1717.0,18,2,19,8,0,0,56111.0,22.7,62,3.5,0.0,3,23.8,57.0,22.0,65.0,57725.0,55332.0,56605.0,54678.208333333336,7933.534411538076
2020-08-19 19:00:00+00:00,54047.0,0.0,5573.0,3641.0,1932.0,19,2,19,8,0,0,53814.0,20.9,71,5.4,0.0,1,22.7,62.0,20.5,73.0,55626.0,54342.0,54927.0,54665.91666666666,7934.306445768472
2020-08-19 20:00:00+00:00,50078.0,0.0,7828.0,5384.0,2444.0,20,2,19,8,0,0,50162.0,20.1,76,5.7,0.0,0,20.9,71.0,19.8,77.0,54047.0,50318.0,51560.0,54655.91666666666,7940.173669750424
2020-08-19 21:00:00+00:00,46621.0,0.0,10008.0,6940.0,3068.0,21,2,19,8,0,0,46425.0,19.2,79,7.1,0.0,3,20.1,76.0,19.3,80.0,50078.0,46680.0,48485.0,54653.458333333336,7942.759147031617
2020-08-19 22:00:00+00:00,44185.0,0.0,11794.0,8354.0,3441.0,22,2,19,8,0,0,43827.0,18.8,83,7.5,0.0,3,19.2,79.0,18.5,85.0,46621.0,44442.0,46002.0,54642.75,7957.284637635417
2020-08-19 23:00:00+00:00,42809.0,0.0,13006.0,9191.0,3815.0,23,2,19,8,0,0,42099.0,18.0,88,6.6,0.0,3,18.8,83.0,17.9,94.0,44185.0,43054.0,44369.0,54632.54166666666,7972.939897358115
2020-08-20 00:00:00+00:00,42018.0,0.0,13274.0,9530.0,3744.0,0,3,20,8,0,0,41082.0,18.1,85,6.9,0.0,2,18.0,88.0,18.8,90.0,42809.0,42103.0,43362.0,54629.0,7978.764397094866
2020-08-20 01:00:00+00:00,41807.0,0.0,12936.0,9566.0,3370.0,1,3,20,8,0,0,40954.0,17.2,89,7.4,0.0,2,18.1,85.0,18.0,94.0,42018.0,41874.0,43130.0,54626.208333333336,7983.431598325728
2020-08-20 02:00:00+00:00,42997.0,0.0,11289.0,8592.0,2698.0,2,3,20,8,0,0,41818.0,17.1,90,7.6,0.0,1,17.2,89.0,17.6,95.0,41807.0,42686.0,43843.0,54639.16666666666,7963.435525093401
2020-08-20 03:00:00+00:00,45528.0,1.0,10326.0,7967.0,2359.0,3,3,20,8,0,0,45141.0,16.7,92,7.9,0.0,3,17.1,90.0,17.1,95.0,42997.0,46053.0,46336.0,54617.29166666666,7988.727490109588
2020-08-20 04:00:00+00:00,52274.0,325.0,10811.0,8117.0,2694.0,4,3,20,8,0,0,51923.0,16.5,92,7.7,0.0,2,16.7,92.0,16.8,96.0,45528.0,52415.0,51857.0,54611.41666666666,7990.469153754502
2020-08-20 05:00:00+00:00,57611.0,2377.0,10149.0,7790.0,2359.0,5,3,20,8,0,0,57308.0,17.5,86,10.9,0.0,1,16.5,92.0,17.2,94.0,52274.0,57349.0,57375.0,54622.333333333336,7994.5498155696
2020-08-20 06:00:00+00:00,60939.0,6177.0,8349.0,6034.0,2315.0,6,3,20,8,0,0,60749.0,20.0,72,10.7,0.0,1,17.5,86.0,18.6,87.0,57611.0,60783.0,61386.0,54628.833333333336,7999.838219378729
2020-08-20 07:00:00+00:00,61872.0,11494.0,6609.0,4158.0,2451.0,7,3,20,8,0,0,61770.0,22.8,58,12.2,0.0,3,20.0,72.0,20.5,75.0,60939.0,61897.0,63243.0,54627.79166666666,7998.852243639738
2020-08-20 08:00:00+00:00,63441.0,17496.0,6590.0,3615.0,2976.0,8,3,20,8,0,0,63038.0,25.1,47,14.5,0.0,2,22.8,58.0,22.5,62.0,61872.0,63094.0,64859.0,54642.25,8015.117771518091
2020-08-20 09:00:00+00:00,65363.0,23286.0,6770.0,3552.0,3218.0,9,3,20,8,0,0,64133.0,27.2,39,16.1,0.0,2,25.1,47.0,24.0,54.0,63441.0,64332.0,66403.0,54685.208333333336,8071.871535470926
2020-08-20 10:00:00+00:00,66415.0,25915.0,6789.0,3943.0,2846.0,10,3,20,8,0,0,63854.0,28.9,34,15.9,0.0,3,27.2,39.0,24.6,50.0,65363.0,64078.0,66212.0,54782.583333333336,8203.13684389765
2020-08-20 11:00:00+00:00,64954.0,25722.0,6697.0,4222.0,2476.0,11,3,20,8,0,0,62992.0,29.9,30,15.4,0.0,2,28.9,34.0,25.5,49.0,66415.0,63309.0,64556.0,54851.125,8283.95155819246
2020-08-20 12:00:00+00:00,63651.0,24233.0,6316.0,4310.0,2005.0,12,3,20,8,0,0,61818.0,30.3,32,15.3,0.0,2,29.9,30.0,26.1,46.0,64954.0,61387.0,63375.0,54945.458333333336,8374.01570064872
2020-08-20 13:00:00+00:00,62626.0,21143.0,5540.0,3857.0,1683.0,13,3,20,8,0,0,60583.0,31.1,28,15.1,0.0,3,30.3,32.0,26.4,44.0,63651.0,60199.0,62369.0,55046.583333333336,8454.48372381384
2020-08-20 14:00:00+00:00,61411.0,17080.0,4699.0,3482.0,1218.0,14,3,20,8,0,0,59377.0,30.4,32,18.2,0.0,3,31.1,28.0,24.1,54.0,62626.0,59708.0,61411.0,55117.54166666666,8502.319218022003
2020-08-20 15:00:00+00:00,60933.0,11643.0,3766.0,2936.0,831.0,15,3,20,8,0,0,59328.0,30.2,33,16.2,0.0,1,30.4,32.0,25.0,49.0,61411.0,59606.0,61134.0,55172.833333333336,8537.021329972604
2020-08-20 16:00:00+00:00,60412.0,6011.0,3170.0,2574.0,596.0,16,3,20,8,0,0,59038.0,30.5,34,10.9,0.0,3,30.2,33.0,24.5,52.0,60933.0,59217.0,60522.0,55222.625,8565.073023433053
2020-08-20 17:00:00+00:00,58945.0,1699.0,3156.0,2688.0,469.0,17,3,20,8,0,0,58274.0,29.9,36,7.1,0.0,3,30.5,34.0,23.8,57.0,60412.0,57725.0,58694.0,55273.458333333336,8584.169261567098
2020-08-20 18:00:00+00:00,56693.0,88.0,4552.0,4051.0,501.0,18,3,20,8,0,0,56024.0,27.5,47,6.6,0.0,3,29.9,36.0,22.7,62.0,58945.0,55626.0,56025.0,55317.91666666666,8588.836282547676
2020-08-20 19:00:00+00:00,54788.0,0.0,6799.0,5912.0,887.0,19,3,20,8,0,0,53917.0,26.0,52,5.4,0.0,3,27.5,47.0,20.9,71.0,56693.0,54047.0,55269.0,55348.79166666666,8585.40015516324
2020-08-20 20:00:00+00:00,51005.0,0.0,9690.0,7896.0,1794.0,20,3,20,8,0,0,50414.0,25.5,52,7.3,0.0,3,26.0,52.0,20.1,76.0,54788.0,50078.0,51580.0,55387.41666666666,8562.711577413587
2020-08-20 21:00:00+00:00,47834.0,0.0,12660.0,9814.0,2846.0,21,3,20,8,0,0,46506.0,24.1,55,6.2,0.0,1,25.5,52.0,19.2,79.0,51005.0,46621.0,47996.0,55437.958333333336,8512.148390129336
2020-08-20 22:00:00+00:00,45252.0,0.0,15455.0,11830.0,3626.0,22,3,20,8,0,0,43991.0,23.0,58,6.4,0.0,1,24.1,55.0,18.8,83.0,47834.0,44185.0,45811.0,55482.41666666666,8453.403363589014
2020-08-20 23:00:00+00:00,44509.0,0.0,17056.0,12989.0,4067.0,23,3,20,8,0,0,41938.0,22.5,61,7.0,0.0,3,23.0,58.0,18.0,88.0,45252.0,42809.0,43831.0,55553.25,8349.070816564074
2020-08-21 00:00:00+00:00,43332.0,0.0,16685.0,13348.0,3337.0,0,4,21,8,0,0,40971.0,23.3,59,7.9,0.0,0,22.5,61.0,18.1,85.0,44509.0,42018.0,42942.0,55608.0,8260.289072739484
2020-08-21 01:00:00+00:00,42981.0,0.0,16629.0,13464.0,3165.0,1,4,21,8,0,0,40840.0,21.7,65,6.8,0.0,1,23.3,59.0,17.2,89.0,43332.0,41807.0,42897.0,55656.91666666666,8178.074446037376
2020-08-21 02:00:00+00:00,43637.0,0.0,17653.0,13960.0,3693.0,2,4,21,8,0,0,41633.0,21.2,67,7.0,0.0,1,21.7,65.0,17.1,90.0,42981.0,42997.0,43550.0,55683.583333333336,8135.933654322549
2020-08-21 03:00:00+00:00,47084.0,2.0,17588.0,13404.0,4184.0,3,4,21,8,0,0,44714.0,20.9,68,7.1,0.0,1,21.2,67.0,16.7,92.0,43637.0,45528.0,46206.0,55748.41666666666,8057.307398535498
2020-08-21 04:00:00+00:00,52528.0,346.0,18211.0,13679.0,4533.0,4,4,21,8,0,0,51307.0,20.5,69,8.2,0.0,1,20.9,68.0,16.5,92.0,47084.0,52274.0,51856.0,55759.0,8052.710810112733
2020-08-21 05:00:00+00:00,57410.0,2823.0,19191.0,14522.0,4668.0,5,4,21,8,0,0,56920.0,21.8,63,11.8,0.0,1,20.5,69.0,17.5,86.0,52528.0,57611.0,56325.0,55750.625,8050.805240916962
2020-08-21 06:00:00+00:00,61241.0,8027.0,17592.0,13183.0,4409.0,6,4,21,8,0,0,60192.0,24.0,55,12.2,0.0,1,21.8,63.0,20.0,72.0,57410.0,60939.0,59260.0,55763.208333333336,8059.498522425148
2020-08-21 07:00:00+00:00,63738.0,13745.0,14786.0,10763.0,4023.0,7,4,21,8,0,0,61309.0,26.5,48,13.5,0.0,2,24.0,55.0,22.8,58.0,61241.0,61872.0,61039.0,55840.958333333336,8129.68731137916
2020-08-21 08:00:00+00:00,64944.0,18369.0,13654.0,9791.0,3863.0,8,4,21,8,0,0,62709.0,29.0,42,15.2,0.0,2,26.5,48.0,25.1,47.0,63738.0,63441.0,63102.0,55903.583333333336,8196.293891630125
2020-08-21 09:00:00+00:00,65823.0,21371.0,13652.0,9850.0,3802.0,9,4,21,8,0,0,63850.0,31.1,37,16.7,0.0,1,29.0,42.0,27.2,39.0,64944.0,65363.0,64290.0,55922.75,8219.879980346834
2020-08-21 10:00:00+00:00,64203.0,23876.0,13706.0,9576.0,4130.0,10,4,21,8,0,0,63620.0,32.8,33,18.9,0.0,2,31.1,37.0,28.9,34.0,65823.0,66415.0,63337.0,55830.583333333336,8108.769208684654
2020-08-21 11:00:00+00:00,63929.0,24757.0,13821.0,9604.0,4216.0,11,4,21,8,0,0,62256.0,34.0,31,19.6,0.0,1,32.8,33.0,29.9,30.0,64203.0,64954.0,61737.0,55787.875,8061.187259155816
2020-08-21 12:00:00+00:00,63194.0,23348.0,14551.0,10624.0,3927.0,12,4,21,8,0,0,60906.0,34.7,27,15.1,0.0,2,34.0,31.0,30.3,32.0,63929.0,63651.0,60222.0,55768.833333333336,8042.323564669771
2020-08-21 13:00:00+00:00,61620.0,20036.0,15343.0,11696.0,3647.0,13,4,21,8,0,0,59805.0,35.5,24,14.1,0.0,1,34.7,27.0,31.1,28.0,63194.0,62626.0,59268.0,55726.91666666666,8007.576629106747
2020-08-21 14:00:00+00:00,60362.0,15437.0,14684.0,11198.0,3487.0,14,4,21,8,0,0,58592.0,35.4,25,15.4,0.0,2,35.5,24.0,30.4,32.0,61620.0,61411.0,58793.0,55683.208333333336,7978.0101691499485
2020-08-21 15:00:00+00:00,59690.0,10443.0,13728.0,10120.0,3608.0,15,4,21,8,0,0,58169.0,35.2,24,13.5,0.0,2,35.4,25.0,30.2,33.0,60362.0,60933.0,58412.0,55631.41666666666,7946.419904403706
2020-08-21 16:00:00+00:00,58924.0,5206.0,12402.0,8130.0,4272.0,16,4,21,8,0,0,57937.0,35.0,24,14.5,0.0,1,35.2,24.0,30.5,34.0,59690.0,60412.0,57271.0,55569.41666666666,7913.234445159568
2020-08-21 17:00:00+00:00,57229.0,1454.0,11768.0,6663.0,5106.0,17,4,21,8,0,0,57053.0,34.0,26,12.6,0.0,2,35.0,24.0,29.9,36.0,58924.0,58945.0,55974.0,55497.91666666666,7889.124009985477
2020-08-21 18:00:00+00:00,54826.0,89.0,11884.0,6338.0,5547.0,18,4,21,8,0,0,54819.0,32.5,29,17.8,0.0,3,34.0,26.0,27.5,47.0,57229.0,56693.0,53312.0,55420.125,7886.031670329286
2020-08-21 19:00:00+00:00,52660.0,0.0,11513.0,6100.0,5413.0,19,4,21,8,0,0,52590.0,30.8,41,11.4,0.0,3,32.5,29.0,26.0,52.0,54826.0,54788.0,51791.0,55331.458333333336,7905.387326424854
2020-08-21 20:00:00+00:00,49479.0,0.0,11268.0,5846.0,5423.0,20,4,21,8,0,0,49033.0,29.1,47,6.1,0.0,3,30.8,41.0,25.5,52.0,52660.0,51005.0,48636.0,55267.875,7947.72163312293
2020-08-21 21:00:00+00:00,45905.0,0.0,11224.0,5568.0,5656.0,21,4,21,8,0,0,45554.0,27.4,55,4.9,0.0,2,29.1,47.0,24.1,55.0,49479.0,47834.0,45272.0,55187.5,8035.438647695034
2020-08-21 22:00:00+00:00,43887.0,0.0,11167.0,5644.0,5523.0,22,4,21,8,0,0,43229.0,26.6,59,7.7,0.0,2,27.4,55.0,23.0,58.0,45905.0,45252.0,42335.0,55130.625,8113.273648043978
2020-08-21 23:00:00+00:00,42747.0,0.0,11154.0,5859.0,5295.0,23,4,21,8,0,0,40950.0,25.9,63,10.2,0.0,3,26.6,59.0,22.5,61.0,43887.0,44509.0,40486.0,55057.208333333336,8220.826426134081
2020-08-22 00:00:00+00:00,41322.0,0.0,11458.0,6335.0,5123.0,0,5,22,8,1,0,39544.0,25.3,74,4.8,0.0,3,25.9,63.0,23.3,59.0,42747.0,43332.0,39016.0,54973.458333333336,8354.620705251935
2020-08-22 01:00:00+00:00,40381.0,0.0,12039.0,6974.0,5066.0,1,5,22,8,1,0,38915.0,24.6,75,6.9,0.0,2,25.3,74.0,21.7,65.0,41322.0,42981.0,38763.0,54865.125,8531.86334871158
2020-08-22 02:00:00+00:00,39631.0,0.0,13438.0,8246.0,5191.0,2,5,22,8,1,0,38666.0,23.7,79,8.1,0.0,2,24.6,75.0,21.2,67.0,40381.0,43637.0,38641.0,54698.208333333336,8796.172650791767
2020-08-22 03:00:00+00:00,39977.0,1.0,14284.0,8968.0,5316.0,3,5,22,8,1,0,38970.0,23.0,81,8.3,0.0,3,23.7,79.0,20.9,68.0,39631.0,47084.0,39359.0,54402.083333333336,9175.118224172193
2020-08-22 04:00:00+00:00,42175.0,224.0,16339.0,10982.0,5357.0,4,5,22,8,1,0,40175.0,23.4,74,11.9,0.0,1,23.0,81.0,20.5,69.0,39977.0,52528.0,40146.0,53970.708333333336,9504.52438020128
2020-08-22 05:00:00+00:00,44466.0,1393.0,17011.0,11938.0,5073.0,5,5,22,8,1,0,43042.0,23.7,70,14.2,0.0,3,23.4,74.0,21.8,63.0,42175.0,57410.0,42505.0,53431.375,9666.74543411808
2020-08-22 06:00:00+00:00,48066.0,3831.0,16667.0,12070.0,4597.0,6,5,22,8,1,0,47516.0,23.2,76,16.6,0.9,53,23.7,70.0,24.0,55.0,44466.0,61241.0,45947.0,52882.41666666666,9577.649997312134
2020-08-22 07:00:00+00:00,50344.0,6362.0,16800.0,12076.0,4724.0,7,5,22,8,1,0,50914.0,21.8,88,12.6,1.8,61,23.2,76.0,26.5,48.0,48066.0,63738.0,48699.0,52324.333333333336,9303.918364191197
2020-08-22 08:00:00+00:00,52113.0,9794.0,18611.0,13685.0,4926.0,8,5,22,8,1,0,52984.0,21.1,89,12.5,1.1,55,21.8,88.0,29.0,42.0,50344.0,64944.0,50355.0,51789.708333333336,8907.435904315565
2020-08-22 09:00:00+00:00,53543.0,12526.0,21162.0,15953.0,5209.0,9,5,22,8,1,0,54203.0,21.4,85,13.6,0.5,53,21.1,89.0,31.1,37.0,52113.0,65823.0,51986.0,51278.04166666666,8404.794234757914
2020-08-22 10:00:00+00:00,53524.0,14175.0,22578.0,17401.0,5177.0,10,5,22,8,1,0,53628.0,21.9,83,12.6,0.0,3,21.4,85.0,32.8,33.0,53543.0,64203.0,51867.0,50833.083333333336,7961.786700924023
2020-08-22 11:00:00+00:00,52150.0,15276.0,23041.0,18206.0,4835.0,11,5,22,8,1,0,52130.0,24.4,72,17.1,0.0,3,21.9,83.0,34.0,31.0,53524.0,63929.0,50879.0,50342.29166666666,7467.090967701083
2020-08-22 12:00:00+00:00,50442.0,15405.0,23554.0,18576.0,4978.0,12,5,22,8,1,0,50371.0,25.4,64,15.5,0.0,3,24.4,72.0,34.7,27.0,52150.0,63194.0,49344.0,49810.958333333336,6948.535238070329
2020-08-22 13:00:00+00:00,49535.0,14849.0,24309.0,18894.0,5415.0,13,5,22,8,1,0,49643.0,25.8,53,19.8,0.1,51,25.4,64.0,35.5,24.0,50442.0,61620.0,48489.0,49307.41666666666,6477.474856337699
2020-08-22 14:00:00+00:00,49154.0,12744.0,23640.0,18373.0,5267.0,14,5,22,8,1,0,49211.0,25.1,56,14.6,0.1,51,25.8,53.0,35.4,25.0,49535.0,60362.0,47742.0,48840.41666666666,6034.726461987178
2020-08-22 15:00:00+00:00,50050.0,9227.0,22686.0,17382.0,5304.0,15,5,22,8,1,0,49246.0,24.0,66,9.7,0.1,51,25.1,56.0,35.2,24.0,49154.0,59690.0,48201.0,48438.75,5585.267135800595
2020-08-22 16:00:00+00:00,50695.0,5169.0,21385.0,16163.0,5222.0,16,5,22,8,1,0,49745.0,24.6,60,10.0,0.0,2,24.0,66.0,35.0,24.0,50050.0,58924.0,48227.0,48095.875,5149.159849684372
2020-08-22 17:00:00+00:00,49446.0,1600.0,18100.0,12918.0,5182.0,17,5,22,8,1,0,48880.0,24.8,51,10.1,0.0,1,24.6,60.0,34.0,26.0,50695.0,57229.0,47462.0,47771.583333333336,4780.864883702988
2020-08-22 18:00:00+00:00,47061.0,74.0,17050.0,11586.0,5464.0,18,5,22,8,1,0,47242.0,23.1,54,7.4,0.0,1,24.8,51.0,32.5,29.0,49446.0,54826.0,45981.0,47448.04166666666,4539.350753031768
2020-08-22 19:00:00+00:00,45865.0,0.0,16938.0,11409.0,5529.0,19,5,22,8,1,0,46022.0,21.6,61,6.3,0.0,1,23.1,54.0,30.8,41.0,47061.0,52660.0,45044.0,47164.91666666666,4410.20998136165
2020-08-22 20:00:00+00:00,43843.0,0.0,18369.0,12580.0,5789.0,20,5,22,8,1,0,44045.0,21.0,66,6.8,0.0,3,21.6,61.0,29.1,47.0,45865.0,49479.0,43216.0,46930.083333333336,4431.632959575656
2020-08-22 21:00:00+00:00,41583.0,0.0,18416.0,13346.0,5070.0,21,5,22,8,1,0,41448.0,20.7,65,9.5,0.0,1,21.0,66.0,27.4,55.0,43843.0,45905.0,40855.0,46750.0,4561.0244367943
2020-08-22 22:00:00+00:00,39024.0,0.0,17982.0,13153.0,4829.0,22,5,22,8,1,0,37910.0,19.7,64,7.2,0.0,1,20.7,65.0,26.6,59.0,41583.0,43887.0,38611.0,46547.375,4795.725685780193
2020-08-22 23:00:00+00:00,37981.0,0.0,17326.0,13084.0,4242.0,23,5,22,8,1,0,36115.0,19.1,64,8.0,0.0,3,19.7,64.0,25.9,63.0,39024.0,42747.0,37322.0,46348.79166666666,5051.775985420855
2020-08-23 00:00:00+00:00,36659.0,0.0,16180.0,12896.0,3284.0,0,6,23,8,1,0,34906.0,19.2,61,10.4,0.0,1,19.1,64.0,25.3,74.0,37981.0,41322.0,36285.0,46154.5,5335.229834908231
2020-08-23 01:00:00+00:00,36291.0,0.0,16182.0,12761.0,3422.0,1,6,23,8,1,0,34180.0,17.6,69,8.0,0.0,2,19.2,61.0,24.6,75.0,36659.0,40381.0,35724.0,45984.083333333336,5587.042096140706
2020-08-23 02:00:00+00:00,36081.0,0.0,16316.0,12236.0,4080.0,2,6,23,8,1,0,34186.0,17.0,73,6.4,0.0,3,17.6,69.0,23.7,79.0,36291.0,39631.0,35413.0,45836.16666666666,5805.283176005575
2020-08-23 03:00:00+00:00,36231.0,1.0,16890.0,12918.0,3972.0,3,6,23,8,1,0,34418.0,17.1,74,6.7,0.0,3,17.0,73.0,23.0,81.0,36081.0,39977.0,36111.0,45680.083333333336,6016.191550753045
2020-08-23 04:00:00+00:00,36855.0,258.0,17295.0,13394.0,3901.0,4,6,23,8,1,0,34563.0,17.0,76,8.9,0.0,3,17.1,74.0,23.4,74.0,36231.0,42175.0,36115.0,45458.41666666666,6244.622444231855
2020-08-23 05:00:00+00:00,38228.0,2102.0,17206.0,13472.0,3734.0,5,6,23,8,1,0,36582.0,17.6,72,11.4,0.0,2,17.0,76.0,23.7,70.0,36855.0,44466.0,37971.0,45198.5,6415.215581452518
2020-08-23 06:00:00+00:00,41124.0,6182.0,18420.0,14733.0,3687.0,6,6,23,8,1,0,40329.0,19.5,63,13.3,0.0,1,17.6,72.0,23.2,76.0,38228.0,48066.0,40986.0,44909.25,6436.768742763342
2020-08-23 07:00:00+00:00,43856.0,11991.0,21532.0,17771.0,3761.0,7,6,23,8,1,0,43810.0,21.3,56,16.6,0.0,0,19.5,63.0,21.8,88.0,41124.0,50344.0,43382.0,44638.91666666666,6334.016919820192
2020-08-23 08:00:00+00:00,46706.0,16626.0,23275.0,19629.0,3647.0,8,6,23,8,1,0,46395.0,22.1,49,22.9,0.0,0,21.3,56.0,21.1,89.0,43856.0,52113.0,45632.0,44413.625,6150.1059645333335
2020-08-23 09:00:00+00:00,49083.0,18565.0,24852.0,21405.0,3447.0,9,6,23,8,1,0,48995.0,22.7,46,23.8,0.0,1,22.1,49.0,21.4,85.0,46706.0,53543.0,48132.0,44227.79166666666,5925.538815926045
2020-08-23 10:00:00+00:00,48313.0,19124.0,25385.0,22394.0,2990.0,10,6,23,8,1,0,48853.0,23.1,43,22.8,0.0,2,22.7,46.0,21.9,83.0,49083.0,53524.0,48615.0,44010.66666666666,5659.59837003766
2020-08-23 11:00:00+00:00,48084.0,19030.0,25835.0,22705.0,3130.0,11,6,23,8,1,0,47466.0,23.6,40,23.8,0.0,1,23.1,43.0,24.4,72.0,48313.0,52150.0,47411.0,43841.25,5462.793856386959
2020-08-23 12:00:00+00:00,46866.0,18251.0,25589.0,22174.0,3415.0,12,6,23,8,1,0,46110.0,23.5,40,24.2,0.0,1,23.6,40.0,25.4,64.0,48084.0,50442.0,46093.0,43692.25,5321.878846470424
2020-08-23 13:00:00+00:00,45070.0,16317.0,25038.0,21305.0,3733.0,13,6,23,8,1,0,45280.0,23.8,38,25.0,0.0,1,23.5,40.0,25.8,53.0,46866.0,49535.0,45534.0,43506.208333333336,5185.032237365901
2020-08-23 14:00:00+00:00,44564.0,14042.0,24641.0,20587.0,4053.0,14,6,23,8,1,0,45207.0,23.6,39,23.2,0.0,1,23.8,38.0,25.1,56.0,45070.0,49154.0,45042.0,43314.958333333336,5050.563459560245
2020-08-23 15:00:00+00:00,45965.0,10185.0,23035.0,18908.0,4127.0,15,6,23,8,1,0,46190.0,23.6,38,20.8,0.0,1,23.6,39.0,24.0,66.0,44564.0,50050.0,46762.0,43144.75,4879.660681804853
2020-08-23 16:00:00+00:00,47009.0,5499.0,20635.0,16498.0,4137.0,16,6,23,8,1,0,47441.0,23.7,37,18.8,0.0,1,23.6,38.0,24.6,60.0,45965.0,50695.0,47437.0,42991.16666666666,4685.848618484076
2020-08-23 17:00:00+00:00,46182.0,1528.0,17078.0,13192.0,3886.0,17,6,23,8,1,0,47213.0,23.2,37,15.5,0.0,1,23.7,37.0,24.8,51.0,47009.0,49446.0,47410.0,42855.16666666666,4535.309381772366
2020-08-23 18:00:00+00:00,44965.0,60.0,14930.0,11595.0,3335.0,18,6,23,8,1,0,46337.0,21.6,44,17.7,0.0,2,23.2,37.0,23.1,54.0,46182.0,47061.0,46097.0,42767.833333333336,4470.517085805544
2020-08-23 19:00:00+00:00,44571.0,0.0,14030.0,11050.0,2979.0,19,6,23,8,1,0,45536.0,20.5,50,16.3,0.0,1,21.6,44.0,21.6,61.0,44965.0,45865.0,46012.0,42713.91666666666,4439.233334871659
2020-08-23 20:00:00+00:00,43486.0,0.0,13337.0,10646.0,2691.0,20,6,23,8,1,0,44206.0,19.7,55,16.3,0.0,2,20.5,50.0,21.0,66.0,44571.0,43843.0,44475.0,42699.04166666666,4435.88235895889
2020-08-23 21:00:00+00:00,41473.0,0.0,12271.0,9947.0,2323.0,21,6,23,8,1,0,41382.0,18.9,59,15.9,0.0,1,19.7,55.0,20.7,65.0,43486.0,41583.0,41984.0,42694.458333333336,4437.142284212753
2020-08-23 22:00:00+00:00,39574.0,0.0,11517.0,9556.0,1962.0,22,6,23,8,1,0,39256.0,18.2,63,13.8,0.0,1,18.9,59.0,19.7,64.0,41473.0,39024.0,40508.0,42717.375,4418.743278082036
2020-08-23 23:00:00+00:00,38372.0,0.0,11056.0,9201.0,1855.0,23,6,23,8,1,0,37673.0,17.9,65,14.5,0.0,0,18.2,63.0,19.1,64.0,39574.0,37981.0,38671.0,42733.66666666666,4401.207271790533
2020-08-24 00:00:00+00:00,37817.0,0.0,10813.0,8866.0,1947.0,0,0,24,8,0,0,36878.0,17.2,70,14.7,0.0,1,17.9,65.0,19.2,61.0,38372.0,36659.0,37544.0,42781.91666666666,4337.603765620229
2020-08-24 01:00:00+00:00,37652.0,0.0,9516.0,8452.0,1064.0,1,0,24,8,0,0,36913.0,16.6,73,12.8,0.0,0,17.2,70.0,17.6,69.0,37817.0,36291.0,37485.0,42838.625,4257.2057258697205
2020-08-24 02:00:00+00:00,38539.0,0.0,8855.0,8055.0,800.0,2,0,24,8,0,0,38252.0,16.0,76,12.2,0.0,1,16.6,73.0,17.0,73.0,37652.0,36081.0,39394.0,42941.04166666666,4114.750523147226
2020-08-24 03:00:00+00:00,42418.0,1.0,8835.0,8285.0,549.0,3,0,24,8,0,0,42086.0,15.9,77,12.1,0.0,1,16.0,76.0,17.1,74.0,38539.0,36231.0,43121.0,43198.833333333336,3862.140144109309
2020-08-24 04:00:00+00:00,49257.0,294.0,8439.0,7903.0,536.0,4,0,24,8,0,0,49936.0,15.4,80,11.5,0.0,2,15.9,77.0,17.0,76.0,42418.0,36855.0,49941.0,43715.583333333336,3805.7127415245295
2020-08-24 05:00:00+00:00,55077.0,2492.0,7890.0,7481.0,409.0,5,0,24,8,0,0,55658.0,15.6,81,13.1,0.0,2,15.4,80.0,17.6,72.0,49257.0,38228.0,55861.0,44417.625,4274.590525137722
2020-08-24 06:00:00+00:00,59140.0,6560.0,7057.0,6715.0,342.0,6,0,24,8,0,0,59471.0,16.8,74,14.6,0.0,1,15.6,81.0,19.5,63.0,55077.0,41124.0,59448.0,45168.29166666666,5161.038002092925
2020-08-24 07:00:00+00:00,60497.0,11144.0,7159.0,6728.0,431.0,7,0,24,8,0,0,60840.0,18.2,66,15.3,0.0,2,16.8,74.0,21.3,56.0,59140.0,43856.0,61156.0,45861.66666666666,6022.941435563031
2020-08-24 08:00:00+00:00,63159.0,15234.0,8358.0,7779.0,579.0,8,0,24,8,0,0,62520.0,19.8,56,17.2,0.0,3,18.2,66.0,22.1,49.0,60497.0,46706.0,62380.0,46547.208333333336,6983.052671065502
2020-08-24 09:00:00+00:00,64724.0,17412.0,9810.0,9208.0,602.0,9,0,24,8,0,0,63960.0,20.5,52,18.1,0.1,51,19.8,56.0,22.7,46.0,63159.0,49083.0,64225.0,47198.91666666666,7899.7020082299505
2020-08-24 10:00:00+00:00,64668.0,17552.0,10588.0,9815.0,774.0,10,0,24,8,0,0,64010.0,21.8,46,18.4,0.0,3,20.5,52.0,23.1,43.0,64724.0,48313.0,64098.0,47880.375,8668.042634535375
2020-08-24 11:00:00+00:00,63686.0,17005.0,10619.0,10073.0,546.0,11,0,24,8,0,0,63225.0,22.4,41,20.0,0.0,3,21.8,46.0,23.6,40.0,64668.0,48084.0,63568.0,48530.458333333336,9249.530822315492
2020-08-24 12:00:00+00:00,61518.0,16321.0,11304.0,10769.0,535.0,12,0,24,8,0,0,62353.0,21.1,49,16.8,0.0,3,22.4,41.0,23.5,40.0,63686.0,46866.0,62637.0,49140.958333333336,9611.357957166672
2020-08-24 13:00:00+00:00,61003.0,15264.0,12452.0,11264.0,1188.0,13,0,24,8,0,0,61352.0,21.6,47,15.6,0.0,3,21.1,49.0,23.8,38.0,61518.0,45070.0,61547.0,49804.833333333336,9864.861777240105
2020-08-24 14:00:00+00:00,59865.0,12762.0,12064.0,10840.0,1224.0,14,0,24,8,0,0,59829.0,22.1,44,18.8,0.0,3,21.6,47.0,23.6,39.0,61003.0,44564.0,60965.0,50442.375,10004.872825006862
2020-08-24 15:00:00+00:00,59103.0,9173.0,11629.0,10630.0,1000.0,15,0,24,8,0,0,59469.0,21.8,42,19.0,0.0,3,22.1,44.0,23.6,38.0,59865.0,45965.0,60370.0,50989.79166666666,10108.131947914286
2020-08-24 16:00:00+00:00,58648.0,4932.0,10937.0,9923.0,1014.0,16,0,24,8,0,0,59163.0,22.0,40,17.5,0.0,3,21.8,42.0,23.7,37.0,59103.0,47009.0,59479.0,51474.75,10187.730571410344
2020-08-24 17:00:00+00:00,57553.0,1421.0,9269.0,8141.0,1129.0,17,0,24,8,0,0,58470.0,21.5,41,18.4,0.0,3,22.0,40.0,23.2,37.0,58648.0,46182.0,58210.0,51948.54166666666,10195.291074076416
2020-08-24 18:00:00+00:00,55402.0,51.0,8253.0,7005.0,1248.0,18,0,24,8,0,0,56727.0,19.5,55,13.8,0.0,3,21.5,41.0,21.6,44.0,57553.0,44965.0,56124.0,52383.41666666666,10106.667648106037
2020-08-24 19:00:00+00:00,53265.0,0.0,7664.0,6670.0,994.0,19,0,24,8,0,0,54174.0,18.5,62,15.5,0.0,3,19.5,55.0,20.5,50.0,55402.0,44571.0,54783.0,52745.66666666666,9969.350302265117
2020-08-24 20:00:00+00:00,49436.0,0.0,7649.0,6799.0,850.0,20,0,24,8,0,0,50486.0,17.3,72,9.7,0.1,51,18.5,62.0,19.7,55.0,53265.0,43486.0,50461.0,52993.583333333336,9801.641627882942
2020-08-24 21:00:00+00:00,46191.0,0.0,7575.0,6870.0,705.0,21,0,24,8,0,0,46722.0,17.0,76,12.1,0.1,51,17.3,72.0,18.9,59.0,49436.0,41473.0,46889.0,53190.16666666666,9605.89476477245
2020-08-24 22:00:00+00:00,43803.0,0.0,6740.0,6241.0,499.0,22,0,24,8,0,0,43236.0,16.5,79,16.9,0.0,3,17.0,76.0,18.2,63.0,46191.0,39574.0,44330.0,53366.375,9381.428568384166
2020-08-24 23:00:00+00:00,42855.0,0.0,6120.0,5760.0,360.0,23,0,24,8,0,0,41345.0,16.2,80,15.5,0.0,3,16.5,79.0,17.9,65.0,43803.0,38372.0,42473.0,53553.16666666666,9110.619654708058
2020-08-25 00:00:00+00:00,42040.0,0.0,5358.0,5112.0,245.0,0,1,25,8,0,0,40439.0,15.4,88,12.0,0.0,3,16.2,80.0,17.2,70.0,42855.0,37817.0,41081.0,53729.125,8829.941588819027
2020-08-25 01:00:00+00:00,41933.0,0.0,4932.0,4759.0,173.0,1,1,25,8,0,0,40446.0,14.2,92,10.3,0.0,1,15.4,88.0,16.6,73.0,42040.0,37652.0,41193.0,53907.5,8529.162168955832
2020-08-25 02:00:00+00:00,42607.0,0.0,4587.0,4424.0,162.0,2,1,25,8,0,0,41314.0,13.8,92,10.9,0.0,0,14.2,92.0,16.0,76.0,41933.0,38539.0,42435.0,54077.0,8246.192665603963
2020-08-25 03:00:00+00:00,46063.0,0.0,4140.0,4003.0,137.0,3,1,25,8,0,0,44538.0,13.7,90,13.1,0.0,1,13.8,92.0,15.9,77.0,42607.0,42418.0,45960.0,54228.875,8053.439126628093
2020-08-25 04:00:00+00:00,52386.0,271.0,3724.0,3416.0,307.0,4,1,25,8,0,0,51525.0,13.8,89,14.0,0.0,0,13.7,90.0,15.4,80.0,46063.0,49257.0,52688.0,54359.25,7994.563327934046
2020-08-25 05:00:00+00:00,56865.0,3206.0,3726.0,3076.0,650.0,5,1,25,8,0,0,56640.0,14.2,86,15.3,0.0,0,13.8,89.0,15.6,81.0,52386.0,55077.0,58020.0,54433.75,8009.859132724314
2020-08-25 06:00:00+00:00,59969.0,9035.0,3920.0,2389.0,1531.0,6,1,25,8,0,0,60095.0,15.2,81,17.6,0.0,1,14.2,86.0,16.8,74.0,56865.0,59140.0,61497.0,54468.29166666666,8032.791395703254
2020-08-25 07:00:00+00:00,61490.0,14675.0,4366.0,2113.0,2253.0,7,1,25,8,0,0,61384.0,16.2,74,18.8,0.0,1,15.2,81.0,18.2,66.0,59969.0,60497.0,62494.0,54509.66666666666,8067.675553750283
2020-08-25 08:00:00+00:00,62527.0,18797.0,5913.0,2750.0,3163.0,8,1,25,8,0,0,62951.0,17.5,64,16.7,0.0,1,16.2,74.0,19.8,56.0,61490.0,63159.0,63778.0,54483.333333333336,8039.197362416491
2020-08-25 09:00:00+00:00,64116.0,20490.0,7950.0,3749.0,4201.0,9,1,25,8,0,0,64346.0,18.9,55,14.4,0.0,2,17.5,64.0,20.5,52.0,62527.0,64724.0,64918.0,54458.0,8006.414759700375
2020-08-25 10:00:00+00:00,63975.0,20873.0,10012.0,5224.0,4789.0,10,1,25,8,0,0,64210.0,20.5,47,14.4,0.0,1,18.9,55.0,21.8,46.0,64116.0,64668.0,64643.0,54429.125,7969.154547446492
2020-08-25 11:00:00+00:00,63172.0,20151.0,11476.0,6660.0,4816.0,11,1,25,8,0,0,63515.0,21.5,41,13.0,0.0,1,20.5,47.0,22.4,41.0,63975.0,63686.0,63254.0,54407.708333333336,7943.846064881692
2020-08-25 12:00:00+00:00,62399.0,17569.0,12055.0,7088.0,4967.0,12,1,25,8,0,0,62424.0,21.9,44,13.4,0.0,3,21.5,41.0,21.1,49.0,63172.0,61518.0,61703.0,54444.41666666666,7980.0839916941295
2020-08-25 13:00:00+00:00,60980.0,14063.0,13791.0,8100.0,5691.0,13,1,25,8,0,0,61130.0,22.5,40,15.7,0.0,3,21.9,44.0,21.6,47.0,62399.0,61003.0,60257.0,54443.458333333336,7979.263461591734
2020-08-25 14:00:00+00:00,59774.0,11190.0,15660.0,9727.0,5933.0,14,1,25,8,0,0,59774.0,22.4,40,13.7,0.0,3,22.5,40.0,22.1,44.0,60980.0,59865.0,59692.0,54439.66666666666,7976.596362875084
2020-08-25 15:00:00+00:00,59783.0,7752.0,17794.0,12028.0,5766.0,15,1,25,8,0,0,59275.0,22.6,39,9.2,0.0,3,22.4,40.0,21.8,42.0,59774.0,59103.0,59330.0,54468.0,7995.067299931561
2020-08-25 16:00:00+00:00,59420.0,3748.0,19335.0,13873.0,5462.0,16,1,25,8,0,0,58844.0,23.0,37,9.9,0.0,3,22.6,39.0,22.0,40.0,59783.0,58648.0,59416.0,54500.16666666666,8014.146181253057
2020-08-25 17:00:00+00:00,58508.0,956.0,20214.0,15454.0,4761.0,17,1,25,8,0,0,57892.0,22.3,41,13.0,0.0,3,23.0,37.0,21.5,41.0,59420.0,57553.0,57679.0,54539.958333333336,8032.313362581816
2020-08-25 18:00:00+00:00,56607.0,28.0,21679.0,17610.0,4069.0,18,1,25,8,0,0,56146.0,21.2,46,9.2,0.0,3,22.3,41.0,19.5,55.0,58508.0,55402.0,55332.0,54590.16666666666,8041.696709713367
2020-08-25 19:00:00+00:00,54695.0,0.0,25411.0,21427.0,3984.0,19,1,25,8,0,0,53598.0,20.1,53,7.4,0.1,51,21.2,46.0,18.5,62.0,56607.0,53265.0,54342.0,54649.75,8036.747385819628
2020-08-25 20:00:00+00:00,52206.0,0.0,27763.0,23403.0,4360.0,20,1,25,8,0,0,49910.0,19.4,58,8.7,0.1,51,20.1,53.0,17.3,72.0,54695.0,49436.0,50318.0,54765.16666666666,7978.294242160618
2020-08-25 21:00:00+00:00,48023.0,0.0,29488.0,24905.0,4584.0,21,1,25,8,0,0,45930.0,19.3,58,14.5,0.0,3,19.4,58.0,17.0,76.0,52206.0,46191.0,46680.0,54841.5,7901.083447994617
2020-08-25 22:00:00+00:00,44764.0,0.0,31045.0,26664.0,4382.0,22,1,25,8,0,0,43761.0,19.5,58,18.8,0.0,3,19.3,58.0,16.5,79.0,48023.0,43803.0,44442.0,54881.54166666666,7844.945190482041
2020-08-25 23:00:00+00:00,43702.0,0.0,32286.0,28167.0,4120.0,23,1,25,8,0,0,41983.0,18.3,65,11.6,0.1,51,19.5,58.0,16.2,80.0,44764.0,42855.0,43054.0,54916.833333333336,7790.203857725946
2020-08-26 00:00:00+00:00,42754.0,0.0,32967.0,28785.0,4182.0,0,2,26,8,0,0,40958.0,17.1,82,15.5,0.0,3,18.3,65.0,15.4,88.0,43702.0,42040.0,42103.0,54946.583333333336,7740.092651488347
2020-08-26 01:00:00+00:00,42845.0,0.0,33413.0,29200.0,4213.0,1,2,26,8,0,0,40853.0,17.3,77,19.2,0.0,2,17.1,82.0,14.2,92.0,42754.0,41933.0,41874.0,54984.583333333336,7675.392922482439
2020-08-26 02:00:00+00:00,43847.0,0.0,33856.0,29582.0,4274.0,2,2,26,8,0,0,41973.0,17.7,68,18.4,0.0,3,17.3,77.0,13.8,92.0,42845.0,42607.0,42686.0,55036.25,7592.173391351691
2020-08-26 03:00:00+00:00,48040.0,0.0,34125.0,29752.0,4374.0,3,2,26,8,0,0,45506.0,17.1,75,19.1,0.9,53,17.7,68.0,13.7,90.0,43847.0,46063.0,46053.0,55118.625,7500.755526075852
2020-08-26 04:00:00+00:00,54488.0,209.0,35761.0,31494.0,4267.0,4,2,26,8,0,0,52648.0,16.5,80,19.2,0.5,53,17.1,75.0,13.8,89.0,48040.0,52386.0,52415.0,55206.208333333336,7479.703022349031
2020-08-26 05:00:00+00:00,59396.0,2175.0,36942.0,32626.0,4316.0,5,2,26,8,0,0,57824.0,16.4,83,19.0,0.5,53,16.5,80.0,14.2,86.0,54488.0,56865.0,57349.0,55311.66666666666,7521.831608964953
2020-08-26 06:00:00+00:00,62753.0,6504.0,38894.0,34577.0,4318.0,6,2,26,8,0,0,61048.0,17.3,80,19.2,0.1,51,16.4,83.0,15.2,81.0,59396.0,59969.0,60783.0,55427.66666666666,7617.635749088974
2020-08-26 07:00:00+00:00,65702.0,10728.0,41875.0,37721.0,4154.0,7,2,26,8,0,0,62253.0,19.5,71,19.7,0.0,3,17.3,80.0,16.2,74.0,62753.0,61490.0,61897.0,55603.16666666666,7809.47987282504
2020-08-26 08:00:00+00:00,67871.0,13669.0,42826.0,38986.0,3840.0,8,2,26,8,0,0,63978.0,16.9,87,21.7,1.6,61,19.5,71.0,17.5,64.0,65702.0,62527.0,63094.0,55825.833333333336,8086.741111047337
2020-08-26 09:00:00+00:00,68656.0,15772.0,42880.0,38947.0,3933.0,9,2,26,8,0,0,65562.0,16.6,87,21.8,1.6,61,16.9,87.0,18.9,55.0,67871.0,64116.0,64332.0,56015.0,8338.285920197171
2020-08-26 10:00:00+00:00,68264.0,16974.0,42868.0,38786.0,4082.0,10,2,26,8,0,0,65681.0,16.6,85,26.2,1.4,61,16.6,87.0,20.5,47.0,68656.0,63975.0,64078.0,56193.708333333336,8559.335607491315
2020-08-26 11:00:00+00:00,67372.0,17786.0,43383.0,39537.0,3846.0,11,2,26,8,0,0,64818.0,16.5,84,29.1,0.9,53,16.6,85.0,21.5,41.0,68264.0,63172.0,63309.0,56368.708333333336,8749.046777788411
2020-08-26 12:00:00+00:00,66067.0,17118.0,43120.0,39385.0,3735.0,12,2,26,8,0,0,63600.0,16.5,82,27.9,1.0,55,16.5,84.0,21.9,44.0,67372.0,62399.0,61387.0,56521.54166666666,8889.871373741527
2020-08-26 13:00:00+00:00,64683.0,15065.0,42811.0,38822.0,3989.0,13,2,26,8,0,0,62450.0,17.8,76,30.5,0.3,51,16.5,82.0,22.5,40.0,66067.0,60980.0,60199.0,56675.833333333336,9002.043027372689
2020-08-26 14:00:00+00:00,63724.0,11957.0,43322.0,38986.0,4336.0,14,2,26,8,0,0,61171.0,18.0,76,33.2,0.6,53,17.8,76.0,22.4,40.0,64683.0,59774.0,59708.0,56840.41666666666,9096.759628125106
2020-08-26 15:00:00+00:00,63521.0,7738.0,43272.0,39045.0,4227.0,15,2,26,8,0,0,60830.0,17.4,77,33.2,0.6,53,18.0,76.0,22.6,39.0,63724.0,59783.0,59606.0,56996.16666666666,9180.942040641914
2020-08-26 16:00:00+00:00,62784.0,3639.0,42477.0,38295.0,4182.0,16,2,26,8,0,0,60399.0,17.8,73,34.7,0.3,51,17.4,77.0,23.0,37.0,63521.0,59420.0,59217.0,57136.333333333336,9245.01170157842
2020-08-26 17:00:00+00:00,62168.0,832.0,41076.0,36966.0,4111.0,17,2,26,8,0,0,59382.0,17.3,75,34.4,0.4,51,17.8,73.0,22.3,41.0,62784.0,58508.0,57725.0,57288.833333333336,9298.652546923617
2020-08-26 18:00:00+00:00,60663.0,17.0,39217.0,35146.0,4071.0,18,2,26,8,0,0,57401.0,17.1,75,33.4,0.3,51,17.3,75.0,21.2,46.0,62168.0,56607.0,55626.0,57457.833333333336,9322.54919730839
2020-08-26 19:00:00+00:00,57295.0,0.0,36976.0,32850.0,4126.0,19,2,26,8,0,0,54410.0,17.4,74,33.2,0.0,3,17.1,75.0,20.1,53.0,60663.0,54695.0,54047.0,57566.16666666666,9304.1361567419
2020-08-26 20:00:00+00:00,52615.0,0.0,34752.0,30579.0,4172.0,20,2,26,8,0,0,50907.0,17.2,76,33.4,0.0,2,17.4,74.0,19.4,58.0,57295.0,52206.0,50078.0,57583.208333333336,9294.260819027246
2020-08-26 21:00:00+00:00,48629.0,0.0,33087.0,29215.0,3872.0,21,2,26,8,0,0,47062.0,17.0,78,31.0,0.0,3,17.2,76.0,19.3,58.0,52615.0,48023.0,46621.0,57608.458333333336,9267.944985759334
2020-08-26 22:00:00+00:00,46255.0,0.0,32126.0,28444.0,3683.0,22,2,26,8,0,0,43934.0,16.7,81,30.0,0.1,51,17.0,78.0,19.5,58.0,48629.0,44764.0,44185.0,57670.583333333336,9182.707699170733
2020-08-26 23:00:00+00:00,44549.0,0.0,30333.0,26681.0,3652.0,23,2,26,8,0,0,42059.0,16.6,83,28.1,0.1,51,16.7,81.0,18.3,65.0,46255.0,43702.0,42809.0,57705.875,9128.15404126654
2020-08-27 00:00:00+00:00,44530.0,0.0,27313.0,24571.0,2742.0,0,3,27,8,0,0,41148.0,16.2,87,26.8,0.2,51,16.6,83.0,17.1,82.0,44549.0,42754.0,42018.0,57779.875,9008.081407040754
2020-08-27 01:00:00+00:00,44142.0,0.0,24742.0,22095.0,2647.0,1,3,27,8,0,0,41182.0,16.2,87,27.8,0.3,51,16.2,87.0,17.3,77.0,44530.0,42845.0,41807.0,57833.91666666666,8918.028286257932
2020-08-27 02:00:00+00:00,45389.0,0.0,23438.0,20826.0,2612.0,2,3,27,8,0,0,42039.0,16.1,87,29.5,0.1,51,16.2,87.0,17.7,68.0,44142.0,43847.0,42997.0,57898.16666666666,8817.870430412331
2020-08-27 03:00:00+00:00,49181.0,0.0,21607.0,18923.0,2684.0,3,3,27,8,0,0,45357.0,15.9,87,30.6,0.1,51,16.1,87.0,17.1,75.0,45389.0,48040.0,45528.0,57945.708333333336,8765.328424508503
2020-08-27 04:00:00+00:00,54923.0,203.0,20676.0,18015.0,2661.0,4,3,27,8,0,0,52734.0,15.9,84,30.6,0.1,51,15.9,87.0,16.5,80.0,49181.0,54488.0,52274.0,57963.833333333336,8758.31463173194
2020-08-27 05:00:00+00:00,59323.0,2662.0,19082.0,15835.0,3247.0,5,3,27,8,0,0,57538.0,15.4,80,27.8,0.0,1,15.9,84.0,16.4,83.0,54923.0,59396.0,57611.0,57960.79166666666,8757.808292326848
2020-08-27 06:00:00+00:00,62841.0,7756.0,17666.0,14623.0,3043.0,6,3,27,8,0,0,60381.0,15.8,78,25.3,0.0,0,15.4,80.0,17.3,80.0,59323.0,62753.0,60939.0,57964.458333333336,8759.920066039975
2020-08-27 07:00:00+00:00,63176.0,13207.0,16732.0,14130.0,2602.0,7,3,27,8,0,0,61645.0,16.5,73,29.7,0.0,1,15.8,78.0,19.5,71.0,62841.0,65702.0,61872.0,57859.208333333336,8677.700917615424
2020-08-27 08:00:00+00:00,64720.0,17051.0,16290.0,14067.0,2223.0,8,3,27,8,0,0,63086.0,17.2,67,31.0,0.0,1,16.5,73.0,16.9,87.0,63176.0,67871.0,63441.0,57727.91666666666,8542.421339443721
2020-08-27 09:00:00+00:00,66329.0,18813.0,14362.0,12803.0,1559.0,9,3,27,8,0,0,64292.0,17.9,62,31.8,0.1,51,17.2,67.0,16.6,87.0,64720.0,68656.0,65363.0,57630.958333333336,8425.39675483908
2020-08-27 10:00:00+00:00,65456.0,18351.0,12772.0,11797.0,975.0,10,3,27,8,0,0,64109.0,18.6,56,32.9,0.0,1,17.9,62.0,16.6,85.0,66329.0,68264.0,66415.0,57513.958333333336,8289.724668838431
2020-08-27 11:00:00+00:00,64110.0,17513.0,11318.0,10734.0,585.0,11,3,27,8,0,0,63169.0,19.1,51,30.3,0.0,3,18.6,56.0,16.5,84.0,65456.0,67372.0,64954.0,57378.04166666666,8146.572303891961
2020-08-27 12:00:00+00:00,61664.0,16403.0,9857.0,9542.0,316.0,12,3,27,8,0,0,61734.0,18.9,54,27.8,0.0,3,19.1,51.0,16.5,82.0,64110.0,66067.0,63651.0,57194.583333333336,7990.473680885926
2020-08-27 13:00:00+00:00,60101.0,15584.0,8065.0,7873.0,192.0,13,3,27,8,0,0,60560.0,18.3,57,25.6,0.0,3,18.9,54.0,17.8,76.0,61664.0,64683.0,62626.0,57003.66666666666,7857.404415258927
2020-08-27 14:00:00+00:00,58640.0,14160.0,6140.0,5968.0,172.0,14,3,27,8,0,0,59541.0,19.0,52,23.7,0.0,3,18.3,57.0,18.0,76.0,60101.0,63724.0,61411.0,56791.833333333336,7735.941642841676
2020-08-27 15:00:00+00:00,58493.0,10828.0,4324.0,4225.0,99.0,15,3,27,8,0,0,59263.0,19.0,50,20.5,0.0,3,19.0,52.0,17.4,77.0,58640.0,63521.0,60933.0,56582.333333333336,7612.887126826429
2020-08-27 16:00:00+00:00,58512.0,5572.0,2860.0,2786.0,73.0,16,3,27,8,0,0,58765.0,18.8,50,19.4,0.0,3,19.0,50.0,17.8,73.0,58493.0,62784.0,60412.0,56404.333333333336,7510.83764023516
2020-08-27 17:00:00+00:00,57252.0,1251.0,2005.0,1932.0,73.0,17,3,27,8,0,0,57725.0,18.1,54,13.8,0.0,3,18.8,50.0,17.3,75.0,58512.0,62168.0,58945.0,56199.5,7413.217959951074
2020-08-27 18:00:00+00:00,55664.0,20.0,2488.0,2433.0,55.0,18,3,27,8,0,0,56157.0,16.9,58,10.1,0.0,3,18.1,54.0,17.1,75.0,57252.0,60663.0,56693.0,55991.208333333336,7352.332046359804
2020-08-27 19:00:00+00:00,52438.0,0.0,4275.0,4168.0,108.0,19,3,27,8,0,0,53842.0,14.4,70,7.6,0.0,1,16.9,58.0,17.4,74.0,55664.0,57295.0,54788.0,55788.833333333336,7381.671106114261
2020-08-27 20:00:00+00:00,49227.0,0.0,5843.0,5580.0,264.0,20,3,27,8,0,0,50733.0,13.1,79,9.8,0.0,3,14.4,70.0,17.2,76.0,52438.0,52615.0,51005.0,55647.66666666666,7476.789410171948
2020-08-27 21:00:00+00:00,46116.0,0.0,7762.0,7055.0,707.0,21,3,27,8,0,0,47040.0,12.6,83,7.9,0.0,3,13.1,79.0,17.0,78.0,49227.0,48629.0,47834.0,55542.958333333336,7596.001788579486
2020-08-27 22:00:00+00:00,43295.0,0.0,10255.0,8717.0,1538.0,22,3,27,8,0,0,45681.0,13.1,82,7.1,0.0,3,12.6,83.0,16.7,81.0,46116.0,46255.0,45252.0,55419.625,7775.278101065853
2020-08-27 23:00:00+00:00,41853.0,0.0,12475.0,9796.0,2679.0,23,3,27,8,0,0,43568.0,12.5,85,6.8,0.0,3,13.1,82.0,16.6,83.0,43295.0,44549.0,44509.0,55307.29166666666,7956.522659068873
2020-08-28 00:00:00+00:00,40772.0,0.0,14651.0,11195.0,3456.0,0,4,28,8,0,0,42639.0,12.9,80,8.0,0.0,3,12.5,85.0,16.2,87.0,41853.0,44530.0,43332.0,55150.708333333336,8210.756632396928
2020-08-28 01:00:00+00:00,40902.0,0.0,16678.0,12700.0,3978.0,1,4,28,8,0,0,42512.0,13.1,78,7.8,0.0,3,12.9,80.0,16.2,87.0,40772.0,44142.0,42981.0,55015.708333333336,8423.509268083788
2020-08-28 02:00:00+00:00,41710.0,0.0,18330.0,14253.0,4077.0,2,4,28,8,0,0,43339.0,13.2,77,9.8,0.2,51,13.1,78.0,16.1,87.0,40902.0,45389.0,43637.0,54862.41666666666,8637.081566869341
2020-08-28 03:00:00+00:00,45402.0,0.0,19594.0,14665.0,4929.0,3,4,28,8,0,0,46447.0,13.4,77,11.9,0.0,3,13.2,77.0,15.9,87.0,41710.0,49181.0,47084.0,54704.958333333336,8778.449518833637
2020-08-28 04:00:00+00:00,52417.0,160.0,19875.0,14767.0,5108.0,4,4,28,8,0,0,53018.0,13.7,75,12.7,0.0,3,13.4,77.0,15.9,84.0,45402.0,54923.0,52528.0,54600.54166666666,8790.638770771362
2020-08-28 05:00:00+00:00,57014.0,1588.0,18738.0,14074.0,4664.0,5,4,28,8,0,0,58028.0,13.8,78,17.9,0.5,53,13.7,75.0,15.4,80.0,52417.0,59323.0,57410.0,54504.333333333336,8749.24496949491
2020-08-28 06:00:00+00:00,59690.0,5178.0,16577.0,12471.0,4106.0,6,4,28,8,0,0,61463.0,14.1,79,18.6,0.2,51,13.8,78.0,15.8,78.0,57014.0,62841.0,61241.0,54373.04166666666,8641.686230778796
2020-08-28 07:00:00+00:00,61366.0,9748.0,15732.0,11839.0,3894.0,7,4,28,8,0,0,62835.0,14.9,78,19.0,0.0,3,14.1,79.0,16.5,73.0,59690.0,63176.0,63738.0,54297.625,8569.115239258692
2020-08-28 08:00:00+00:00,63017.0,13615.0,15053.0,11360.0,3693.0,8,4,28,8,0,0,64225.0,15.1,78,18.2,0.0,3,14.9,78.0,17.2,67.0,61366.0,64720.0,64944.0,54226.66666666666,8485.70328445933
2020-08-28 09:00:00+00:00,64133.0,17111.0,15049.0,11549.0,3500.0,9,4,28,8,0,0,65608.0,15.7,76,18.3,0.1,51,15.1,78.0,17.9,62.0,63017.0,66329.0,65823.0,54135.16666666666,8360.447042689935
2020-08-28 10:00:00+00:00,64544.0,18472.0,15421.0,11408.0,4013.0,10,4,28,8,0,0,64990.0,16.6,75,19.3,0.2,51,15.7,76.0,18.6,56.0,64133.0,65456.0,64203.0,54097.16666666666,8308.66652654173
2020-08-28 11:00:00+00:00,63300.0,17752.0,14933.0,10741.0,4192.0,11,4,28,8,0,0,63814.0,17.6,76,16.6,1.0,55,16.6,75.0,19.1,51.0,64544.0,64110.0,63929.0,54063.41666666666,8267.770268345907
2020-08-28 12:00:00+00:00,59620.0,15945.0,14838.0,9838.0,5000.0,12,4,28,8,0,0,62324.0,19.0,69,16.6,0.0,3,17.6,76.0,18.9,54.0,63300.0,61664.0,63194.0,53978.25,8196.290917503315
2020-08-28 13:00:00+00:00,58933.0,13064.0,13678.0,9092.0,4587.0,13,4,28,8,0,0,61057.0,20.0,67,9.5,0.1,51,19.0,69.0,18.3,57.0,59620.0,60101.0,61620.0,53929.583333333336,8161.750365958967
2020-08-28 14:00:00+00:00,57778.0,9751.0,12717.0,8097.0,4620.0,14,4,28,8,0,0,59677.0,21.0,64,7.9,0.0,3,20.0,67.0,19.0,52.0,58933.0,58640.0,60362.0,53893.66666666666,8141.993168360104
2020-08-28 15:00:00+00:00,57208.0,5866.0,10743.0,6797.0,3946.0,15,4,28,8,0,0,59355.0,21.1,63,7.4,0.2,51,21.0,64.0,19.0,50.0,57778.0,58493.0,59690.0,53840.125,8114.612023260436
2020-08-28 16:00:00+00:00,56372.0,2752.0,9453.0,5914.0,3539.0,16,4,28,8,0,0,59173.0,21.0,63,1.4,0.0,3,21.1,63.0,18.8,50.0,57208.0,58512.0,58924.0,53750.958333333336,8072.692856458086
2020-08-28 17:00:00+00:00,55134.0,666.0,8433.0,5476.0,2957.0,17,4,28,8,0,0,58110.0,19.9,73,3.1,0.0,3,21.0,63.0,18.1,54.0,56372.0,57252.0,57229.0,53662.708333333336,8044.282622535775
2020-08-28 18:00:00+00:00,53852.0,16.0,8530.0,5844.0,2686.0,18,4,28,8,0,0,56287.0,18.1,78,5.3,0.0,3,19.9,73.0,16.9,58.0,55134.0,55664.0,54826.0,53587.208333333336,8033.178384345091
2020-08-28 19:00:00+00:00,51542.0,0.0,8529.0,6021.0,2507.0,19,4,28,8,0,0,53335.0,17.7,78,7.6,0.0,3,18.1,78.0,14.4,70.0,53852.0,52438.0,52660.0,53549.875,8040.829804206554
2020-08-28 20:00:00+00:00,47300.0,0.0,8561.0,5926.0,2635.0,20,4,28,8,0,0,50065.0,17.7,76,9.1,0.0,3,17.7,78.0,13.1,79.0,51542.0,49227.0,49479.0,53469.583333333336,8095.309102870219
2020-08-28 21:00:00+00:00,44223.0,0.0,9415.0,7004.0,2411.0,21,4,28,8,0,0,46441.0,17.1,79,8.5,0.0,3,17.7,76.0,12.6,83.0,47300.0,46116.0,45905.0,53390.708333333336,8178.86322216498
2020-08-28 22:00:00+00:00,41728.0,0.0,9661.0,7592.0,2069.0,22,4,28,8,0,0,41252.0,16.9,80,7.7,0.0,3,17.1,79.0,13.1,82.0,44223.0,43295.0,43887.0,53325.41666666666,8268.72212889793
2020-08-28 23:00:00+00:00,40008.0,0.0,10440.0,8402.0,2037.0,23,4,28,8,0,0,39374.0,17.7,75,10.4,0.0,3,16.9,80.0,12.5,85.0,41728.0,41853.0,42747.0,53248.54166666666,8387.739546137522
2020-08-29 00:00:00+00:00,38829.0,0.0,11313.0,9281.0,2032.0,0,5,29,8,1,0,38096.0,16.6,78,8.3,0.0,3,17.7,75.0,12.9,80.0,40008.0,40772.0,41322.0,53167.583333333336,8521.705804522895
2020-08-29 01:00:00+00:00,39071.0,0.0,11922.0,10085.0,1837.0,1,5,29,8,1,0,37532.0,16.1,80,7.9,0.0,3,16.6,78.0,13.1,78.0,38829.0,40902.0,40381.0,53091.29166666666,8643.6134828939
2020-08-29 02:00:00+00:00,38523.0,0.0,11339.0,9805.0,1535.0,2,5,29,8,1,0,37603.0,15.9,81,8.4,0.0,3,16.1,80.0,13.2,77.0,39071.0,41710.0,39631.0,52958.5,8848.12767715875
2020-08-29 03:00:00+00:00,38849.0,0.0,10545.0,9500.0,1045.0,3,5,29,8,1,0,38353.0,15.4,83,9.3,0.0,3,15.9,81.0,13.4,77.0,38523.0,45402.0,39977.0,52685.458333333336,9186.10343176344
2020-08-29 04:00:00+00:00,40675.0,153.0,10522.0,9358.0,1164.0,4,5,29,8,1,0,39922.0,15.2,84,7.8,0.0,3,15.4,83.0,13.7,75.0,38849.0,52417.0,42175.0,52196.208333333336,9508.0690673496
2020-08-29 05:00:00+00:00,43057.0,1457.0,10420.0,8953.0,1467.0,5,5,29,8,1,0,42532.0,15.4,85,10.9,0.0,3,15.2,84.0,13.8,78.0,40675.0,57014.0,44466.0,51614.66666666666,9626.67289884964
2020-08-29 06:00:00+00:00,46166.0,4718.0,9287.0,7574.0,1713.0,6,5,29,8,1,0,46590.0,16.2,82,13.7,0.0,3,15.4,85.0,14.1,79.0,43057.0,59690.0,48066.0,51051.16666666666,9528.746670021485
2020-08-29 07:00:00+00:00,49195.0,9199.0,8557.0,6892.0,1665.0,7,5,29,8,1,0,49583.0,17.4,71,15.4,0.0,3,16.2,82.0,14.9,78.0,46166.0,61366.0,50344.0,50544.04166666666,9276.45137116895
2020-08-29 08:00:00+00:00,51154.0,13090.0,8986.0,7350.0,1636.0,8,5,29,8,1,0,51364.0,18.2,65,13.9,0.0,3,17.4,71.0,15.1,78.0,49195.0,63017.0,52113.0,50049.75,8890.98769027889
2020-08-29 09:00:00+00:00,52156.0,16089.0,10355.0,8591.0,1764.0,9,5,29,8,1,0,52836.0,18.9,60,13.2,0.0,3,18.2,65.0,15.7,76.0,51154.0,64133.0,53543.0,49550.708333333336,8388.0441959354
2020-08-29 10:00:00+00:00,52347.0,16937.0,11109.0,9491.0,1618.0,10,5,29,8,1,0,52244.0,19.4,57,11.6,0.0,3,18.9,60.0,16.6,75.0,52156.0,64544.0,53524.0,49042.5,7788.188939446427
2020-08-29 11:00:00+00:00,50217.0,16025.0,11250.0,9765.0,1485.0,11,5,29,8,1,0,50732.0,20.3,54,11.3,0.0,2,19.4,57.0,17.6,76.0,52347.0,63300.0,52150.0,48497.375,7181.064089809381
2020-08-29 12:00:00+00:00,49152.0,14652.0,10738.0,9181.0,1557.0,12,5,29,8,1,0,49262.0,21.6,46,9.9,0.0,1,20.3,54.0,19.0,69.0,50217.0,59620.0,50442.0,48061.208333333336,6782.992247103645
2020-08-29 13:00:00+00:00,48417.0,12201.0,10010.0,8812.0,1198.0,13,5,29,8,1,0,48421.0,22.4,42,12.0,0.0,2,21.6,46.0,20.0,67.0,49152.0,58933.0,49535.0,47623.04166666666,6377.711191458811
2020-08-29 14:00:00+00:00,47872.0,9070.0,9194.0,7990.0,1204.0,14,5,29,8,1,0,48128.0,22.5,41,12.3,0.0,3,22.4,42.0,21.0,64.0,48417.0,57778.0,49154.0,47210.29166666666,6001.375570426389
2020-08-29 15:00:00+00:00,48523.0,5985.0,8208.0,6472.0,1736.0,15,5,29,8,1,0,48348.0,22.3,42,14.8,0.0,3,22.5,41.0,21.1,63.0,47872.0,57208.0,50050.0,46848.41666666666,5622.183731059356
2020-08-29 16:00:00+00:00,48792.0,3047.0,6890.0,4841.0,2048.0,16,5,29,8,1,0,48949.0,22.0,43,9.0,0.0,3,22.3,42.0,21.0,63.0,48523.0,56372.0,50695.0,46532.583333333336,5265.518298255775
2020-08-29 17:00:00+00:00,47831.0,802.0,5295.0,3252.0,2043.0,17,5,29,8,1,0,48363.0,20.9,66,4.0,0.0,3,22.0,43.0,19.9,73.0,48792.0,55134.0,49446.0,46228.29166666666,4948.29783187731
2020-08-29 18:00:00+00:00,46590.0,19.0,4497.0,2366.0,2131.0,18,5,29,8,1,0,46877.0,21.1,48,2.9,0.0,3,20.9,66.0,18.1,78.0,47831.0,53852.0,47061.0,45925.708333333336,4676.409468803803
2020-08-29 19:00:00+00:00,44887.0,0.0,4191.0,2187.0,2005.0,19,5,29,8,1,0,44997.0,18.0,63,5.0,0.0,3,21.1,48.0,17.7,78.0,46590.0,51542.0,45865.0,45648.41666666666,4523.721697092299
2020-08-29 20:00:00+00:00,42443.0,0.0,3971.0,2029.0,1942.0,20,5,29,8,1,0,42800.0,17.2,68,6.6,0.0,3,18.0,63.0,17.7,76.0,44887.0,47300.0,43843.0,45446.04166666666,4555.156499760312
2020-08-29 21:00:00+00:00,39637.0,0.0,3482.0,1727.0,1755.0,21,5,29,8,1,0,39923.0,16.9,66,5.9,0.0,3,17.2,68.0,17.1,79.0,42443.0,44223.0,41583.0,45254.958333333336,4702.497916039078
2020-08-29 22:00:00+00:00,37614.0,0.0,2961.0,1627.0,1334.0,22,5,29,8,1,0,37606.0,17.4,63,5.2,0.0,3,16.9,66.0,16.9,80.0,39637.0,41728.0,39024.0,45083.54166666666,4907.181046615737
2020-08-29 23:00:00+00:00,36362.0,0.0,2756.0,1543.0,1213.0,23,5,29,8,1,0,35613.0,15.1,76,6.7,0.0,3,17.4,63.0,17.7,75.0,37614.0,40008.0,37981.0,44931.625,5122.839190818816
2020-08-30 00:00:00+00:00,35428.0,0.0,2567.0,1276.0,1291.0,0,6,30,8,1,0,34602.0,15.9,72,4.7,0.0,3,15.1,76.0,16.6,78.0,36362.0,38829.0,36659.0,44789.91666666666,5341.368404025811
2020-08-30 01:00:00+00:00,34807.0,0.0,2588.0,1272.0,1316.0,1,6,30,8,1,0,34148.0,15.2,74,5.9,0.0,3,15.9,72.0,16.1,80.0,35428.0,39071.0,36291.0,44612.25,5604.307444704601
2020-08-30 02:00:00+00:00,34625.0,0.0,2742.0,1223.0,1519.0,2,6,30,8,1,0,34206.0,15.5,72,6.8,0.0,3,15.2,74.0,15.9,81.0,34807.0,38523.0,36081.0,44449.833333333336,5839.97886138622
2020-08-30 03:00:00+00:00,35379.0,0.0,2892.0,1313.0,1579.0,3,6,30,8,1,0,34434.0,14.4,80,8.1,0.0,3,15.5,72.0,15.4,83.0,34625.0,38849.0,36231.0,44305.25,6024.703133583806
2020-08-30 04:00:00+00:00,36097.0,150.0,2780.0,1371.0,1409.0,4,6,30,8,1,0,35021.0,14.2,82,5.6,0.0,3,14.4,80.0,15.2,84.0,35379.0,40675.0,36855.0,44114.5,6214.133609903103
2020-08-30 05:00:00+00:00,36870.0,1245.0,3005.0,1393.0,1612.0,5,6,30,8,1,0,36427.0,14.9,80,5.0,0.0,3,14.2,82.0,15.4,85.0,36097.0,43057.0,38228.0,43856.708333333336,6385.87101055085
2020-08-30 06:00:00+00:00,39591.0,3975.0,3012.0,1262.0,1750.0,6,6,30,8,1,0,39934.0,16.5,74,7.6,0.0,3,14.9,80.0,16.2,82.0,36870.0,46166.0,41124.0,43582.75,6423.419042506864
2020-08-30 07:00:00+00:00,42434.0,7243.0,3112.0,1138.0,1974.0,7,6,30,8,1,0,43475.0,17.8,70,9.0,0.0,3,16.5,74.0,17.4,71.0,39591.0,49195.0,43856.0,43301.04166666666,6313.90744777315
2020-08-30 08:00:00+00:00,45472.0,9651.0,3243.0,941.0,2302.0,8,6,30,8,1,0,46071.0,19.5,67,9.5,0.0,3,17.8,70.0,18.2,65.0,42434.0,51154.0,46706.0,43064.29166666666,6109.876960826321
2020-08-30 09:00:00+00:00,47775.0,11371.0,3229.0,828.0,2400.0,9,6,30,8,1,0,48810.0,21.8,56,7.3,0.0,3,19.5,67.0,18.9,60.0,45472.0,52156.0,49083.0,42881.75,5887.849007470334
2020-08-30 10:00:00+00:00,47919.0,12266.0,3838.0,1009.0,2829.0,10,6,30,8,1,0,48471.0,22.4,51,6.9,0.1,51,21.8,56.0,19.4,57.0,47775.0,52347.0,48313.0,42697.25,5642.623428172439
2020-08-30 11:00:00+00:00,46491.0,11510.0,4682.0,1253.0,3429.0,11,6,30,8,1,0,46993.0,22.5,50,6.4,0.0,3,22.4,51.0,20.3,54.0,47919.0,50217.0,48084.0,42542.0,5475.514738557491
2020-08-30 12:00:00+00:00,44657.0,10343.0,5902.0,1937.0,3965.0,12,6,30,8,1,0,45627.0,22.6,55,9.8,0.0,3,22.5,50.0,21.6,46.0,46491.0,49152.0,46866.0,42354.708333333336,5314.084104315606
2020-08-30 13:00:00+00:00,43887.0,8798.0,7241.0,2909.0,4331.0,13,6,30,8,1,0,44766.0,22.0,57,10.1,0.0,3,22.6,55.0,22.4,42.0,44657.0,48417.0,45070.0,42165.958333333336,5167.83432463445
2020-08-30 14:00:00+00:00,43897.0,6741.0,8770.0,4521.0,4248.0,14,6,30,8,1,0,44316.0,21.5,60,12.5,0.1,51,22.0,57.0,22.5,41.0,43887.0,47872.0,44564.0,42000.333333333336,5039.10361823887
2020-08-30 15:00:00+00:00,45375.0,4486.0,10119.0,6234.0,3884.0,15,6,30,8,1,0,45207.0,20.0,68,11.3,0.4,51,21.5,60.0,22.3,42.0,43897.0,48523.0,45965.0,41869.16666666666,4901.017123063875
2020-08-30 16:00:00+00:00,46359.0,2062.0,11280.0,7499.0,3781.0,16,6,30,8,1,0,46845.0,19.0,79,10.0,0.7,53,20.0,68.0,22.0,43.0,45375.0,48792.0,47009.0,41767.79166666666,4775.1422467225775
2020-08-30 17:00:00+00:00,46306.0,490.0,11723.0,8038.0,3685.0,17,6,30,8,1,0,46762.0,18.0,88,8.2,1.4,61,19.0,79.0,20.9,66.0,46359.0,47831.0,46182.0,41704.25,4700.515968439062
2020-08-30 18:00:00+00:00,46182.0,13.0,12195.0,8652.0,3543.0,18,6,30,8,1,0,46168.0,17.5,89,9.2,2.0,61,18.0,88.0,21.1,48.0,46306.0,46590.0,44965.0,41687.25,4682.782127806836
2020-08-30 19:00:00+00:00,44860.0,0.0,13309.0,9624.0,3685.0,19,6,30,8,1,0,45199.0,16.9,89,13.4,1.7,61,17.5,89.0,18.0,63.0,46182.0,44887.0,44571.0,41686.125,4681.983166884026
2020-08-30 20:00:00+00:00,43234.0,0.0,13304.0,9923.0,3381.0,20,6,30,8,1,0,44101.0,16.1,89,13.9,1.3,61,16.9,89.0,17.2,68.0,44860.0,42443.0,43486.0,41719.083333333336,4690.319419144991
2020-08-30 21:00:00+00:00,40621.0,0.0,13301.0,9699.0,3602.0,21,6,30,8,1,0,41351.0,15.7,89,12.1,0.8,53,16.1,89.0,16.9,66.0,43234.0,39637.0,41473.0,41760.083333333336,4675.605451763993
2020-08-30 22:00:00+00:00,39327.0,0.0,12404.0,9294.0,3111.0,22,6,30,8,1,0,38900.0,15.4,90,10.1,0.5,53,15.7,89.0,17.4,63.0,40621.0,37614.0,39574.0,41831.458333333336,4622.333346199876
2020-08-30 23:00:00+00:00,38254.0,0.0,11040.0,8510.0,2530.0,23,6,30,8,1,0,37365.0,15.2,91,11.8,0.2,51,15.4,90.0,15.1,76.0,39327.0,36362.0,38372.0,41910.29166666666,4540.4045450770855
2020-08-31 00:00:00+00:00,37722.0,0.0,9674.0,7660.0,2015.0,0,0,31,8,0,0,36526.0,15.6,93,8.9,0.2,51,15.2,91.0,15.9,72.0,38254.0,35428.0,37817.0,42005.875,4420.572964165109
2020-08-31 01:00:00+00:00,37789.0,0.0,8658.0,6834.0,1824.0,1,0,31,8,0,0,36709.0,15.4,94,10.7,0.6,53,15.6,93.0,15.2,74.0,37722.0,34807.0,37652.0,42130.125,4247.973545651046
2020-08-31 02:00:00+00:00,39668.0,0.0,8029.0,6206.0,1823.0,2,0,31,8,0,0,38122.0,15.2,92,12.0,0.1,51,15.4,94.0,15.5,72.0,37789.0,34625.0,38539.0,42340.25,3976.654266108642
2020-08-31 03:00:00+00:00,44205.0,0.0,7856.0,5607.0,2249.0,3,0,31,8,0,0,42127.0,15.1,94,11.2,0.0,3,15.2,92.0,14.4,80.0,39668.0,35379.0,42418.0,42708.0,3703.6377534367793
2020-08-31 04:00:00+00:00,52216.0,129.0,7542.0,5123.0,2418.0,4,0,31,8,0,0,50006.0,14.9,94,11.5,0.0,3,15.1,94.0,14.2,82.0,44205.0,36097.0,49257.0,43379.625,3908.5206231954176
2020-08-31 05:00:00+00:00,57265.0,1074.0,6835.0,4775.0,2059.0,5,0,31,8,0,0,55368.0,14.9,94,13.2,0.0,3,14.9,94.0,14.9,80.0,52216.0,36870.0,55077.0,44229.41666666666,4589.483203989152
2020-08-31 06:00:00+00:00,60173.0,3697.0,5691.0,3782.0,1909.0,6,0,31,8,0,0,59014.0,15.2,93,12.5,0.0,3,14.9,94.0,16.5,74.0,57265.0,39591.0,59140.0,45087.0,5514.760233661297
2020-08-31 07:00:00+00:00,61367.0,7282.0,4633.0,2869.0,1764.0,7,0,31,8,0,0,60272.0,16.3,87,14.6,0.0,3,15.2,93.0,17.8,70.0,60173.0,42434.0,60497.0,45875.875,6401.60839376826
2020-08-31 08:00:00+00:00,62832.0,10765.0,3992.0,2671.0,1320.0,8,0,31,8,0,0,61937.0,17.8,78,13.9,0.0,3,16.3,87.0,19.5,67.0,61367.0,45472.0,63159.0,46599.208333333336,7275.161925459656
2020-08-31 09:00:00+00:00,63789.0,13918.0,3662.0,2659.0,1003.0,9,0,31,8,0,0,63096.0,19.0,66,14.2,0.0,3,17.8,78.0,21.8,56.0,62832.0,47775.0,64724.0,47266.458333333336,8077.786701701178
2020-08-31 10:00:00+00:00,64472.0,16630.0,3376.0,2397.0,978.0,10,0,31,8,0,0,63201.0,20.2,60,12.5,0.0,2,19.0,66.0,22.4,51.0,63789.0,47919.0,64668.0,47956.16666666666,8809.463254964658
2020-08-31 11:00:00+00:00,63139.0,17181.0,3484.0,2381.0,1103.0,11,0,31,8,0,0,62135.0,21.1,59,11.5,0.0,1,20.2,60.0,22.5,50.0,64472.0,46491.0,63686.0,48649.833333333336,9329.188271071342
2020-08-31 12:00:00+00:00,62301.0,16088.0,3140.0,2232.0,908.0,12,0,31,8,0,0,60972.0,20.8,57,8.9,0.0,2,21.1,59.0,22.6,55.0,63139.0,44657.0,61518.0,49385.0,9689.116911346133
2020-08-31 13:00:00+00:00,60358.0,13636.0,3224.0,2472.0,752.0,13,0,31,8,0,0,60210.0,21.2,58,8.1,0.0,1,20.8,57.0,22.0,57.0,62301.0,43887.0,61003.0,50071.29166666666,9864.498279311096
2020-08-31 14:00:00+00:00,59044.0,10700.0,3165.0,2447.0,718.0,14,0,31,8,0,0,58836.0,21.0,59,11.8,0.0,3,21.2,58.0,21.5,60.0,60358.0,43897.0,59865.0,50702.41666666666,9936.58035795721
2020-08-31 15:00:00+00:00,59327.0,6824.0,2852.0,2372.0,481.0,15,0,31,8,0,0,58416.0,17.3,80,11.4,1.0,55,21.0,59.0,20.0,68.0,59044.0,45375.0,59103.0,51283.75,10019.135557825524
2020-08-31 16:00:00+00:00,58748.0,3143.0,2661.0,2280.0,381.0,16,0,31,8,0,0,58273.0,17.9,77,5.4,0.0,1,17.3,80.0,19.0,79.0,59327.0,46359.0,58648.0,51799.958333333336,10073.377178523324
2020-08-31 17:00:00+00:00,57982.0,709.0,2405.0,1926.0,480.0,17,0,31,8,0,0,57647.0,17.7,80,3.7,0.0,1,17.9,77.0,18.0,88.0,58748.0,46306.0,57553.0,52286.458333333336,10078.455337907017
2020-08-31 18:00:00+00:00,56710.0,7.0,2313.0,1870.0,443.0,18,0,31,8,0,0,56084.0,15.2,91,7.9,0.2,51,17.7,80.0,17.5,89.0,57982.0,46182.0,55402.0,52725.125,10030.206666181057
2020-08-31 19:00:00+00:00,53570.0,0.0,2595.0,2225.0,370.0,19,0,31,8,0,0,53292.0,15.3,90,7.2,0.0,1,15.2,91.0,16.9,89.0,56710.0,44860.0,53265.0,53088.04166666666,9889.846947772312
2020-08-31 20:00:00+00:00,49860.0,0.0,3178.0,2805.0,373.0,20,0,31,8,0,0,49684.0,13.8,95,7.0,0.0,1,15.3,90.0,16.1,89.0,53570.0,43234.0,49436.0,53364.125,9693.33580717451
2020-08-31 21:00:00+00:00,46168.0,0.0,3247.0,2982.0,266.0,21,0,31,8,0,0,45941.0,13.4,95,5.5,0.0,0,13.8,95.0,15.7,89.0,49860.0,40621.0,46191.0,53595.25,9439.077857733108
2020-08-31 22:00:00+00:00,43344.0,0.0,3227.0,2814.0,413.0,22,0,31,8,0,0,42759.0,13.4,95,7.1,0.0,0,13.4,95.0,15.4,90.0,46168.0,39327.0,43803.0,53762.625,9207.853952929428
2020-08-31 23:00:00+00:00,41690.0,0.0,3171.0,2731.0,440.0,23,0,31,8,0,0,41045.0,13.2,93,8.6,0.0,0,13.4,95.0,15.2,91.0,43344.0,38254.0,42855.0,53905.79166666666,8980.13294168646
2020-09-01 00:00:00+00:00,40835.0,0.0,3204.0,2636.0,568.0,0,1,1,9,0,0,40290.0,12.3,93,7.4,0.0,0,13.2,93.0,15.6,93.0,41690.0,37722.0,42040.0,54035.5,8755.8944518635
2020-09-01 01:00:00+00:00,41159.0,0.0,3227.0,2653.0,574.0,1,1,1,9,0,0,40460.0,11.4,95,6.8,0.0,0,12.3,93.0,15.4,94.0,40835.0,37789.0,41933.0,54175.91666666666,8507.523784819861
2020-09-01 02:00:00+00:00,42443.0,0.0,3050.0,2558.0,492.0,2,1,1,9,0,0,41402.0,10.6,96,6.2,0.0,3,11.4,95.0,15.2,92.0,41159.0,39668.0,42607.0,54291.54166666666,8318.533341563918
2020-09-01 03:00:00+00:00,46106.0,0.0,2985.0,2516.0,469.0,3,1,1,9,0,0,44838.0,10.4,96,6.3,0.0,2,10.6,96.0,15.1,94.0,42443.0,44205.0,46063.0,54370.75,8226.859838623019
2020-09-01 04:00:00+00:00,54352.0,144.0,3405.0,2931.0,474.0,4,1,1,9,0,0,52091.0,10.4,96,7.0,0.0,2,10.4,96.0,14.9,94.0,46106.0,52216.0,52386.0,54459.75,8214.079705788356
2020-09-01 05:00:00+00:00,58810.0,1414.0,4001.0,3492.0,509.0,5,1,1,9,0,0,56761.0,11.0,96,9.2,0.0,0,10.4,96.0,14.9,94.0,54352.0,57265.0,56865.0,54524.125,8243.023961336921
2020-09-01 06:00:00+00:00,61505.0,4677.0,3594.0,2864.0,729.0,6,1,1,9,0,0,59709.0,12.9,89,9.5,0.0,0,11.0,96.0,15.2,93.0,58810.0,60173.0,59969.0,54579.625,8287.077718600884
2020-09-01 07:00:00+00:00,62122.0,8806.0,2288.0,1633.0,656.0,7,1,1,9,0,0,60906.0,14.8,80,10.0,0.0,2,12.9,89.0,16.3,87.0,61505.0,61367.0,61490.0,54611.083333333336,8315.34810333945
2020-09-01 08:00:00+00:00,63593.0,12873.0,2509.0,1944.0,566.0,8,1,1,9,0,0,62496.0,16.4,68,14.9,0.1,51,14.8,80.0,17.8,78.0,62122.0,62832.0,62527.0,54642.79166666666,8349.440361246696
2020-09-01 09:00:00+00:00,65152.0,15448.0,2894.0,2391.0,503.0,9,1,1,9,0,0,64086.0,17.0,62,13.6,0.0,3,16.4,68.0,19.0,66.0,63593.0,63789.0,64116.0,54699.583333333336,8418.704526576405
2020-09-01 10:00:00+00:00,65228.0,17005.0,3203.0,2713.0,491.0,10,1,1,9,0,0,64220.0,17.7,56,12.7,0.0,3,17.0,62.0,20.2,60.0,65152.0,64472.0,63975.0,54731.083333333336,8458.181251292213
2020-09-01 11:00:00+00:00,64302.0,17336.0,3689.0,3195.0,495.0,11,1,1,9,0,0,62897.0,18.3,52,12.7,0.0,3,17.7,56.0,21.1,59.0,65228.0,63139.0,63172.0,54779.54166666666,8511.60874274034
2020-09-01 12:00:00+00:00,62853.0,16620.0,4037.0,3528.0,509.0,12,1,1,9,0,0,61543.0,17.7,52,12.9,0.0,3,18.3,52.0,20.8,57.0,64302.0,62301.0,62399.0,54802.54166666666,8533.534401963456
2020-09-01 13:00:00+00:00,61658.0,14471.0,4327.0,3657.0,669.0,13,1,1,9,0,0,60466.0,18.2,47,13.5,0.0,3,17.7,52.0,21.2,58.0,62853.0,60358.0,60980.0,54856.708333333336,8574.359124126646
2020-09-01 14:00:00+00:00,59947.0,11361.0,4446.0,3772.0,674.0,14,1,1,9,0,0,58986.0,18.2,46,15.7,0.0,3,18.2,47.0,21.0,59.0,61658.0,59044.0,59774.0,54894.333333333336,8595.487373523792
2020-09-01 15:00:00+00:00,59992.0,7376.0,4549.0,3889.0,660.0,15,1,1,9,0,0,58373.0,18.1,46,15.8,0.0,3,18.2,46.0,17.3,80.0,59947.0,59327.0,59783.0,54922.04166666666,8611.454755045143
2020-09-01 16:00:00+00:00,59691.0,3453.0,4312.0,3604.0,708.0,16,1,1,9,0,0,58369.0,17.9,48,11.9,0.0,3,18.1,46.0,17.9,77.0,59992.0,58748.0,59420.0,54961.333333333336,8631.797821032977
2020-09-01 17:00:00+00:00,58615.0,707.0,3842.0,2830.0,1012.0,17,1,1,9,0,0,57534.0,17.1,52,10.3,0.0,3,17.9,48.0,17.7,80.0,59691.0,57982.0,58508.0,54987.708333333336,8642.389542145718
2020-09-01 18:00:00+00:00,57861.0,6.0,4382.0,3133.0,1250.0,18,1,1,9,0,0,56090.0,16.0,59,12.8,0.0,3,17.1,52.0,15.2,91.0,58615.0,56710.0,56607.0,55035.66666666666,8655.545966085318
2020-09-01 19:00:00+00:00,54930.0,0.0,4847.0,3433.0,1414.0,19,1,1,9,0,0,53547.0,15.2,66,6.1,0.0,3,16.0,59.0,15.3,90.0,57861.0,53570.0,54695.0,55092.333333333336,8649.983330804158
2020-09-01 20:00:00+00:00,50483.0,0.0,4825.0,3483.0,1342.0,20,1,1,9,0,0,50034.0,14.4,72,7.6,0.0,3,15.2,66.0,13.8,95.0,54930.0,49860.0,52206.0,55118.29166666666,8634.519540416943
2020-09-01 21:00:00+00:00,46427.0,0.0,4009.0,2836.0,1173.0,21,1,1,9,0,0,46394.0,13.4,78,7.9,0.0,3,14.4,72.0,13.4,95.0,50483.0,46168.0,48023.0,55129.083333333336,8623.001020610558
2020-09-01 22:00:00+00:00,43933.0,0.0,3298.0,2260.0,1038.0,22,1,1,9,0,0,43085.0,12.5,82,6.8,0.0,3,13.4,78.0,13.4,95.0,46427.0,43344.0,44764.0,55153.625,8588.77176425592
2020-09-01 23:00:00+00:00,41983.0,0.0,2925.0,2043.0,882.0,23,1,1,9,0,0,41520.0,11.6,88,6.4,0.0,3,12.5,82.0,13.2,93.0,43933.0,41690.0,43702.0,55165.833333333336,8568.98755455663
2020-09-02 00:00:00+00:00,41148.0,0.0,2449.0,1701.0,748.0,0,2,2,9,0,0,40659.0,12.6,87,6.6,0.0,3,11.6,88.0,12.3,93.0,41983.0,40835.0,42754.0,55178.875,8546.436792796305
2020-09-02 01:00:00+00:00,41058.0,0.0,2253.0,1575.0,678.0,1,2,2,9,0,0,40838.0,11.9,91,7.1,0.0,3,12.6,87.0,11.4,95.0,41148.0,41159.0,42845.0,55174.66666666666,8553.662254906725
2020-09-02 02:00:00+00:00,42365.0,0.0,2052.0,1418.0,634.0,2,2,2,9,0,0,41920.0,11.5,93,8.8,0.0,3,11.9,91.0,10.6,96.0,41058.0,42443.0,43847.0,55171.41666666666,8558.72335012994
2020-09-02 03:00:00+00:00,46139.0,0.0,2041.0,1254.0,787.0,3,2,2,9,0,0,45252.0,11.4,93,8.4,0.0,3,11.5,93.0,10.4,96.0,42365.0,46106.0,48040.0,55172.79166666666,8557.206141884843
2020-09-02 04:00:00+00:00,53911.0,109.0,2302.0,1462.0,840.0,4,2,2,9,0,0,52691.0,11.6,91,10.0,0.0,3,11.4,93.0,10.4,96.0,46139.0,54352.0,54488.0,55154.41666666666,8559.51843889588
2020-09-02 05:00:00+00:00,58697.0,1626.0,2469.0,1852.0,617.0,5,2,2,9,0,0,57359.0,11.9,90,10.0,0.1,51,11.6,91.0,11.0,96.0,53911.0,58810.0,59396.0,55149.708333333336,8557.451014627843
2020-09-02 06:00:00+00:00,61084.0,5597.0,2029.0,1466.0,563.0,6,2,2,9,0,0,59887.0,12.8,89,8.7,0.1,51,11.9,90.0,12.9,89.0,58697.0,61505.0,62753.0,55132.16666666666,8544.278434778207
2020-09-02 07:00:00+00:00,61796.0,10958.0,1447.0,937.0,510.0,7,2,2,9,0,0,60789.0,13.2,89,9.0,0.0,3,12.8,89.0,14.8,80.0,61084.0,62122.0,65702.0,55118.583333333336,8532.934756458206
2020-09-02 08:00:00+00:00,63550.0,16836.0,1393.0,913.0,480.0,8,2,2,9,0,0,62049.0,14.4,84,11.1,0.1,51,13.2,89.0,16.4,68.0,61796.0,63593.0,67871.0,55116.79166666666,8531.082325846102
2020-09-02 09:00:00+00:00,65110.0,21147.0,1590.0,1114.0,476.0,9,2,2,9,0,0,63186.0,14.7,85,11.4,0.3,51,14.4,84.0,17.0,62.0,63550.0,65152.0,68656.0,55115.04166666666,8528.938317532658
2020-09-02 10:00:00+00:00,64772.0,23544.0,1576.0,1075.0,500.0,10,2,2,9,0,0,62888.0,15.1,84,11.3,0.1,51,14.7,85.0,17.7,56.0,65110.0,65228.0,68264.0,55096.04166666666,8505.906891194383
2020-09-02 11:00:00+00:00,64089.0,23540.0,2022.0,1480.0,542.0,11,2,2,9,0,0,62103.0,15.6,83,10.5,0.0,3,15.1,84.0,18.3,52.0,64772.0,64302.0,67372.0,55087.16666666666,8495.989174779615
2020-09-02 12:00:00+00:00,63227.0,21802.0,2490.0,2109.0,382.0,12,2,2,9,0,0,60742.0,16.2,79,11.5,0.0,2,15.6,83.0,17.7,52.0,64089.0,62853.0,66067.0,55102.75,8511.181976108617
2020-09-02 13:00:00+00:00,61143.0,18776.0,2811.0,2385.0,426.0,13,2,2,9,0,0,59480.0,17.6,69,10.4,0.0,3,16.2,79.0,18.2,47.0,63227.0,61658.0,64683.0,55081.29166666666,8494.569352030194
2020-09-02 14:00:00+00:00,60156.0,14682.0,3062.0,2477.0,585.0,14,2,2,9,0,0,58376.0,15.7,84,13.7,1.5,61,17.6,69.0,18.2,46.0,61143.0,59947.0,63724.0,55090.0,8499.87985081332
2020-09-02 15:00:00+00:00,59357.0,9462.0,3078.0,2429.0,650.0,15,2,2,9,0,0,58148.0,15.0,87,5.5,0.9,53,15.7,84.0,18.1,46.0,60156.0,59992.0,63521.0,55063.54166666666,8484.932696713333
2020-09-02 16:00:00+00:00,58391.0,4321.0,2897.0,2219.0,678.0,16,2,2,9,0,0,58005.0,15.9,82,8.1,0.1,51,15.0,87.0,17.9,48.0,59357.0,59691.0,62784.0,55009.375,8458.214678578119
2020-09-02 17:00:00+00:00,57805.0,857.0,2606.0,1964.0,641.0,17,2,2,9,0,0,57544.0,15.6,86,9.2,0.0,3,15.9,82.0,17.1,52.0,58391.0,58615.0,62168.0,54975.625,8444.807377073252
2020-09-02 18:00:00+00:00,56916.0,4.0,2572.0,2060.0,512.0,18,2,2,9,0,0,56305.0,14.7,89,10.1,0.0,3,15.6,86.0,16.0,59.0,57805.0,57861.0,60663.0,54936.25,8432.963800261623
2020-09-02 19:00:00+00:00,54449.0,0.0,2677.0,2128.0,549.0,19,2,2,9,0,0,53543.0,14.4,91,11.9,0.0,2,14.7,89.0,15.2,66.0,56916.0,54930.0,57295.0,54916.208333333336,8433.55084832202
2020-09-02 20:00:00+00:00,50219.0,0.0,2747.0,2051.0,696.0,20,2,2,9,0,0,50128.0,14.0,93,12.5,0.0,3,14.4,91.0,14.4,72.0,54449.0,50483.0,52615.0,54905.208333333336,8439.754436872634
2020-09-02 21:00:00+00:00,46390.0,0.0,2899.0,2150.0,749.0,21,2,2,9,0,0,46351.0,13.8,93,12.1,0.0,3,14.0,93.0,13.4,78.0,50219.0,46427.0,48629.0,54903.66666666666,8441.37368620452
2020-09-02 22:00:00+00:00,43920.0,0.0,2725.0,2165.0,560.0,22,2,2,9,0,0,43914.0,13.9,92,13.3,0.4,51,13.8,93.0,12.5,82.0,46390.0,43933.0,46255.0,54903.125,8442.10864506026
2020-09-02 23:00:00+00:00,42169.0,0.0,3057.0,2423.0,634.0,23,2,2,9,0,0,42254.0,14.0,92,13.0,0.8,53,13.9,92.0,11.6,88.0,43920.0,41983.0,44549.0,54910.875,8429.808473313038
2020-09-03 00:00:00+00:00,41333.0,0.0,3721.0,2779.0,941.0,0,3,3,9,0,0,41384.0,13.8,92,13.7,0.1,51,14.0,92.0,12.6,87.0,42169.0,41148.0,44530.0,54918.583333333336,8416.750808160346
2020-09-03 01:00:00+00:00,41304.0,0.0,4846.0,3391.0,1455.0,1,3,3,9,0,0,41495.0,13.6,93,13.7,1.1,55,13.8,92.0,11.9,91.0,41333.0,41058.0,44142.0,54928.833333333336,8399.268998558513
2020-09-03 02:00:00+00:00,42761.0,0.0,6217.0,4338.0,1879.0,2,3,3,9,0,0,42438.0,13.5,92,13.1,0.1,51,13.6,93.0,11.5,93.0,41304.0,42365.0,45389.0,54945.333333333336,8373.865346456254
2020-09-03 03:00:00+00:00,46360.0,0.0,7347.0,4997.0,2350.0,3,3,3,9,0,0,45650.0,13.6,91,11.2,0.0,3,13.5,92.0,11.4,93.0,42761.0,46139.0,49181.0,54954.54166666666,8363.875963249598
2020-09-03 04:00:00+00:00,53372.0,121.0,8478.0,5710.0,2768.0,4,3,3,9,0,0,52784.0,13.5,91,10.9,0.0,3,13.6,91.0,11.6,91.0,46360.0,53911.0,54923.0,54932.083333333336,8367.522722675687
2020-09-03 05:00:00+00:00,57743.0,2339.0,9484.0,6387.0,3097.0,5,3,3,9,0,0,57770.0,13.2,92,11.5,0.0,1,13.5,91.0,11.9,90.0,53372.0,58697.0,59323.0,54892.333333333336,8351.109724054017
2020-09-03 06:00:00+00:00,61055.0,7816.0,10174.0,6034.0,4140.0,6,3,3,9,0,0,60642.0,13.6,89,11.9,0.0,0,13.2,92.0,12.8,89.0,57743.0,61084.0,62841.0,54891.125,8350.176938049892
2020-09-03 07:00:00+00:00,62404.0,14166.0,9550.0,4773.0,4777.0,7,3,3,9,0,0,61299.0,14.9,83,11.2,0.0,0,13.6,89.0,13.2,89.0,61055.0,61796.0,63176.0,54916.458333333336,8372.927522828406
2020-09-03 08:00:00+00:00,64315.0,19333.0,9535.0,4594.0,4941.0,8,3,3,9,0,0,62451.0,16.7,73,11.5,0.0,0,14.9,83.0,14.4,84.0,62404.0,63550.0,64720.0,54948.333333333336,8408.60380111105
2020-09-03 09:00:00+00:00,66112.0,21380.0,10941.0,5813.0,5128.0,9,3,3,9,0,0,63712.0,18.5,62,13.1,0.0,1,16.7,73.0,14.7,85.0,64315.0,65110.0,66329.0,54990.083333333336,8463.559642304286
2020-09-03 10:00:00+00:00,65068.0,21339.0,12931.0,7765.0,5166.0,10,3,3,9,0,0,63589.0,19.9,53,16.3,0.0,2,18.5,62.0,15.1,84.0,66112.0,64772.0,65456.0,55002.41666666666,8478.636123486727
2020-09-03 11:00:00+00:00,63880.0,20104.0,15542.0,10457.0,5085.0,11,3,3,9,0,0,62712.0,20.7,49,16.0,0.0,3,19.9,53.0,15.6,83.0,65068.0,64089.0,64110.0,54993.708333333336,8468.999455708943
2020-09-03 12:00:00+00:00,63284.0,17823.0,17887.0,12771.0,5117.0,12,3,3,9,0,0,61311.0,20.4,56,14.8,0.0,3,20.7,49.0,16.2,79.0,63880.0,63227.0,61664.0,54996.083333333336,8471.41638953775
2020-09-03 13:00:00+00:00,62019.0,14521.0,19614.0,14402.0,5212.0,13,3,3,9,0,0,60362.0,20.7,54,14.6,0.1,51,20.4,56.0,17.6,69.0,63284.0,61143.0,60101.0,55032.583333333336,8500.888444191056
2020-09-03 14:00:00+00:00,61252.0,10538.0,20268.0,15225.0,5043.0,14,3,3,9,0,0,59126.0,20.8,52,12.8,0.0,3,20.7,54.0,15.7,84.0,62019.0,60156.0,58640.0,55078.25,8532.493122839638
2020-09-03 15:00:00+00:00,60698.0,6281.0,19930.0,15303.0,4627.0,15,3,3,9,0,0,58929.0,21.0,51,9.5,0.0,3,20.8,52.0,15.0,87.0,61252.0,59357.0,58493.0,55134.125,8566.055493798036
2020-09-03 16:00:00+00:00,60126.0,2582.0,19572.0,15775.0,3797.0,16,3,3,9,0,0,58544.0,21.1,52,5.0,0.0,3,21.0,51.0,15.9,82.0,60698.0,58391.0,58512.0,55206.41666666666,8601.982101801403
2020-09-03 17:00:00+00:00,59339.0,402.0,20170.0,16838.0,3331.0,17,3,3,9,0,0,57929.0,19.6,56,9.1,0.0,3,21.1,52.0,15.6,86.0,60126.0,57805.0,57252.0,55270.333333333336,8627.790717597889
2020-09-03 18:00:00+00:00,59105.0,2.0,21230.0,18086.0,3144.0,18,3,3,9,0,0,56714.0,19.3,49,13.6,0.0,3,19.6,56.0,14.7,89.0,59339.0,56916.0,55664.0,55361.54166666666,8657.463645941507
2020-09-03 19:00:00+00:00,56050.0,0.0,23408.0,19238.0,4170.0,19,3,3,9,0,0,53528.0,17.8,60,13.5,0.2,51,19.3,49.0,14.4,91.0,59105.0,54449.0,52438.0,55428.25,8656.294539361268
2020-09-03 20:00:00+00:00,52429.0,0.0,23293.0,19245.0,4047.0,20,3,3,9,0,0,49847.0,17.3,66,18.9,0.0,3,17.8,60.0,14.0,93.0,56050.0,50219.0,49227.0,55520.333333333336,8610.102052956212
2020-09-03 21:00:00+00:00,47918.0,0.0,22123.0,18664.0,3459.0,21,3,3,9,0,0,45984.0,16.1,78,19.4,0.6,53,17.3,66.0,13.8,93.0,52429.0,46390.0,46116.0,55584.0,8545.056852280017
2020-09-03 22:00:00+00:00,44991.0,0.0,20977.0,17701.0,3277.0,22,3,3,9,0,0,42886.0,15.4,89,19.6,1.6,61,16.1,78.0,13.9,92.0,47918.0,43920.0,43295.0,55628.625,8484.07429201285
2020-09-03 23:00:00+00:00,43224.0,0.0,19974.0,16693.0,3281.0,23,3,3,9,0,0,41092.0,15.4,90,18.1,0.5,53,15.4,89.0,14.0,92.0,44991.0,42169.0,41853.0,55672.583333333336,8413.745797240479
2020-09-04 00:00:00+00:00,42141.0,0.0,18485.0,15130.0,3355.0,0,4,4,9,0,0,40249.0,15.4,91,16.1,0.1,51,15.4,90.0,13.8,92.0,43224.0,41333.0,40772.0,55706.25,8355.286315443991
2020-09-04 01:00:00+00:00,41979.0,0.0,17872.0,14498.0,3374.0,1,4,4,9,0,0,40267.0,15.7,90,17.8,0.0,3,15.4,91.0,13.6,93.0,42141.0,41304.0,40902.0,55734.375,8305.687468928982
2020-09-04 02:00:00+00:00,43368.0,0.0,17802.0,14249.0,3553.0,2,4,4,9,0,0,41363.0,15.6,91,16.2,0.2,51,15.7,90.0,13.5,92.0,41979.0,42761.0,41710.0,55759.66666666666,8265.29054523213
2020-09-04 03:00:00+00:00,46766.0,0.0,17323.0,13944.0,3379.0,3,4,4,9,0,0,44842.0,15.8,92,15.3,0.2,51,15.6,91.0,13.6,91.0,43368.0,46360.0,45402.0,55776.583333333336,8245.60773153326
2020-09-04 04:00:00+00:00,52911.0,100.0,16328.0,13726.0,2602.0,4,4,4,9,0,0,51895.0,15.9,92,15.3,0.2,51,15.8,92.0,13.5,91.0,46766.0,53372.0,52417.0,55757.375,8251.987295889636
2020-09-04 05:00:00+00:00,57091.0,1219.0,14715.0,12088.0,2628.0,5,4,4,9,0,0,56857.0,16.2,92,14.0,0.2,51,15.9,92.0,13.2,92.0,52911.0,57743.0,57014.0,55730.208333333336,8246.23736584406
2020-09-04 06:00:00+00:00,60061.0,4454.0,13236.0,10576.0,2659.0,6,4,4,9,0,0,59815.0,16.6,92,13.8,0.1,51,16.2,92.0,13.6,89.0,57091.0,61055.0,59690.0,55688.79166666666,8220.787775533707
2020-09-04 07:00:00+00:00,61400.0,8858.0,11479.0,8740.0,2740.0,7,4,4,9,0,0,60881.0,17.3,92,12.5,0.2,51,16.6,92.0,14.9,83.0,60061.0,62404.0,61366.0,55646.958333333336,8187.617811853036
2020-09-04 08:00:00+00:00,62700.0,13875.0,10695.0,8006.0,2689.0,8,4,4,9,0,0,62259.0,17.1,92,12.9,0.7,53,17.3,92.0,16.7,73.0,61400.0,64315.0,63017.0,55579.66666666666,8119.634654806719
2020-09-04 09:00:00+00:00,63375.0,18303.0,10888.0,7884.0,3004.0,9,4,4,9,0,0,63043.0,17.5,92,11.0,0.7,53,17.1,92.0,18.5,62.0,62700.0,66112.0,64133.0,55465.625,7983.35165427851
2020-09-04 10:00:00+00:00,63050.0,21428.0,11816.0,8341.0,3475.0,10,4,4,9,0,0,63097.0,18.4,88,13.2,0.2,51,17.5,92.0,19.9,53.0,63375.0,65068.0,64544.0,55381.54166666666,7887.875235912431
2020-09-04 11:00:00+00:00,62757.0,22261.0,12352.0,8939.0,3413.0,11,4,4,9,0,0,61928.0,19.4,84,14.9,0.1,51,18.4,88.0,20.7,49.0,63050.0,63880.0,63300.0,55334.75,7838.4456270250275
2020-09-04 12:00:00+00:00,60848.0,21056.0,11899.0,8857.0,3042.0,12,4,4,9,0,0,60536.0,20.4,75,11.0,0.2,51,19.4,84.0,20.4,56.0,62757.0,63284.0,59620.0,55233.25,7746.265250176276
2020-09-04 13:00:00+00:00,59558.0,18077.0,11245.0,8191.0,3054.0,13,4,4,9,0,0,59375.0,20.8,72,14.6,0.3,51,20.4,75.0,20.7,54.0,60848.0,62019.0,58933.0,55130.708333333336,7668.430730452943
2020-09-04 14:00:00+00:00,57596.0,13807.0,10466.0,7618.0,2847.0,14,4,4,9,0,0,58125.0,21.4,66,12.2,0.0,3,20.8,72.0,20.8,52.0,59558.0,61252.0,57778.0,54978.375,7577.316284190164
2020-09-04 15:00:00+00:00,56455.0,8738.0,9202.0,6220.0,2982.0,15,4,4,9,0,0,57520.0,21.3,65,13.2,0.0,3,21.4,66.0,21.0,51.0,57596.0,60698.0,57208.0,54801.583333333336,7487.025855883477
2020-09-04 16:00:00+00:00,55364.0,3765.0,7877.0,4802.0,3075.0,16,4,4,9,0,0,56846.0,21.1,68,12.4,0.0,3,21.3,65.0,21.1,52.0,56455.0,60126.0,56372.0,54603.16666666666,7402.408043372136
2020-09-04 17:00:00+00:00,54456.0,586.0,7420.0,4023.0,3397.0,17,4,4,9,0,0,55876.0,20.5,70,8.9,0.0,3,21.1,68.0,19.6,56.0,55364.0,59339.0,55134.0,54399.708333333336,7333.365930304731
2020-09-04 18:00:00+00:00,53892.0,1.0,7748.0,3746.0,4002.0,18,4,4,9,0,0,54522.0,19.9,70,7.7,0.0,2,20.5,70.0,19.3,49.0,54456.0,59105.0,53852.0,54182.5,7264.821659141448
2020-09-04 19:00:00+00:00,50952.0,0.0,7997.0,4012.0,3985.0,19,4,4,9,0,0,51657.0,19.3,73,9.4,0.0,1,19.9,70.0,17.8,60.0,53892.0,56050.0,51542.0,53970.083333333336,7282.35285029721
2020-09-04 20:00:00+00:00,46944.0,0.0,8727.0,4455.0,4271.0,20,4,4,9,0,0,47982.0,18.0,83,9.7,0.0,3,19.3,73.0,17.3,66.0,50952.0,52429.0,47300.0,53741.54166666666,7417.630607159883
2020-09-04 21:00:00+00:00,44142.0,0.0,8593.0,4975.0,3618.0,21,4,4,9,0,0,44602.0,17.6,88,9.7,0.0,3,18.0,83.0,16.1,78.0,46944.0,47918.0,44223.0,53584.208333333336,7584.687319680251
2020-09-04 22:00:00+00:00,41569.0,0.0,8117.0,4751.0,3366.0,22,4,4,9,0,0,42646.0,17.8,89,10.2,0.0,3,17.6,88.0,15.4,89.0,44142.0,44991.0,41728.0,53441.625,7782.829935812678
2020-09-04 23:00:00+00:00,40170.0,0.0,7783.0,4553.0,3230.0,23,4,4,9,0,0,40540.0,18.6,86,12.0,0.0,3,17.8,89.0,15.4,90.0,41569.0,43224.0,40008.0,53314.375,7979.630888338736
2020-09-05 00:00:00+00:00,39036.0,0.0,7464.0,4264.0,3200.0,0,5,5,9,1,0,39044.0,18.0,89,8.7,0.0,2,18.6,86.0,15.4,91.0,40170.0,42141.0,38829.0,53185.0,8191.033496398943
2020-09-05 01:00:00+00:00,38325.0,0.0,7183.0,4067.0,3117.0,1,5,5,9,1,0,38576.0,16.5,95,6.9,0.0,1,18.0,89.0,15.7,90.0,39036.0,41979.0,39071.0,53032.75,8438.597983953345
2020-09-05 02:00:00+00:00,38011.0,0.0,7984.0,4375.0,3609.0,2,5,5,9,1,0,38619.0,16.6,96,6.0,0.0,1,16.5,95.0,15.6,91.0,38325.0,43368.0,38523.0,52809.54166666666,8769.706702641823
2020-09-05 03:00:00+00:00,39257.0,0.0,8831.0,4888.0,3943.0,3,5,5,9,1,0,39113.0,16.5,96,6.3,0.3,51,16.6,96.0,15.8,92.0,38011.0,46766.0,38849.0,52496.66666666666,9121.58450988712
2020-09-05 04:00:00+00:00,41209.0,96.0,10166.0,5871.0,4295.0,4,5,5,9,1,0,40636.0,16.5,96,7.5,0.6,53,16.5,96.0,15.9,92.0,39257.0,52911.0,40675.0,52009.083333333336,9406.773780062586
2020-09-05 05:00:00+00:00,43517.0,1373.0,12160.0,7295.0,4865.0,5,5,5,9,1,0,43147.0,16.5,97,6.6,0.9,53,16.5,96.0,16.2,92.0,41209.0,57091.0,43057.0,51443.5,9495.588018974067
2020-09-05 06:00:00+00:00,47340.0,4577.0,13007.0,7952.0,5054.0,6,5,5,9,1,0,47269.0,16.7,95,10.4,1.1,55,16.5,97.0,16.6,92.0,43517.0,60061.0,46166.0,50913.458333333336,9347.53433650274
2020-09-05 07:00:00+00:00,50930.0,8081.0,12770.0,7609.0,5161.0,7,5,5,9,1,0,50363.0,16.5,93,8.1,2.2,61,16.7,95.0,17.3,92.0,47340.0,61400.0,49195.0,50477.208333333336,9077.25858337684
2020-09-05 08:00:00+00:00,52664.0,11425.0,12857.0,7494.0,5362.0,8,5,5,9,1,0,52314.0,16.1,93,13.2,1.4,61,16.5,93.0,17.1,92.0,50930.0,62700.0,51154.0,50059.04166666666,8713.585192745126
2020-09-05 09:00:00+00:00,53489.0,14310.0,13506.0,8172.0,5334.0,9,5,5,9,1,0,53354.0,15.9,88,10.3,0.7,53,16.1,93.0,17.5,92.0,52664.0,63375.0,52156.0,49647.125,8279.594346881238
2020-09-05 10:00:00+00:00,52485.0,16477.0,14772.0,9533.0,5239.0,10,5,5,9,1,0,52764.0,16.9,78,12.0,0.0,3,15.9,88.0,18.4,88.0,53489.0,63050.0,52347.0,49206.91666666666,7803.160936533571
2020-09-05 11:00:00+00:00,51049.0,17690.0,15601.0,10606.0,4995.0,11,5,5,9,1,0,51222.0,17.9,72,15.8,0.0,3,16.9,78.0,19.4,84.0,52485.0,62757.0,50217.0,48719.083333333336,7266.753757122932
2020-09-05 12:00:00+00:00,50396.0,16530.0,16165.0,11111.0,5054.0,12,5,5,9,1,0,49721.0,15.4,81,16.2,0.0,3,17.9,72.0,20.4,75.0,51049.0,60848.0,49152.0,48283.583333333336,6806.904799486211
2020-09-05 13:00:00+00:00,49491.0,13850.0,16031.0,10857.0,5175.0,13,5,5,9,1,0,48935.0,17.5,67,17.9,0.1,51,15.4,81.0,20.8,72.0,50396.0,59558.0,48417.0,47864.125,6378.645128813829
2020-09-05 14:00:00+00:00,48650.0,10315.0,15574.0,10403.0,5171.0,14,5,5,9,1,0,48627.0,17.2,63,14.9,0.0,3,17.5,67.0,21.4,66.0,49491.0,57596.0,47872.0,47491.375,6037.481484803074
2020-09-05 15:00:00+00:00,49364.0,6016.0,15181.0,10080.0,5101.0,15,5,5,9,1,0,48723.0,16.8,60,12.6,0.0,3,17.2,63.0,21.3,65.0,48650.0,56455.0,48523.0,47195.91666666666,5746.236037741664
2020-09-05 16:00:00+00:00,49540.0,2502.0,14370.0,8902.0,5468.0,16,5,5,9,1,0,49126.0,16.4,61,13.0,0.0,2,16.8,60.0,21.1,68.0,49364.0,55364.0,48792.0,46953.25,5504.172758994853
2020-09-05 17:00:00+00:00,48679.0,457.0,12346.0,7250.0,5096.0,17,5,5,9,1,0,48592.0,15.9,65,10.9,0.0,3,16.4,61.0,20.5,70.0,49540.0,54456.0,47831.0,46712.54166666666,5283.70132107725
2020-09-05 18:00:00+00:00,48161.0,2.0,10683.0,6216.0,4467.0,18,5,5,9,1,0,47743.0,15.5,69,9.5,0.0,3,15.9,65.0,19.9,70.0,48679.0,53892.0,46590.0,46473.75,5070.320230431339
2020-09-05 19:00:00+00:00,45431.0,0.0,10641.0,6101.0,4540.0,19,5,5,9,1,0,45600.0,15.4,71,11.2,0.0,3,15.5,69.0,19.3,73.0,48161.0,50952.0,44887.0,46243.708333333336,4982.796189665418
2020-09-05 20:00:00+00:00,43339.0,0.0,10752.0,6881.0,3871.0,20,5,5,9,1,0,43575.0,14.9,73,11.2,0.0,1,15.4,71.0,18.0,83.0,45431.0,46944.0,42443.0,46093.5,5015.000767262412
2020-09-05 21:00:00+00:00,40615.0,0.0,10774.0,7338.0,3436.0,21,5,5,9,1,0,40947.0,13.6,79,11.2,0.0,1,14.9,73.0,17.6,88.0,43339.0,44142.0,39637.0,45946.54166666666,5125.141100743125
2020-09-05 22:00:00+00:00,38462.0,0.0,11184.0,7671.0,3512.0,22,5,5,9,1,0,37265.0,13.0,82,10.5,0.0,3,13.6,79.0,17.8,89.0,40615.0,41569.0,37614.0,45817.083333333336,5277.499019970271
2020-09-05 23:00:00+00:00,37246.0,0.0,11317.0,7824.0,3493.0,23,5,5,9,1,0,35639.0,13.0,83,9.8,0.0,3,13.0,82.0,18.6,86.0,38462.0,40170.0,36362.0,45695.25,5444.636708844242
2020-09-06 00:00:00+00:00,36181.0,0.0,11238.0,7983.0,3255.0,0,6,6,9,1,0,34555.0,13.8,83,10.3,0.0,2,13.0,83.0,18.0,89.0,37246.0,39036.0,35428.0,45576.29166666666,5624.671201822642
2020-09-06 01:00:00+00:00,35590.0,0.0,10974.0,7868.0,3106.0,1,6,6,9,1,0,34039.0,13.8,82,10.0,0.0,2,13.8,83.0,16.5,95.0,36181.0,38325.0,34807.0,45462.333333333336,5802.85692506228
2020-09-06 02:00:00+00:00,35279.0,0.0,10281.0,7735.0,2547.0,2,6,6,9,1,0,34093.0,13.2,84,11.3,0.0,1,13.8,82.0,16.6,96.0,35590.0,38011.0,34625.0,45348.5,5979.491515388092
2020-09-06 03:00:00+00:00,35694.0,0.0,10666.0,7947.0,2719.0,3,6,6,9,1,0,34521.0,12.1,88,10.5,0.0,0,13.2,84.0,16.5,96.0,35279.0,39257.0,35379.0,45200.04166666666,6178.2344915809335
2020-09-06 04:00:00+00:00,36783.0,90.0,10252.0,8057.0,2195.0,4,6,6,9,1,0,35071.0,11.1,91,10.9,0.0,0,12.1,88.0,16.5,96.0,35694.0,41209.0,36097.0,45015.625,6365.755263175081
2020-09-06 05:00:00+00:00,38353.0,1850.0,10042.0,7463.0,2578.0,5,6,6,9,1,0,36248.0,11.1,90,11.7,0.0,0,11.1,91.0,16.5,97.0,36783.0,43517.0,36870.0,44800.458333333336,6504.376105355251
2020-09-06 06:00:00+00:00,41554.0,6937.0,8002.0,5977.0,2025.0,6,6,6,9,1,0,39659.0,12.6,83,13.2,0.0,0,11.1,90.0,16.7,95.0,38353.0,47340.0,39591.0,44559.375,6513.3782312778485
2020-09-06 07:00:00+00:00,44730.0,13391.0,6749.0,4897.0,1852.0,7,6,6,9,1,0,42974.0,13.9,75,15.9,0.0,0,12.6,83.0,16.5,93.0,41554.0,50930.0,42434.0,44301.04166666666,6371.119589543391
2020-09-06 08:00:00+00:00,46869.0,18741.0,7058.0,5246.0,1812.0,8,6,6,9,1,0,45492.0,15.4,68,16.8,0.0,0,13.9,75.0,16.1,93.0,44730.0,52664.0,45472.0,44059.583333333336,6146.23560235841
2020-09-06 09:00:00+00:00,48801.0,20850.0,8116.0,6408.0,1709.0,9,6,6,9,1,0,47839.0,16.5,58,19.2,0.0,0,15.4,68.0,15.9,88.0,46869.0,53489.0,47775.0,43864.25,5903.220523025199
2020-09-06 10:00:00+00:00,49120.0,19913.0,8762.0,7077.0,1685.0,10,6,6,9,1,0,47779.0,17.2,53,20.2,0.0,1,16.5,58.0,16.9,78.0,48801.0,52485.0,47919.0,43724.04166666666,5726.893326410833
2020-09-06 11:00:00+00:00,47217.0,18437.0,8504.0,6943.0,1561.0,11,6,6,9,1,0,46150.0,17.7,50,20.5,0.1,51,17.2,53.0,17.9,72.0,49120.0,51049.0,46491.0,43564.375,5564.921053483959
2020-09-06 12:00:00+00:00,46088.0,15861.0,8217.0,6734.0,1483.0,12,6,6,9,1,0,44633.0,17.9,50,17.7,0.0,2,17.7,50.0,15.4,81.0,47217.0,50396.0,44657.0,43384.875,5402.07795214712
2020-09-06 13:00:00+00:00,44905.0,13283.0,7634.0,6237.0,1397.0,13,6,6,9,1,0,44022.0,17.9,50,16.2,0.0,1,17.9,50.0,17.5,67.0,46088.0,49491.0,43887.0,43193.79166666666,5255.8289461529
2020-09-06 14:00:00+00:00,44662.0,10305.0,6462.0,5138.0,1323.0,14,6,6,9,1,0,43888.0,18.1,48,14.4,0.0,1,17.9,50.0,17.2,63.0,44905.0,48650.0,43897.0,43027.625,5137.537583168115
2020-09-06 15:00:00+00:00,46181.0,6533.0,5553.0,4235.0,1318.0,15,6,6,9,1,0,44857.0,18.1,47,14.3,0.0,1,18.1,48.0,16.8,60.0,44662.0,49364.0,45375.0,42895.0,5006.2600203436095
2020-09-06 16:00:00+00:00,46931.0,2863.0,4380.0,3297.0,1083.0,16,6,6,9,1,0,46067.0,17.6,51,14.1,0.0,1,18.1,47.0,16.4,61.0,46181.0,49540.0,46359.0,42786.29166666666,4882.490263388937
2020-09-06 17:00:00+00:00,46517.0,431.0,3210.0,2318.0,892.0,17,6,6,9,1,0,46213.0,16.5,55,10.5,0.0,2,17.6,51.0,15.9,65.0,46931.0,48679.0,46306.0,42696.208333333336,4788.072907975364
2020-09-06 18:00:00+00:00,46720.0,1.0,3177.0,2274.0,903.0,18,6,6,9,1,0,46459.0,14.9,61,7.3,0.0,1,16.5,55.0,15.5,69.0,46517.0,48161.0,46182.0,42636.16666666666,4725.187833087395
2020-09-06 19:00:00+00:00,44790.0,0.0,3534.0,2460.0,1074.0,19,6,6,9,1,0,44924.0,13.8,68,6.2,0.0,1,14.9,61.0,15.4,71.0,46720.0,45431.0,44860.0,42609.458333333336,4710.492386143262
2020-09-06 20:00:00+00:00,43130.0,0.0,4141.0,2623.0,1518.0,20,6,6,9,1,0,43369.0,12.8,75,6.9,0.0,1,13.8,68.0,14.9,73.0,44790.0,43339.0,43234.0,42600.75,4709.278069382684
2020-09-06 21:00:00+00:00,40774.0,0.0,4120.0,2785.0,1335.0,21,6,6,9,1,0,40434.0,12.6,76,6.9,0.0,1,12.8,75.0,13.6,79.0,43130.0,40615.0,40621.0,42607.375,4706.474068514008
2020-09-06 22:00:00+00:00,39037.0,0.0,3940.0,2626.0,1313.0,22,6,6,9,1,0,38918.0,12.6,77,8.0,0.0,0,12.6,76.0,13.0,82.0,40774.0,38462.0,39327.0,42631.333333333336,4685.872965548841
2020-09-06 23:00:00+00:00,37922.0,0.0,4082.0,2583.0,1499.0,23,6,6,9,1,0,37435.0,11.4,84,7.4,0.0,0,12.6,77.0,13.0,83.0,39037.0,37246.0,38254.0,42659.5,4654.0178527697135
2020-09-07 00:00:00+00:00,37307.0,0.0,4319.0,2608.0,1711.0,0,0,7,9,0,0,36841.0,11.3,85,7.3,0.0,0,11.4,84.0,13.8,83.0,37922.0,36181.0,37722.0,42706.41666666666,4591.119764108972
2020-09-07 01:00:00+00:00,37715.0,0.0,4310.0,2529.0,1781.0,1,0,7,9,0,0,37148.0,10.6,90,6.6,0.0,1,11.3,85.0,13.8,82.0,37307.0,35590.0,37789.0,42794.958333333336,4466.714865964349
2020-09-07 02:00:00+00:00,39212.0,0.0,3842.0,2438.0,1404.0,2,0,7,9,0,0,38590.0,10.5,92,6.5,0.0,2,10.6,90.0,13.2,84.0,37715.0,35279.0,39668.0,42958.833333333336,4245.657112724379
2020-09-07 03:00:00+00:00,43394.0,0.0,3670.0,2333.0,1337.0,3,0,7,9,0,0,42580.0,10.4,93,7.0,0.0,0,10.5,92.0,12.1,88.0,39212.0,35694.0,44205.0,43279.66666666666,3953.699694634032
2020-09-07 04:00:00+00:00,51443.0,74.0,3422.0,2067.0,1355.0,4,0,7,9,0,0,50590.0,9.2,95,7.9,0.0,0,10.4,93.0,11.1,91.0,43394.0,36783.0,52216.0,43890.5,4037.910382965083
2020-09-07 05:00:00+00:00,55886.0,1763.0,3305.0,2092.0,1213.0,5,0,7,9,0,0,55932.0,10.2,95,5.9,0.0,1,9.2,95.0,11.1,90.0,51443.0,38353.0,57265.0,44621.04166666666,4546.513680871406
2020-09-07 06:00:00+00:00,58575.0,6779.0,2803.0,1814.0,989.0,6,0,7,9,0,0,58843.0,12.1,88,7.0,0.0,2,10.2,95.0,12.6,83.0,55886.0,41554.0,60173.0,45330.25,5310.624570243726
2020-09-07 07:00:00+00:00,60378.0,13202.0,2120.0,1230.0,890.0,7,0,7,9,0,0,59795.0,13.4,83,9.7,0.0,3,12.1,88.0,13.9,75.0,58575.0,44730.0,61367.0,45982.25,6130.943790384948
2020-09-07 08:00:00+00:00,62038.0,19428.0,2369.0,1508.0,861.0,8,0,7,9,0,0,61158.0,14.1,81,10.9,0.0,1,13.4,83.0,15.4,68.0,60378.0,46869.0,62832.0,46614.29166666666,6953.098130105386
2020-09-07 09:00:00+00:00,63456.0,22879.0,3273.0,2415.0,858.0,9,0,7,9,0,0,62332.0,16.0,73,11.5,0.0,1,14.1,81.0,16.5,58.0,62038.0,48801.0,63789.0,47224.91666666666,7751.187650466561
2020-09-07 10:00:00+00:00,63879.0,24141.0,4122.0,2955.0,1167.0,10,0,7,9,0,0,62351.0,17.3,67,13.1,0.0,1,16.0,73.0,17.2,53.0,63456.0,49120.0,64472.0,47839.875,8461.040923280492
2020-09-07 11:00:00+00:00,62510.0,23611.0,4914.0,3349.0,1564.0,11,0,7,9,0,0,61581.0,18.0,65,14.4,0.0,3,17.3,67.0,17.7,50.0,63879.0,47217.0,63139.0,48477.083333333336,8972.498265432076
2020-09-07 12:00:00+00:00,60541.0,22060.0,5583.0,3825.0,1759.0,12,0,7,9,0,0,60475.0,16.1,69,13.5,0.0,3,18.0,65.0,17.9,50.0,62510.0,46088.0,62301.0,49079.29166666666,9284.766221116772
2020-09-07 13:00:00+00:00,60166.0,19540.0,6147.0,4133.0,2014.0,13,0,7,9,0,0,59239.0,17.9,58,15.8,0.0,1,16.1,69.0,17.9,50.0,60541.0,44905.0,60358.0,49715.16666666666,9506.392881802389
2020-09-07 14:00:00+00:00,58414.0,14839.0,6639.0,4147.0,2492.0,14,0,7,9,0,0,58053.0,18.1,55,17.1,0.0,2,17.9,58.0,18.1,48.0,60166.0,44662.0,59044.0,50288.16666666666,9602.535764132548
2020-09-07 15:00:00+00:00,57682.0,9604.0,6804.0,3973.0,2831.0,15,0,7,9,0,0,57660.0,18.1,54,14.8,0.0,0,18.1,55.0,18.1,47.0,58414.0,46181.0,59327.0,50767.375,9675.35758158414
2020-09-07 16:00:00+00:00,57444.0,4111.0,6833.0,3167.0,3666.0,16,0,7,9,0,0,57574.0,17.7,53,12.0,0.0,0,18.1,54.0,17.6,51.0,57682.0,46931.0,58748.0,51205.41666666666,9731.935184100474
2020-09-07 17:00:00+00:00,57153.0,543.0,7566.0,2624.0,4942.0,17,0,7,9,0,0,57249.0,15.9,65,5.9,0.0,0,17.7,53.0,16.5,55.0,57444.0,46517.0,57982.0,51648.583333333336,9751.302949357174
2020-09-07 18:00:00+00:00,56586.0,0.0,8699.0,3324.0,5376.0,18,0,7,9,0,0,56006.0,13.1,75,10.1,0.0,0,15.9,65.0,14.9,61.0,57153.0,46720.0,56710.0,52059.66666666666,9742.451511261055
2020-09-07 19:00:00+00:00,53309.0,0.0,10561.0,5280.0,5280.0,19,0,7,9,0,0,53019.0,12.3,78,10.3,0.0,0,13.1,75.0,13.8,68.0,56586.0,44790.0,53570.0,52414.625,9620.49940768455
2020-09-07 20:00:00+00:00,49656.0,0.0,11764.0,6792.0,4972.0,20,0,7,9,0,0,49635.0,12.1,79,8.1,0.0,0,12.3,78.0,12.8,75.0,53309.0,43130.0,49860.0,52686.54166666666,9437.145446166423
2020-09-07 21:00:00+00:00,45691.0,0.0,13314.0,8918.0,4396.0,21,0,7,9,0,0,45904.0,11.7,80,7.3,0.0,1,12.1,79.0,12.6,76.0,49656.0,40774.0,46168.0,52891.41666666666,9218.117816545231
2020-09-07 22:00:00+00:00,43756.0,0.0,15070.0,11413.0,3657.0,22,0,7,9,0,0,43141.0,11.6,80,8.1,0.0,2,11.7,80.0,12.6,77.0,45691.0,39037.0,43344.0,53088.04166666666,8956.363084078232
2020-09-07 23:00:00+00:00,42185.0,0.0,16897.0,13156.0,3741.0,23,0,7,9,0,0,41578.0,11.3,81,8.1,0.0,3,11.6,80.0,11.4,84.0,43756.0,37922.0,41690.0,53265.66666666666,8680.533933020353
2020-09-08 00:00:00+00:00,41621.0,0.0,17891.0,14197.0,3694.0,0,1,8,9,0,0,40737.0,11.4,81,8.1,0.0,3,11.3,81.0,11.3,85.0,42185.0,37307.0,40835.0,53445.41666666666,8374.994286392119
2020-09-08 01:00:00+00:00,42072.0,0.0,18716.0,15287.0,3429.0,1,1,8,9,0,0,40746.0,11.1,85,8.7,0.0,2,11.4,81.0,10.6,90.0,41621.0,37715.0,41159.0,53626.958333333336,8060.50434002607
2020-09-08 02:00:00+00:00,42863.0,0.0,19406.0,16174.0,3232.0,2,1,8,9,0,0,41651.0,11.2,87,9.5,0.0,0,11.1,85.0,10.5,92.0,42072.0,39212.0,42443.0,53779.083333333336,7807.093101046341
2020-09-08 03:00:00+00:00,46639.0,0.0,20456.0,17012.0,3443.0,3,1,8,9,0,0,44955.0,11.6,86,11.8,0.0,3,11.2,87.0,10.4,93.0,42863.0,43394.0,46106.0,53914.29166666666,7645.852086499119
2020-09-08 04:00:00+00:00,54693.0,66.0,21063.0,17783.0,3280.0,4,1,8,9,0,0,52203.0,12.1,82,12.9,0.0,3,11.6,86.0,9.2,95.0,46639.0,51443.0,54352.0,54049.708333333336,7628.941589814212
2020-09-08 05:00:00+00:00,59463.0,1662.0,20093.0,17112.0,2982.0,5,1,8,9,0,0,57155.0,12.3,82,13.1,0.0,3,12.1,82.0,10.2,95.0,54693.0,55886.0,58810.0,54198.75,7700.976455590895
2020-09-08 06:00:00+00:00,61827.0,6157.0,18313.0,15264.0,3048.0,6,1,8,9,0,0,60009.0,13.7,76,15.9,0.0,3,12.3,82.0,12.1,88.0,59463.0,58575.0,61505.0,54334.25,7809.174845069729
2020-09-08 07:00:00+00:00,62723.0,12166.0,16885.0,13126.0,3759.0,7,1,8,9,0,0,61094.0,15.7,69,16.3,0.0,3,13.7,76.0,13.4,83.0,61827.0,60378.0,62122.0,54431.958333333336,7902.1982548565775
2020-09-08 08:00:00+00:00,64898.0,17558.0,16604.0,12780.0,3824.0,8,1,8,9,0,0,62392.0,17.5,61,18.6,0.0,3,15.7,69.0,14.1,81.0,62723.0,62038.0,63593.0,54551.125,8042.210107829736
2020-09-08 09:00:00+00:00,66253.0,21438.0,18592.0,14539.0,4054.0,9,1,8,9,0,0,63645.0,18.5,57,18.6,0.0,3,17.5,61.0,16.0,73.0,64898.0,63456.0,65152.0,54667.66666666666,8195.665374302253
2020-09-08 10:00:00+00:00,66090.0,23494.0,19390.0,15532.0,3858.0,10,1,8,9,0,0,63631.0,20.1,52,20.7,0.0,3,18.5,57.0,17.3,67.0,66253.0,63879.0,65228.0,54759.79166666666,8315.262969928175
2020-09-08 11:00:00+00:00,65903.0,23863.0,18308.0,14824.0,3484.0,11,1,8,9,0,0,62853.0,20.6,49,26.2,0.0,3,20.1,52.0,18.0,65.0,66090.0,62510.0,64302.0,54901.16666666666,8479.97240903365
2020-09-08 12:00:00+00:00,63581.0,22339.0,17260.0,13718.0,3542.0,12,1,8,9,0,0,61522.0,20.5,52,21.0,0.0,3,20.6,49.0,16.1,69.0,65903.0,60541.0,62853.0,55027.833333333336,8589.870569793131
2020-09-08 13:00:00+00:00,62252.0,19428.0,15734.0,12552.0,3182.0,13,1,8,9,0,0,60198.0,20.9,51,21.0,0.0,3,20.5,52.0,17.9,58.0,63581.0,60166.0,61658.0,55114.75,8654.432582560694
2020-09-08 14:00:00+00:00,60297.0,15126.0,13489.0,10654.0,2835.0,14,1,8,9,0,0,58923.0,20.5,56,18.7,0.0,3,20.9,51.0,18.1,55.0,62252.0,58414.0,59947.0,55193.208333333336,8694.087456072768
2020-09-08 15:00:00+00:00,59311.0,9316.0,11872.0,9106.0,2766.0,15,1,8,9,0,0,58499.0,20.4,61,14.2,0.0,3,20.5,56.0,18.1,54.0,60297.0,57682.0,59992.0,55261.083333333336,8720.68046764941
2020-09-08 16:00:00+00:00,59124.0,3552.0,10082.0,7282.0,2801.0,16,1,8,9,0,0,58439.0,19.8,68,14.8,0.0,3,20.4,61.0,17.7,53.0,59311.0,57444.0,59691.0,55331.083333333336,8745.67112753595
2020-09-08 17:00:00+00:00,58041.0,394.0,8802.0,5703.0,3099.0,17,1,8,9,0,0,57950.0,18.8,76,15.5,0.0,3,19.8,68.0,15.9,65.0,59124.0,57153.0,58615.0,55368.083333333336,8755.586966228471
2020-09-08 18:00:00+00:00,57532.0,0.0,8409.0,5260.0,3149.0,18,1,8,9,0,0,56715.0,18.1,79,14.8,0.0,2,18.8,76.0,13.1,75.0,58041.0,56586.0,57861.0,55407.5,8763.434154138124
2020-09-08 19:00:00+00:00,53970.0,0.0,8554.0,5518.0,3036.0,19,1,8,9,0,0,53621.0,17.1,84,10.9,0.0,0,18.1,79.0,12.3,78.0,57532.0,53309.0,54930.0,55435.04166666666,8757.588999556127
2020-09-08 20:00:00+00:00,50116.0,0.0,8792.0,5485.0,3307.0,20,1,8,9,0,0,49996.0,15.9,91,10.5,0.0,1,17.1,84.0,12.1,79.0,53970.0,49656.0,50483.0,55454.208333333336,8744.88536718158
2020-09-08 21:00:00+00:00,46505.0,0.0,9759.0,5348.0,4410.0,21,1,8,9,0,0,46228.0,15.5,93,10.9,0.0,1,15.9,91.0,11.7,80.0,50116.0,45691.0,46427.0,55488.125,8706.868719392796
2020-09-08 22:00:00+00:00,44344.0,0.0,10412.0,5161.0,5251.0,22,1,8,9,0,0,43225.0,15.2,93,10.4,0.0,0,15.5,93.0,11.6,80.0,46505.0,43756.0,43933.0,55512.625,8673.182820889162
2020-09-08 23:00:00+00:00,42806.0,0.0,10777.0,5236.0,5541.0,23,1,8,9,0,0,41443.0,15.0,94,9.4,0.0,0,15.2,93.0,11.3,81.0,44344.0,42185.0,41983.0,55538.5,8632.524362523798
2020-09-09 00:00:00+00:00,41570.0,0.0,10827.0,5274.0,5553.0,0,2,9,9,0,0,40721.0,15.1,94,9.9,0.0,0,15.0,94.0,11.4,81.0,42806.0,41621.0,41148.0,55536.375,8636.10481244429
2020-09-09 01:00:00+00:00,41545.0,0.0,10831.0,5643.0,5188.0,1,2,9,9,0,0,40854.0,15.1,94,9.7,0.0,2,15.1,94.0,11.1,85.0,41570.0,42072.0,41058.0,55514.41666666666,8672.421691359068
2020-09-09 02:00:00+00:00,43054.0,0.0,11233.0,6014.0,5219.0,2,2,9,9,0,0,41946.0,15.3,94,10.4,0.0,2,15.1,94.0,11.2,87.0,41545.0,42863.0,42365.0,55522.375,8660.386510164337
2020-09-09 03:00:00+00:00,46229.0,0.0,11438.0,6128.0,5310.0,3,2,9,9,0,0,45381.0,15.1,95,9.5,0.0,1,15.3,94.0,11.6,86.0,43054.0,46639.0,46139.0,55505.29166666666,8679.055841653391
2020-09-09 04:00:00+00:00,53281.0,55.0,11967.0,6582.0,5385.0,4,2,9,9,0,0,52875.0,14.9,95,8.9,0.0,1,15.1,95.0,12.1,82.0,46229.0,54693.0,53911.0,55446.458333333336,8689.581017463357
2020-09-09 05:00:00+00:00,57877.0,1660.0,13039.0,7639.0,5400.0,5,2,9,9,0,0,57504.0,14.9,96,8.8,0.0,1,14.9,95.0,12.3,82.0,53281.0,59463.0,58697.0,55380.375,8663.699725880328
2020-09-09 06:00:00+00:00,61014.0,6672.0,13640.0,7929.0,5712.0,6,2,9,9,0,0,59598.0,16.1,90,10.6,0.0,3,14.9,96.0,13.7,76.0,57877.0,61827.0,61084.0,55346.5,8638.951612118404
2020-09-09 07:00:00+00:00,62340.0,12947.0,13759.0,8001.0,5758.0,7,2,9,9,0,0,60469.0,17.6,83,12.0,0.0,2,16.1,90.0,15.7,69.0,61014.0,62723.0,61796.0,55330.54166666666,8625.075505550702
2020-09-09 08:00:00+00:00,64443.0,18425.0,14277.0,8680.0,5598.0,8,2,9,9,0,0,61825.0,19.0,77,13.8,0.0,3,17.6,83.0,17.5,61.0,62340.0,64898.0,63550.0,55311.583333333336,8603.60476482252
2020-09-09 09:00:00+00:00,66702.0,22235.0,14947.0,10036.0,4911.0,9,2,9,9,0,0,62880.0,20.6,70,15.6,0.0,0,19.0,77.0,18.5,57.0,64443.0,66253.0,65110.0,55330.29166666666,8628.882080241423
2020-09-09 10:00:00+00:00,66148.0,23831.0,15558.0,11296.0,4262.0,10,2,9,9,0,0,62747.0,22.5,63,19.2,0.0,2,20.6,70.0,20.1,52.0,66702.0,66090.0,64772.0,55332.708333333336,8632.034086844807
2020-09-09 11:00:00+00:00,65552.0,23515.0,16698.0,12326.0,4372.0,11,2,9,9,0,0,62115.0,23.6,59,19.9,0.0,2,22.5,63.0,20.6,49.0,66148.0,65903.0,64089.0,55318.083333333336,8613.624217869507
2020-09-09 12:00:00+00:00,63825.0,21517.0,16705.0,13025.0,3680.0,12,2,9,9,0,0,61058.0,23.0,64,18.5,0.0,3,23.6,59.0,20.5,52.0,65552.0,63581.0,63227.0,55328.25,8623.938796719665
2020-09-09 13:00:00+00:00,63020.0,18343.0,17641.0,13498.0,4143.0,13,2,9,9,0,0,60104.0,24.0,60,19.8,0.0,2,23.0,64.0,20.9,51.0,63825.0,62252.0,61143.0,55360.25,8652.12589231821
2020-09-09 14:00:00+00:00,61350.0,13772.0,17800.0,13503.0,4298.0,14,2,9,9,0,0,58547.0,24.1,57,21.4,0.0,2,24.0,60.0,20.5,56.0,63020.0,60297.0,60156.0,55404.125,8680.870775358873
2020-09-09 15:00:00+00:00,59957.0,8237.0,17485.0,13076.0,4409.0,15,2,9,9,0,0,58017.0,23.7,58,18.8,0.0,2,24.1,57.0,20.4,61.0,61350.0,59311.0,59357.0,55431.04166666666,8694.502288323823
2020-09-09 16:00:00+00:00,59348.0,3145.0,16868.0,12200.0,4668.0,16,2,9,9,0,0,58071.0,22.9,61,15.7,0.0,1,23.7,58.0,19.8,68.0,59957.0,59124.0,58391.0,55440.375,8698.75813631647
2020-09-09 17:00:00+00:00,58282.0,339.0,16500.0,11483.0,5017.0,17,2,9,9,0,0,57722.0,21.9,63,15.1,0.0,2,22.9,61.0,18.8,76.0,59348.0,58041.0,57805.0,55450.41666666666,8702.029258175731
2020-09-09 18:00:00+00:00,58085.0,0.0,17227.0,11716.0,5511.0,18,2,9,9,0,0,56731.0,21.0,65,14.2,0.0,3,21.9,63.0,18.1,79.0,58282.0,57532.0,56916.0,55473.458333333336,8708.510335244458
2020-09-09 19:00:00+00:00,54629.0,0.0,17940.0,12155.0,5785.0,19,2,9,9,0,0,53365.0,21.0,68,16.6,0.0,3,21.0,65.0,17.1,84.0,58085.0,53970.0,54449.0,55500.91666666666,8704.601806024839
2020-09-09 20:00:00+00:00,51044.0,0.0,19203.0,13509.0,5693.0,20,2,9,9,0,0,49730.0,20.0,78,15.5,0.0,2,21.0,68.0,15.9,91.0,54629.0,50116.0,50219.0,55539.583333333336,8681.6724141031
2020-09-09 21:00:00+00:00,47960.0,0.0,19471.0,13686.0,5785.0,21,2,9,9,0,0,46000.0,19.0,84,15.2,0.0,3,20.0,78.0,15.5,93.0,51044.0,46505.0,46390.0,55600.208333333336,8620.70612450898
2020-09-09 22:00:00+00:00,44205.0,0.0,16659.0,12658.0,4001.0,22,2,9,9,0,0,43115.0,19.1,85,15.7,0.1,51,19.0,84.0,15.2,93.0,47960.0,44344.0,43920.0,55594.41666666666,8628.640242097126
2020-09-09 23:00:00+00:00,42980.0,0.0,15442.0,11992.0,3449.0,23,2,9,9,0,0,41334.0,18.3,89,18.6,1.1,55,19.1,85.0,15.0,94.0,44205.0,42806.0,42169.0,55601.66666666666,8617.493813353749
2020-09-10 00:00:00+00:00,41876.0,0.0,14532.0,11068.0,3464.0,0,3,10,9,0,0,40361.0,16.2,89,18.8,0.1,51,18.3,89.0,15.1,94.0,42980.0,41570.0,41333.0,55614.41666666666,8596.030291673249
2020-09-10 01:00:00+00:00,42103.0,0.0,12888.0,9724.0,3164.0,1,3,10,9,0,0,40544.0,14.6,84,19.6,0.0,2,16.2,89.0,15.1,94.0,41876.0,41545.0,41304.0,55637.66666666666,8556.987653967179
2020-09-10 02:00:00+00:00,42966.0,0.0,11898.0,8642.0,3255.0,2,3,10,9,0,0,41711.0,13.1,86,13.6,0.0,0,14.6,84.0,15.3,94.0,42103.0,43054.0,42761.0,55634.0,8562.631183381103
2020-09-10 03:00:00+00:00,46809.0,0.0,11544.0,8007.0,3536.0,3,3,10,9,0,0,44945.0,12.1,91,9.4,0.0,0,13.1,86.0,15.1,95.0,42966.0,46229.0,46360.0,55658.16666666666,8535.709128059741
2020-09-10 04:00:00+00:00,54858.0,55.0,11428.0,7823.0,3605.0,4,3,10,9,0,0,52071.0,11.6,94,10.5,0.0,0,12.1,91.0,14.9,95.0,46809.0,53281.0,53372.0,55723.875,8522.673903298097
2020-09-10 05:00:00+00:00,59102.0,1427.0,9975.0,7036.0,2939.0,5,3,10,9,0,0,57080.0,11.6,94,11.9,0.0,0,11.6,94.0,14.9,96.0,54858.0,57877.0,57743.0,55774.91666666666,8539.780507904776
2020-09-10 06:00:00+00:00,61347.0,5613.0,7343.0,4641.0,2702.0,6,3,10,9,0,0,59903.0,12.8,88,13.4,0.0,0,11.6,94.0,16.1,90.0,59102.0,61014.0,61055.0,55788.79166666666,8548.928419902997
2020-09-10 07:00:00+00:00,62100.0,11015.0,5242.0,3144.0,2098.0,7,3,10,9,0,0,60885.0,14.2,81,15.0,0.0,0,12.8,88.0,17.6,83.0,61347.0,62340.0,62404.0,55778.79166666666,8541.068800745017
2020-09-10 08:00:00+00:00,63986.0,15682.0,4658.0,2981.0,1677.0,8,3,10,9,0,0,62206.0,15.8,73,15.7,0.0,0,14.2,81.0,19.0,77.0,62100.0,64443.0,64315.0,55759.75,8521.399544420747
2020-09-10 09:00:00+00:00,65126.0,18533.0,4158.0,2859.0,1299.0,9,3,10,9,0,0,63450.0,17.0,63,16.4,0.0,1,15.8,73.0,20.6,70.0,63986.0,66702.0,66112.0,55694.083333333336,8439.086257547124
2020-09-10 10:00:00+00:00,64547.0,20637.0,3943.0,2726.0,1217.0,10,3,10,9,0,0,63401.0,18.0,55,15.6,0.0,1,17.0,63.0,22.5,63.0,65126.0,66148.0,65068.0,55627.375,8358.804334158142
2020-09-10 11:00:00+00:00,63899.0,21905.0,4006.0,2738.0,1268.0,11,3,10,9,0,0,62573.0,18.4,53,14.7,0.0,1,18.0,55.0,23.6,59.0,64547.0,65552.0,63880.0,55558.5,8279.909619334594
2020-09-10 12:00:00+00:00,62321.0,21393.0,3773.0,2767.0,1006.0,12,3,10,9,0,0,61107.0,18.5,51,13.2,0.0,2,18.4,53.0,23.0,64.0,63899.0,63825.0,63284.0,55495.833333333336,8220.099727876392
2020-09-10 13:00:00+00:00,60624.0,19269.0,3301.0,2356.0,945.0,13,3,10,9,0,0,59966.0,18.4,49,13.4,0.0,3,18.5,51.0,24.0,60.0,62321.0,63020.0,62019.0,55396.0,8138.89405477084
2020-09-10 14:00:00+00:00,58781.0,15226.0,2662.0,1949.0,713.0,14,3,10,9,0,0,58479.0,18.0,49,13.6,0.0,3,18.4,49.0,24.1,57.0,60624.0,61350.0,61252.0,55288.958333333336,8073.816609904124
2020-09-10 15:00:00+00:00,58352.0,9400.0,1918.0,1346.0,573.0,15,3,10,9,0,0,57899.0,17.6,51,13.3,0.0,3,18.0,49.0,23.7,58.0,58781.0,59957.0,60698.0,55222.083333333336,8040.046814251994
2020-09-10 16:00:00+00:00,57625.0,3652.0,1231.0,764.0,467.0,16,3,10,9,0,0,57712.0,17.2,52,9.7,0.0,3,17.6,51.0,22.9,61.0,58352.0,59348.0,60126.0,55150.29166666666,8009.237158915626
2020-09-10 17:00:00+00:00,57571.0,394.0,917.0,520.0,397.0,17,3,10,9,0,0,57202.0,16.4,63,3.4,0.0,3,17.2,52.0,21.9,63.0,57625.0,58282.0,59339.0,55120.66666666666,7998.457474476919
2020-09-10 18:00:00+00:00,57187.0,0.0,1056.0,731.0,326.0,18,3,10,9,0,0,56354.0,16.2,60,3.4,0.0,2,16.4,63.0,21.0,65.0,57571.0,58085.0,59105.0,55083.25,7986.078284713116
2020-09-10 19:00:00+00:00,53236.0,0.0,1242.0,953.0,289.0,19,3,10,9,0,0,53168.0,16.0,58,2.5,0.0,2,16.2,60.0,21.0,68.0,57187.0,54629.0,56050.0,55025.208333333336,7994.580783958154
2020-09-10 20:00:00+00:00,49633.0,0.0,1367.0,1124.0,244.0,20,3,10,9,0,0,49683.0,14.9,65,2.6,0.0,2,16.0,58.0,20.0,78.0,53236.0,51044.0,52429.0,54966.41666666666,8030.239965642254
2020-09-10 21:00:00+00:00,45873.0,0.0,1444.0,1176.0,269.0,21,3,10,9,0,0,46056.0,13.3,75,4.6,0.0,2,14.9,65.0,19.0,84.0,49633.0,47960.0,47918.0,54879.458333333336,8120.206170969976
2020-09-10 22:00:00+00:00,43694.0,0.0,1739.0,1203.0,537.0,22,3,10,9,0,0,44055.0,12.4,81,6.8,0.0,2,13.3,75.0,19.1,85.0,45873.0,44205.0,44991.0,54858.16666666666,8150.0273334653775
2020-09-10 23:00:00+00:00,41977.0,0.0,2330.0,1237.0,1093.0,23,3,10,9,0,0,42347.0,12.4,81,6.3,0.0,2,12.4,81.0,18.3,89.0,43694.0,42980.0,43224.0,54816.375,8215.889805008605
2020-09-11 00:00:00+00:00,41213.0,0.0,3031.0,1358.0,1673.0,0,4,11,9,0,0,41392.0,11.6,85,7.1,0.0,2,12.4,81.0,16.2,89.0,41977.0,41876.0,42141.0,54788.75,8262.275801075893
2020-09-11 01:00:00+00:00,41482.0,0.0,3895.0,1801.0,2094.0,1,4,11,9,0,0,41513.0,10.5,90,7.4,0.0,2,11.6,85.0,14.6,84.0,41213.0,42103.0,41979.0,54762.875,8304.59513089255
2020-09-11 02:00:00+00:00,42513.0,0.0,4303.0,2015.0,2288.0,2,4,11,9,0,0,42504.0,10.1,93,7.3,0.0,0,10.5,90.0,13.1,86.0,41482.0,42966.0,43368.0,54744.0,8333.039358872757
2020-09-11 03:00:00+00:00,45646.0,0.0,4455.0,2111.0,2344.0,3,4,11,9,0,0,45530.0,9.4,94,8.4,0.0,0,10.1,93.0,12.1,91.0,42513.0,46809.0,46766.0,54695.54166666666,8384.412442037254
2020-09-11 04:00:00+00:00,52807.0,54.0,4616.0,2214.0,2402.0,4,4,11,9,0,0,52022.0,9.1,93,7.7,0.0,0,9.4,94.0,11.6,94.0,45646.0,54858.0,52911.0,54610.083333333336,8393.132487294357
2020-09-11 05:00:00+00:00,56492.0,1346.0,4398.0,2541.0,1857.0,5,4,11,9,0,0,56612.0,9.0,95,6.6,0.0,1,9.1,93.0,11.6,94.0,52807.0,59102.0,57091.0,54501.333333333336,8349.194012997132
2020-09-11 06:00:00+00:00,59471.0,5679.0,4234.0,2403.0,1832.0,6,4,11,9,0,0,59262.0,12.1,83,8.9,0.0,1,9.0,95.0,12.8,88.0,56492.0,61347.0,60061.0,54423.16666666666,8290.895292646239
2020-09-11 07:00:00+00:00,61009.0,11456.0,3215.0,1512.0,1703.0,7,4,11,9,0,0,60104.0,14.2,73,8.2,0.0,0,12.1,83.0,14.2,81.0,59471.0,62100.0,61400.0,54377.708333333336,8249.863147635268
2020-09-11 08:00:00+00:00,62018.0,17645.0,3061.0,1272.0,1789.0,8,4,11,9,0,0,61133.0,16.2,65,8.2,0.0,1,14.2,73.0,15.8,73.0,61009.0,63986.0,62700.0,54295.708333333336,8159.494275031731
2020-09-11 09:00:00+00:00,62865.0,22821.0,3966.0,1735.0,2231.0,9,4,11,9,0,0,62331.0,18.0,58,8.9,0.0,0,16.2,65.0,17.0,63.0,62018.0,65126.0,63375.0,54201.5,8041.207766736676
2020-09-11 10:00:00+00:00,63034.0,25653.0,5204.0,2159.0,3045.0,10,4,11,9,0,0,62162.0,19.4,48,10.2,0.0,0,18.0,58.0,18.0,55.0,62865.0,64547.0,63050.0,54138.458333333336,7962.116328776608
2020-09-11 11:00:00+00:00,61797.0,26016.0,6403.0,2619.0,3784.0,11,4,11,9,0,0,60983.0,20.1,45,9.4,0.0,2,19.4,48.0,18.4,53.0,63034.0,63899.0,62757.0,54050.875,7861.001165978905
2020-09-11 12:00:00+00:00,60177.0,24340.0,6929.0,2824.0,4105.0,12,4,11,9,0,0,59430.0,20.5,44,9.1,0.0,2,20.1,45.0,18.5,51.0,61797.0,62321.0,60848.0,53961.54166666666,7774.640251591486
2020-09-11 13:00:00+00:00,58595.0,20848.0,6909.0,2851.0,4058.0,13,4,11,9,0,0,58327.0,20.9,43,7.6,0.0,0,20.5,44.0,18.4,49.0,60177.0,60624.0,59558.0,53877.0,7709.803933671202
2020-09-11 14:00:00+00:00,56825.0,15719.0,6975.0,2736.0,4239.0,14,4,11,9,0,0,57271.0,21.2,42,8.3,0.0,0,20.9,43.0,18.0,49.0,58595.0,58781.0,57596.0,53795.5,7665.9235752040495
2020-09-11 15:00:00+00:00,56734.0,9419.0,6540.0,2206.0,4334.0,15,4,11,9,0,0,56840.0,21.4,42,7.5,0.0,0,21.2,42.0,17.6,51.0,56825.0,58352.0,56455.0,53728.083333333336,7631.145699592256
2020-09-11 16:00:00+00:00,56154.0,3369.0,5782.0,1521.0,4261.0,16,4,11,9,0,0,56600.0,21.0,49,4.4,0.0,0,21.4,42.0,17.2,52.0,56734.0,57625.0,55364.0,53666.79166666666,7604.346011266023
2020-09-11 17:00:00+00:00,55347.0,318.0,5690.0,1453.0,4238.0,17,4,11,9,0,0,55802.0,17.8,67,7.0,0.0,0,21.0,49.0,16.4,63.0,56154.0,57571.0,54456.0,53574.125,7568.165496584695
2020-09-11 18:00:00+00:00,54653.0,0.0,6089.0,1591.0,4499.0,18,4,11,9,0,0,54825.0,16.0,66,8.5,0.0,0,17.8,67.0,16.2,60.0,55347.0,57187.0,53892.0,53468.54166666666,7533.165868224838
2020-09-11 19:00:00+00:00,50324.0,0.0,6316.0,1970.0,4345.0,19,4,11,9,0,0,51891.0,15.3,65,9.2,0.0,0,16.0,66.0,16.0,58.0,54653.0,53236.0,50952.0,53347.208333333336,7560.475795811868
2020-09-11 20:00:00+00:00,46501.0,0.0,7178.0,2644.0,4534.0,20,4,11,9,0,0,48547.0,13.9,71,7.5,0.0,0,15.3,65.0,14.9,65.0,50324.0,49633.0,46944.0,53216.708333333336,7653.827593059197
2020-09-11 21:00:00+00:00,43216.0,0.0,7561.0,3254.0,4307.0,21,4,11,9,0,0,45234.0,12.8,80,8.5,0.0,0,13.9,71.0,13.3,75.0,46501.0,45873.0,44142.0,53106.0,7782.798004741453
2020-09-11 22:00:00+00:00,41488.0,0.0,7522.0,3733.0,3789.0,22,4,11,9,0,0,41277.0,12.1,87,9.5,0.0,0,12.8,80.0,12.4,81.0,43216.0,43694.0,41569.0,53014.083333333336,7910.763558576938
2020-09-11 23:00:00+00:00,40199.0,0.0,7280.0,3841.0,3439.0,23,4,11,9,0,0,39527.0,12.6,84,7.6,0.0,1,12.1,87.0,12.4,81.0,41488.0,41977.0,40170.0,52940.0,8026.102996121248
2020-09-12 00:00:00+00:00,39012.0,0.0,7756.0,4117.0,3639.0,0,5,12,9,1,0,38394.0,11.5,89,8.1,0.0,0,12.6,84.0,11.6,85.0,40199.0,41213.0,39036.0,52848.29166666666,8177.079256806796
2020-09-12 01:00:00+00:00,38496.0,0.0,8284.0,4702.0,3582.0,1,5,12,9,1,0,38029.0,10.4,90,9.4,0.0,0,11.5,89.0,10.5,90.0,39012.0,41482.0,38325.0,52723.875,8377.793007668919
2020-09-12 02:00:00+00:00,38511.0,0.0,9121.0,5579.0,3542.0,2,5,12,9,1,0,37963.0,9.8,92,9.4,0.0,0,10.4,90.0,10.1,93.0,38496.0,42513.0,38011.0,52557.125,8626.01493618844
2020-09-12 03:00:00+00:00,38961.0,0.0,9977.0,6272.0,3705.0,3,5,12,9,1,0,38686.0,9.8,93,9.4,0.0,0,9.8,92.0,9.4,94.0,38511.0,45646.0,39257.0,52278.583333333336,8960.337701888358
2020-09-12 04:00:00+00:00,40988.0,41.0,11506.0,7172.0,4334.0,4,5,12,9,1,0,40611.0,10.2,91,8.2,0.0,0,9.8,93.0,9.1,93.0,38961.0,52807.0,41209.0,51786.125,9250.132014627728
2020-09-12 05:00:00+00:00,43540.0,1738.0,13135.0,8377.0,4758.0,5,5,12,9,1,0,43128.0,9.9,94,7.1,0.0,0,10.2,91.0,9.0,95.0,40988.0,56492.0,43517.0,51246.458333333336,9341.020398497243
2020-09-12 06:00:00+00:00,47747.0,6965.0,14169.0,9369.0,4800.0,6,5,12,9,1,0,46697.0,12.7,84,9.1,0.0,0,9.9,94.0,12.1,83.0,43540.0,59471.0,47340.0,50757.958333333336,9197.667891936437
2020-09-12 07:00:00+00:00,50672.0,13635.0,13037.0,8170.0,4868.0,7,5,12,9,1,0,49361.0,15.9,70,9.1,0.0,0,12.7,84.0,14.2,73.0,47747.0,61009.0,50930.0,50327.25,8935.04209984948
2020-09-12 08:00:00+00:00,52223.0,19914.0,12853.0,7610.0,5243.0,8,5,12,9,1,0,50932.0,18.5,60,12.0,0.0,0,15.9,70.0,16.2,65.0,50672.0,62018.0,52664.0,49919.125,8595.062097620452
2020-09-12 09:00:00+00:00,53639.0,24137.0,15391.0,10927.0,4463.0,9,5,12,9,1,0,52066.0,20.7,53,14.8,0.0,0,18.5,60.0,18.0,58.0,52223.0,62865.0,53489.0,49534.708333333336,8187.53636290156
2020-09-12 10:00:00+00:00,54293.0,25777.0,18878.0,14826.0,4052.0,10,5,12,9,1,0,51534.0,22.7,49,16.3,0.0,0,20.7,53.0,19.4,48.0,53639.0,63034.0,52485.0,49170.5,7743.297825693238
2020-09-12 11:00:00+00:00,52991.0,25442.0,20040.0,16162.0,3877.0,11,5,12,9,1,0,50232.0,24.2,44,19.9,0.0,2,22.7,49.0,20.1,45.0,54293.0,61797.0,51049.0,48803.583333333336,7315.8133008994355
2020-09-12 12:00:00+00:00,51705.0,23241.0,21594.0,17461.0,4133.0,12,5,12,9,1,0,48840.0,24.9,44,21.6,0.0,0,24.2,44.0,20.5,44.0,52991.0,60177.0,50396.0,48450.583333333336,6937.794580767078
2020-09-12 13:00:00+00:00,50929.0,19889.0,21172.0,17048.0,4124.0,13,5,12,9,1,0,47911.0,25.1,44,20.8,0.0,0,24.9,44.0,20.9,43.0,51705.0,58595.0,49491.0,48131.16666666666,6619.613693356168
2020-09-12 14:00:00+00:00,49832.0,14892.0,19677.0,15495.0,4182.0,14,5,12,9,1,0,47709.0,25.9,41,20.0,0.0,0,25.1,44.0,21.2,42.0,50929.0,56825.0,48650.0,47839.79166666666,6369.479113090351
2020-09-12 15:00:00+00:00,49801.0,8763.0,18028.0,13545.0,4484.0,15,5,12,9,1,0,48101.0,25.5,42,20.3,0.0,2,25.9,41.0,21.4,42.0,49832.0,56734.0,49364.0,47550.91666666666,6100.08090407204
2020-09-12 16:00:00+00:00,49847.0,3101.0,16174.0,11614.0,4560.0,16,5,12,9,1,0,48733.0,24.2,48,14.4,0.0,0,25.5,42.0,21.0,49.0,49801.0,56154.0,49540.0,47288.125,5843.815871518332
2020-09-12 17:00:00+00:00,49279.0,280.0,14495.0,9431.0,5064.0,17,5,12,9,1,0,48497.0,21.8,55,10.0,0.0,0,24.2,48.0,17.8,67.0,49847.0,55347.0,48679.0,47035.29166666666,5606.433241717274
2020-09-12 18:00:00+00:00,48259.0,0.0,13340.0,8460.0,4880.0,18,5,12,9,1,0,47580.0,20.5,60,18.0,0.0,1,21.8,55.0,16.0,66.0,49279.0,54653.0,48161.0,46768.875,5375.8828137493365
2020-09-12 19:00:00+00:00,45325.0,0.0,12675.0,8084.0,4591.0,19,5,12,9,1,0,44905.0,18.8,61,15.6,0.0,2,20.5,60.0,15.3,65.0,48259.0,50324.0,45431.0,46560.583333333336,5328.78679329518
2020-09-12 20:00:00+00:00,43407.0,0.0,11627.0,7235.0,4392.0,20,5,12,9,1,0,42505.0,17.3,67,13.0,0.0,3,18.8,61.0,13.9,71.0,45325.0,46501.0,43339.0,46431.66666666666,5367.575557205509
2020-09-12 21:00:00+00:00,40703.0,0.0,10033.0,6029.0,4004.0,21,5,12,9,1,0,39776.0,16.1,72,10.9,0.0,3,17.3,67.0,12.8,80.0,43407.0,43216.0,40615.0,46326.958333333336,5456.802404012844
2020-09-12 22:00:00+00:00,37610.0,0.0,8578.0,4987.0,3591.0,22,5,12,9,1,0,38202.0,15.6,75,10.3,0.0,2,16.1,72.0,12.1,87.0,40703.0,41488.0,38462.0,46165.375,5659.955260327059
2020-09-12 23:00:00+00:00,36201.0,0.0,8726.0,4687.0,4039.0,23,5,12,9,1,0,36474.0,14.7,80,8.3,0.0,3,15.6,75.0,12.6,84.0,37610.0,40199.0,37246.0,45998.79166666666,5897.060026377623
2020-09-13 00:00:00+00:00,35405.0,0.0,9293.0,4550.0,4743.0,0,6,13,9,1,0,35331.0,14.1,84,7.7,0.0,3,14.7,80.0,11.5,89.0,36201.0,39012.0,36181.0,45848.5,6124.4462109887845
2020-09-13 01:00:00+00:00,34323.0,0.0,10151.0,5024.0,5126.0,1,6,13,9,1,0,34846.0,13.5,88,7.2,0.0,3,14.1,84.0,10.4,90.0,35405.0,38496.0,35590.0,45674.625,6395.499999574353
2020-09-13 02:00:00+00:00,34206.0,0.0,10836.0,6011.0,4825.0,2,6,13,9,1,0,34743.0,13.0,91,7.6,0.0,3,13.5,88.0,9.8,92.0,34323.0,38511.0,35279.0,45495.25,6660.053833506717
2020-09-13 03:00:00+00:00,34982.0,0.0,11702.0,7237.0,4464.0,3,6,13,9,1,0,35015.0,12.4,93,7.3,0.0,2,13.0,91.0,9.8,93.0,34206.0,38961.0,35694.0,45329.458333333336,6875.816504741381
2020-09-13 04:00:00+00:00,35993.0,36.0,12821.0,8543.0,4278.0,4,6,13,9,1,0,35768.0,12.1,95,7.2,0.0,3,12.4,93.0,10.2,91.0,34982.0,40988.0,36783.0,45121.333333333336,7085.346849026108
2020-09-13 05:00:00+00:00,37634.0,1580.0,13340.0,9241.0,4100.0,5,6,13,9,1,0,37371.0,12.2,95,7.9,0.0,3,12.1,95.0,9.9,94.0,35993.0,43540.0,38353.0,44875.25,7243.454005843622
2020-09-13 06:00:00+00:00,41439.0,6801.0,13427.0,8902.0,4525.0,6,6,13,9,1,0,40520.0,14.0,89,10.2,0.0,3,12.2,95.0,12.7,84.0,37634.0,47747.0,41554.0,44612.41666666666,7249.162799736984
2020-09-13 07:00:00+00:00,44975.0,13771.0,12251.0,7793.0,4459.0,7,6,13,9,1,0,43597.0,15.9,81,10.8,0.0,3,14.0,89.0,15.9,70.0,41439.0,50672.0,44730.0,44375.04166666666,7134.4811851168215
2020-09-13 08:00:00+00:00,47250.0,19992.0,12468.0,7913.0,4555.0,8,6,13,9,1,0,45979.0,17.8,73,13.1,0.0,3,15.9,81.0,18.5,60.0,44975.0,52223.0,46869.0,44167.833333333336,6966.888736491724
2020-09-13 09:00:00+00:00,49450.0,24299.0,14560.0,9934.0,4626.0,9,6,13,9,1,0,48574.0,19.4,66,17.2,0.0,3,17.8,73.0,20.7,53.0,47250.0,53639.0,48801.0,43993.29166666666,6768.952526242491
2020-09-13 10:00:00+00:00,49458.0,26648.0,15384.0,10782.0,4603.0,10,6,13,9,1,0,48264.0,20.2,60,17.0,0.0,3,19.4,66.0,22.7,49.0,49450.0,54293.0,49120.0,43791.833333333336,6516.319030720724
2020-09-13 11:00:00+00:00,48291.0,27027.0,14850.0,10173.0,4677.0,11,6,13,9,1,0,46780.0,21.5,52,16.8,0.0,3,20.2,60.0,24.2,44.0,49458.0,52991.0,47217.0,43596.0,6294.693873137094
2020-09-13 12:00:00+00:00,46786.0,25424.0,14890.0,9620.0,5271.0,12,6,13,9,1,0,45271.0,22.4,48,14.8,0.0,3,21.5,52.0,24.9,44.0,48291.0,51705.0,46088.0,43391.04166666666,6096.131920281946
2020-09-13 13:00:00+00:00,45523.0,21990.0,14550.0,9198.0,5352.0,13,6,13,9,1,0,44571.0,23.2,45,14.5,0.0,3,22.4,48.0,25.1,44.0,46786.0,50929.0,44905.0,43165.79166666666,5902.290233305699
2020-09-13 14:00:00+00:00,44672.0,16464.0,12623.0,7562.0,5061.0,14,6,13,9,1,0,44512.0,23.7,44,15.6,0.0,3,23.2,45.0,25.9,41.0,45523.0,49832.0,44662.0,42950.79166666666,5740.673418905088
2020-09-13 15:00:00+00:00,45231.0,9444.0,11699.0,5910.0,5789.0,15,6,13,9,1,0,45482.0,23.8,45,15.1,0.0,2,23.7,44.0,25.5,42.0,44672.0,49801.0,46181.0,42760.375,5577.035255810401
2020-09-13 16:00:00+00:00,46086.0,3273.0,9988.0,4359.0,5628.0,16,6,13,9,1,0,46738.0,23.0,51,10.1,0.0,2,23.8,45.0,24.2,48.0,45231.0,49847.0,46931.0,42603.66666666666,5419.877101659063
2020-09-13 17:00:00+00:00,45708.0,301.0,9140.0,4090.0,5050.0,17,6,13,9,1,0,46906.0,20.5,61,7.6,0.0,2,23.0,51.0,21.8,55.0,46086.0,49279.0,46517.0,42454.875,5275.752716230425
2020-09-13 18:00:00+00:00,46596.0,0.0,9026.0,4490.0,4536.0,18,6,13,9,1,0,46871.0,18.0,70,8.5,0.0,2,20.5,61.0,20.5,60.0,45708.0,48259.0,46720.0,42385.583333333336,5206.675697489438
2020-09-13 19:00:00+00:00,44467.0,0.0,9185.0,5156.0,4030.0,19,6,13,9,1,0,45078.0,17.0,76,9.3,0.0,3,18.0,70.0,18.8,61.0,46596.0,45325.0,44790.0,42349.833333333336,5188.529587016809
2020-09-13 20:00:00+00:00,42772.0,0.0,8963.0,5292.0,3671.0,20,6,13,9,1,0,43585.0,16.5,78,8.9,0.0,3,17.0,76.0,17.3,67.0,44467.0,43407.0,43130.0,42323.375,5184.521803552205
2020-09-13 21:00:00+00:00,40681.0,0.0,8247.0,5234.0,3012.0,21,6,13,9,1,0,40890.0,15.9,80,8.6,0.0,3,16.5,78.0,16.1,72.0,42772.0,40703.0,40774.0,42322.458333333336,5184.822691857549
2020-09-13 22:00:00+00:00,38451.0,0.0,7206.0,4802.0,2404.0,22,6,13,9,1,0,38740.0,15.4,82,8.3,0.0,1,15.9,80.0,15.6,75.0,40681.0,37610.0,39037.0,42357.5,5154.341108314046
2020-09-13 23:00:00+00:00,37039.0,0.0,6715.0,4454.0,2260.0,23,6,13,9,1,0,37281.0,14.6,86,9.0,0.0,2,15.4,82.0,14.7,80.0,38451.0,36201.0,37922.0,42392.41666666666,5113.498895009356
2020-09-14 00:00:00+00:00,36395.0,0.0,6136.0,4059.0,2078.0,0,0,14,9,0,0,36677.0,14.2,89,9.3,0.0,3,14.6,86.0,14.1,84.0,37039.0,35405.0,37307.0,42433.66666666666,5058.377508102706
2020-09-14 01:00:00+00:00,36709.0,0.0,5390.0,3523.0,1866.0,1,0,14,9,0,0,36908.0,13.1,91,10.6,0.0,3,14.2,89.0,13.5,88.0,36395.0,34323.0,37715.0,42533.083333333336,4913.410645025853
2020-09-14 02:00:00+00:00,38297.0,0.0,4630.0,2936.0,1695.0,2,0,14,9,0,0,38305.0,12.8,92,9.9,0.0,2,13.1,91.0,13.0,91.0,36709.0,34206.0,39212.0,42703.54166666666,4677.251310787379
2020-09-14 03:00:00+00:00,42456.0,0.0,4087.0,2799.0,1288.0,3,0,14,9,0,0,42271.0,12.9,91,8.5,0.0,2,12.8,92.0,12.4,93.0,38297.0,34982.0,43394.0,43014.958333333336,4380.168643557203
2020-09-14 04:00:00+00:00,50857.0,29.0,3841.0,2740.0,1101.0,4,0,14,9,0,0,50478.0,14.4,86,4.3,0.0,3,12.9,91.0,12.1,95.0,42456.0,35993.0,51443.0,43634.29166666666,4394.953266596548
2020-09-14 05:00:00+00:00,56266.0,1621.0,3982.0,3019.0,964.0,5,0,14,9,0,0,55749.0,12.1,95,4.6,0.0,2,14.4,86.0,12.2,95.0,50857.0,37634.0,55886.0,44410.625,4904.971034904255
2020-09-14 06:00:00+00:00,59312.0,6992.0,4049.0,3123.0,926.0,6,0,14,9,0,0,58404.0,14.2,88,4.8,0.0,2,12.1,95.0,14.0,89.0,56266.0,41439.0,58575.0,45155.333333333336,5722.804455908782
2020-09-14 07:00:00+00:00,61043.0,14683.0,3418.0,2465.0,953.0,7,0,14,9,0,0,59633.0,17.4,77,2.9,0.0,1,14.2,88.0,15.9,81.0,59312.0,44975.0,60378.0,45824.833333333336,6576.933325722936
2020-09-14 08:00:00+00:00,63019.0,21278.0,2350.0,1376.0,974.0,8,0,14,9,0,0,61047.0,20.5,67,3.4,0.0,0,17.4,77.0,17.8,73.0,61043.0,47250.0,62038.0,46481.875,7454.606316333075
2020-09-14 09:00:00+00:00,64592.0,25570.0,2023.0,1126.0,897.0,9,0,14,9,0,0,62246.0,23.0,59,5.1,0.0,0,20.5,67.0,19.4,66.0,63019.0,49450.0,63456.0,47112.79166666666,8308.586689731837
2020-09-14 10:00:00+00:00,64641.0,27705.0,2160.0,1331.0,829.0,10,0,14,9,0,0,62326.0,24.8,53,5.8,0.0,2,23.0,59.0,20.2,60.0,64592.0,49458.0,63879.0,47745.41666666666,9040.688300636632
2020-09-14 11:00:00+00:00,64079.0,27753.0,2023.0,1381.0,642.0,11,0,14,9,0,0,61791.0,26.1,49,5.8,0.0,2,24.8,53.0,21.5,52.0,64641.0,48291.0,62510.0,48403.25,9636.85282494024
2020-09-14 12:00:00+00:00,62412.0,26055.0,1711.0,1313.0,398.0,12,0,14,9,0,0,60592.0,27.2,44,8.0,0.0,2,26.1,49.0,22.4,48.0,64079.0,46786.0,60541.0,49054.333333333336,10042.17453355164
2020-09-14 13:00:00+00:00,61748.0,22277.0,1411.0,1248.0,163.0,13,0,14,9,0,0,59516.0,27.9,43,7.6,0.0,2,27.2,44.0,23.2,45.0,62412.0,45523.0,60166.0,49730.375,10335.946723902114
2020-09-14 14:00:00+00:00,59979.0,16635.0,1422.0,1373.0,49.0,14,0,14,9,0,0,57784.0,28.1,43,7.9,0.0,2,27.9,43.0,23.7,44.0,61748.0,44672.0,58414.0,50368.16666666666,10481.486281375484
2020-09-14 15:00:00+00:00,58967.0,9578.0,1549.0,1524.0,25.0,15,0,14,9,0,0,57237.0,28.0,44,9.1,0.0,3,28.1,43.0,23.8,45.0,59979.0,45231.0,57682.0,50940.5,10563.480240082106
2020-09-14 16:00:00+00:00,58441.0,3137.0,1842.0,1826.0,16.0,16,0,14,9,0,0,57565.0,26.6,55,6.7,0.0,3,28.0,44.0,23.0,51.0,58967.0,46086.0,57444.0,51455.29166666666,10617.530047168846
2020-09-14 17:00:00+00:00,58219.0,237.0,2779.0,2759.0,19.0,17,0,14,9,0,0,57609.0,23.4,65,7.3,0.0,2,26.6,55.0,20.5,61.0,58441.0,45708.0,57153.0,51976.583333333336,10630.20558481161
2020-09-14 18:00:00+00:00,57532.0,0.0,3956.0,3872.0,85.0,18,0,14,9,0,0,56345.0,21.6,69,8.2,0.0,2,23.4,65.0,18.0,70.0,58219.0,46596.0,56586.0,52432.25,10623.923033909505
2020-09-14 19:00:00+00:00,53862.0,0.0,5324.0,5193.0,131.0,19,0,14,9,0,0,52896.0,20.6,72,8.6,0.0,1,21.6,69.0,17.0,76.0,57532.0,44467.0,53309.0,52823.708333333336,10489.9108069286
2020-09-14 20:00:00+00:00,50053.0,0.0,6287.0,6077.0,209.0,20,0,14,9,0,0,49103.0,19.6,76,8.4,0.0,1,20.6,72.0,16.5,78.0,53862.0,42772.0,49656.0,53127.083333333336,10289.949448122985
2020-09-14 21:00:00+00:00,46650.0,0.0,6665.0,6356.0,308.0,21,0,14,9,0,0,45194.0,19.0,79,8.1,0.0,2,19.6,76.0,15.9,80.0,50053.0,40681.0,45691.0,53375.79166666666,10045.274575766232
2020-09-14 22:00:00+00:00,43809.0,0.0,6349.0,5884.0,465.0,22,0,14,9,0,0,42711.0,18.6,81,7.9,0.0,2,19.0,79.0,15.4,82.0,46650.0,38451.0,43756.0,53599.04166666666,9754.489207223516
2020-09-14 23:00:00+00:00,42541.0,0.0,5998.0,5486.0,512.0,23,0,14,9,0,0,41213.0,18.1,84,8.4,0.0,2,18.6,81.0,14.6,86.0,43809.0,37039.0,42185.0,53828.29166666666,9406.832264851846
2020-09-15 00:00:00+00:00,41632.0,0.0,5586.0,5095.0,491.0,0,1,15,9,0,0,40175.0,17.8,86,8.2,0.0,1,18.1,84.0,14.2,89.0,42541.0,36395.0,41621.0,54046.5,9038.378221205685
2020-09-15 01:00:00+00:00,41680.0,0.0,5298.0,4874.0,424.0,1,1,15,9,0,0,40362.0,17.0,89,8.7,0.0,1,17.8,86.0,13.1,91.0,41632.0,36709.0,42072.0,54253.625,8673.383216397076
2020-09-15 02:00:00+00:00,42772.0,0.0,4922.0,4711.0,211.0,2,1,15,9,0,0,41402.0,16.7,90,8.7,0.0,1,17.0,89.0,12.8,92.0,41680.0,38297.0,42863.0,54440.083333333336,8357.796900872403
2020-09-15 03:00:00+00:00,46250.0,0.0,4678.0,4594.0,84.0,3,1,15,9,0,0,44685.0,16.4,90,8.9,0.0,0,16.7,90.0,12.9,91.0,42772.0,42456.0,46639.0,54598.16666666666,8154.681587720153
2020-09-15 04:00:00+00:00,54094.0,21.0,4457.0,4402.0,54.0,4,1,15,9,0,0,52132.0,16.2,90,9.7,0.0,1,16.4,90.0,14.4,86.0,46250.0,50857.0,54693.0,54733.04166666666,8116.7952472109155
2020-09-15 05:00:00+00:00,58287.0,1495.0,4384.0,4324.0,61.0,5,1,15,9,0,0,57207.0,16.2,89,11.0,0.0,2,16.2,90.0,12.1,95.0,54094.0,56266.0,59463.0,54817.25,8143.8290067575235
2020-09-15 06:00:00+00:00,61466.0,6707.0,3601.0,3506.0,94.0,6,1,15,9,0,0,59755.0,18.1,81,13.5,0.0,3,16.2,89.0,14.2,88.0,58287.0,59312.0,61827.0,54907.0,8207.140708474337
2020-09-15 07:00:00+00:00,62939.0,13776.0,2169.0,2002.0,166.0,7,1,15,9,0,0,61043.0,20.6,72,13.6,0.0,3,18.1,81.0,17.4,77.0,61466.0,61043.0,62723.0,54986.0,8277.595197934643
2020-09-15 08:00:00+00:00,64498.0,20131.0,1038.0,944.0,93.0,8,1,15,9,0,0,62439.0,23.0,64,13.8,0.0,3,20.6,72.0,20.5,67.0,62939.0,63019.0,64898.0,55047.625,8345.228534201124
2020-09-15 09:00:00+00:00,65654.0,24446.0,931.0,809.0,122.0,9,1,15,9,0,0,63726.0,24.9,58,14.2,0.0,3,23.0,64.0,23.0,59.0,64498.0,64592.0,66253.0,55091.875,8400.668727586713
2020-09-15 10:00:00+00:00,65518.0,26755.0,1008.0,898.0,109.0,10,1,15,9,0,0,63715.0,26.5,53,14.2,0.0,3,24.9,58.0,24.8,53.0,65654.0,64641.0,66090.0,55128.41666666666,8445.798167633835
2020-09-15 11:00:00+00:00,65141.0,27129.0,1112.0,1038.0,73.0,11,1,15,9,0,0,63069.0,27.9,49,14.3,0.0,3,26.5,53.0,26.1,49.0,65518.0,64079.0,65903.0,55172.66666666666,8497.356477249295
2020-09-15 12:00:00+00:00,63618.0,25589.0,1302.0,1232.0,71.0,12,1,15,9,0,0,61779.0,29.3,43,15.1,0.0,3,27.9,49.0,27.2,44.0,65141.0,62412.0,63581.0,55222.91666666666,8545.45811180308
2020-09-15 13:00:00+00:00,62237.0,21986.0,1414.0,1360.0,54.0,13,1,15,9,0,0,60480.0,30.0,41,15.6,0.0,3,29.3,43.0,27.9,43.0,63618.0,61748.0,62252.0,55243.29166666666,8562.25879116518
2020-09-15 14:00:00+00:00,60551.0,16527.0,1329.0,1276.0,53.0,14,1,15,9,0,0,58718.0,30.2,39,15.1,0.0,2,30.0,41.0,28.1,43.0,62237.0,59979.0,60297.0,55267.125,8576.79767092852
2020-09-15 15:00:00+00:00,59796.0,9512.0,1243.0,1205.0,38.0,15,1,15,9,0,0,58051.0,29.9,40,12.8,0.0,2,30.2,39.0,28.0,44.0,60551.0,58967.0,59311.0,55301.66666666666,8593.998257968897
2020-09-15 16:00:00+00:00,58809.0,3032.0,1158.0,1118.0,40.0,16,1,15,9,0,0,58378.0,28.2,49,9.7,0.0,0,29.9,40.0,26.6,55.0,59796.0,58441.0,59124.0,55317.0,8600.169032717078
2020-09-15 17:00:00+00:00,58540.0,190.0,1430.0,1337.0,93.0,17,1,15,9,0,0,58321.0,25.3,56,9.4,0.0,0,28.2,49.0,23.4,65.0,58809.0,58219.0,58041.0,55330.375,8605.12663581889
2020-09-15 18:00:00+00:00,57269.0,0.0,1919.0,1710.0,209.0,18,1,15,9,0,0,57056.0,23.5,59,9.3,0.0,0,25.3,56.0,21.6,69.0,58540.0,57532.0,57532.0,55319.41666666666,8602.368060808876
2020-09-15 19:00:00+00:00,53377.0,0.0,2401.0,2100.0,301.0,19,1,15,9,0,0,53753.0,22.1,63,8.5,0.0,0,23.5,59.0,20.6,72.0,57269.0,53862.0,53970.0,55299.208333333336,8606.509295821355
2020-09-15 20:00:00+00:00,49819.0,0.0,2537.0,2165.0,372.0,20,1,15,9,0,0,49893.0,21.2,67,8.4,0.0,0,22.1,63.0,19.6,76.0,53377.0,50053.0,50116.0,55289.458333333336,8612.841151086093
2020-09-15 21:00:00+00:00,46360.0,0.0,2641.0,2291.0,350.0,21,1,15,9,0,0,46038.0,20.6,69,8.7,0.0,0,21.2,67.0,19.0,79.0,49819.0,46650.0,46505.0,55277.375,8625.682666430404
2020-09-15 22:00:00+00:00,44081.0,0.0,2435.0,2159.0,276.0,22,1,15,9,0,0,43406.0,20.1,73,8.2,0.0,1,20.6,69.0,18.6,81.0,46360.0,43809.0,44344.0,55288.708333333336,8610.123816103032
2020-09-15 23:00:00+00:00,42444.0,0.0,2499.0,2101.0,398.0,23,1,15,9,0,0,41744.0,18.8,81,8.0,0.0,1,20.1,73.0,18.1,84.0,44081.0,42541.0,42806.0,55284.66666666666,8616.388357011423
2020-09-16 00:00:00+00:00,41551.0,0.0,2530.0,1938.0,592.0,0,2,16,9,0,0,40724.0,18.5,82,8.3,0.0,1,18.8,81.0,17.8,86.0,42444.0,41632.0,41570.0,55281.29166666666,8621.98260000051
2020-09-16 01:00:00+00:00,41578.0,0.0,2837.0,1744.0,1093.0,1,2,16,9,0,0,40842.0,17.1,87,9.4,0.0,1,18.5,82.0,17.0,89.0,41551.0,41680.0,41545.0,55277.04166666666,8629.00081111306
2020-09-16 02:00:00+00:00,42521.0,0.0,2924.0,1560.0,1365.0,2,2,16,9,0,0,41918.0,16.2,90,9.7,0.0,2,17.1,87.0,16.7,90.0,41578.0,42772.0,43054.0,55266.583333333336,8644.95321946094
2020-09-16 03:00:00+00:00,45944.0,0.0,3138.0,1672.0,1466.0,3,2,16,9,0,0,45333.0,15.6,93,8.6,0.0,2,16.2,90.0,16.4,90.0,42521.0,46250.0,46229.0,55253.833333333336,8659.043664770792
2020-09-16 04:00:00+00:00,53605.0,17.0,3508.0,2106.0,1402.0,4,2,16,9,0,0,52921.0,15.0,95,8.6,0.0,1,15.6,93.0,16.2,90.0,45944.0,54094.0,53281.0,55233.458333333336,8662.466086158258
2020-09-16 05:00:00+00:00,58096.0,1341.0,4095.0,2657.0,1438.0,5,2,16,9,0,0,57430.0,15.4,94,6.1,0.0,0,15.0,95.0,16.2,89.0,53605.0,58287.0,57877.0,55225.5,8659.626053780019
2020-09-16 06:00:00+00:00,61497.0,6024.0,4190.0,2623.0,1567.0,6,2,16,9,0,0,60011.0,18.0,83,9.8,0.0,0,15.4,94.0,18.1,81.0,58096.0,61466.0,61014.0,55226.79166666666,8660.599612634433
2020-09-16 07:00:00+00:00,62838.0,11995.0,3559.0,1929.0,1630.0,7,2,16,9,0,0,61276.0,20.6,73,8.0,0.0,0,18.0,83.0,20.6,72.0,61497.0,62939.0,62340.0,55222.583333333336,8656.712850964814
2020-09-16 08:00:00+00:00,63962.0,17243.0,3195.0,1499.0,1696.0,8,2,16,9,0,0,62612.0,23.1,65,7.1,0.0,0,20.6,73.0,23.0,64.0,62838.0,64498.0,64443.0,55200.25,8632.400186405992
2020-09-16 09:00:00+00:00,65619.0,20951.0,4308.0,2021.0,2287.0,9,2,16,9,0,0,64013.0,25.1,59,7.2,0.0,0,23.1,65.0,24.9,58.0,63962.0,65654.0,66702.0,55198.79166666666,8630.56013588106
2020-09-16 10:00:00+00:00,65801.0,22791.0,6091.0,2834.0,3258.0,10,2,16,9,0,0,63952.0,26.6,54,7.6,0.0,0,25.1,59.0,26.5,53.0,65619.0,65518.0,66148.0,55210.583333333336,8645.452420664426
2020-09-16 11:00:00+00:00,64900.0,22526.0,8599.0,4277.0,4322.0,11,2,16,9,0,0,63392.0,27.7,48,9.7,0.0,1,26.6,54.0,27.9,49.0,65801.0,65141.0,65552.0,55200.54166666666,8633.54855241374
2020-09-16 12:00:00+00:00,63729.0,20588.0,10508.0,6170.0,4338.0,12,2,16,9,0,0,62070.0,28.5,43,11.3,0.0,1,27.7,48.0,29.3,43.0,64900.0,63618.0,63825.0,55205.16666666666,8638.282280269876
2020-09-16 13:00:00+00:00,62596.0,17128.0,12258.0,8212.0,4046.0,13,2,16,9,0,0,60908.0,28.9,37,12.6,0.0,3,28.5,43.0,30.0,41.0,63729.0,62237.0,63020.0,55220.125,8651.28928472773
2020-09-16 14:00:00+00:00,61344.0,12326.0,13789.0,9852.0,3937.0,14,2,16,9,0,0,59245.0,28.7,37,14.3,0.0,2,28.9,37.0,30.2,39.0,62596.0,60551.0,61350.0,55253.16666666666,8674.01907581126
2020-09-16 15:00:00+00:00,60892.0,6848.0,15803.0,10968.0,4835.0,15,2,16,9,0,0,58690.0,27.9,39,16.6,0.0,3,28.7,37.0,29.9,40.0,61344.0,59796.0,59957.0,55298.833333333336,8701.816440394516
2020-09-16 16:00:00+00:00,60849.0,2171.0,17531.0,11612.0,5919.0,16,2,16,9,0,0,58932.0,26.1,45,15.5,0.0,3,27.9,39.0,28.2,49.0,60892.0,58809.0,59348.0,55383.833333333336,8747.438619721699
2020-09-16 17:00:00+00:00,61343.0,132.0,18525.0,12816.0,5709.0,17,2,16,9,0,0,58866.0,24.5,51,14.2,0.0,3,26.1,45.0,25.3,56.0,60849.0,58540.0,58282.0,55500.625,8809.89958888897
2020-09-16 18:00:00+00:00,59940.0,0.0,19241.0,13810.0,5431.0,18,2,16,9,0,0,58016.0,22.6,66,18.7,0.0,3,24.5,51.0,23.5,59.0,61343.0,57269.0,58085.0,55611.91666666666,8849.989554976335
2020-09-16 19:00:00+00:00,56139.0,0.0,19701.0,14637.0,5064.0,19,2,16,9,0,0,54215.0,20.6,76,20.1,0.0,3,22.6,66.0,22.1,63.0,59940.0,53377.0,54629.0,55727.0,8837.613173741971
2020-09-16 20:00:00+00:00,51884.0,0.0,19979.0,14959.0,5021.0,20,2,16,9,0,0,49990.0,19.1,73,20.4,0.0,2,20.6,76.0,21.2,67.0,56139.0,49819.0,51044.0,55813.04166666666,8787.503134907922
2020-09-16 21:00:00+00:00,48478.0,0.0,19770.0,14366.0,5405.0,21,2,16,9,0,0,46153.0,17.9,74,19.7,0.0,1,19.1,73.0,20.6,69.0,51884.0,46360.0,47960.0,55901.29166666666,8698.62754531447
2020-09-16 22:00:00+00:00,46378.0,0.0,19803.0,13988.0,5814.0,22,2,16,9,0,0,43477.0,16.9,79,17.5,0.2,51,17.9,74.0,20.1,73.0,48478.0,44081.0,44205.0,55997.0,8574.671331006508
2020-09-16 23:00:00+00:00,45357.0,0.0,19121.0,13250.0,5871.0,23,2,16,9,0,0,41689.0,16.4,76,15.8,0.1,51,16.9,79.0,18.8,81.0,46378.0,42444.0,42980.0,56118.375,8393.182947112382
2020-09-17 00:00:00+00:00,43952.0,0.0,18093.0,12632.0,5460.0,0,3,17,9,0,0,40724.0,15.6,75,16.9,0.0,0,16.4,76.0,18.5,82.0,45357.0,41551.0,41876.0,56218.41666666666,8224.615825132323
2020-09-17 01:00:00+00:00,43839.0,0.0,17368.0,12519.0,4849.0,1,3,17,9,0,0,40775.0,14.4,79,16.0,0.0,2,15.6,75.0,17.1,87.0,43952.0,41578.0,42103.0,56312.625,8060.947666871813
2020-09-17 02:00:00+00:00,44470.0,0.0,16654.0,12269.0,4386.0,2,3,17,9,0,0,41737.0,14.2,81,15.3,0.0,3,14.4,79.0,16.2,90.0,43839.0,42521.0,42966.0,56393.833333333336,7924.630698660202
2020-09-17 03:00:00+00:00,47501.0,0.0,16090.0,12215.0,3875.0,3,3,17,9,0,0,45124.0,14.6,81,16.7,0.0,3,14.2,81.0,15.6,93.0,44470.0,45944.0,46809.0,56458.708333333336,7841.298713856676
2020-09-17 04:00:00+00:00,55382.0,18.0,16050.0,12644.0,3406.0,4,3,17,9,0,0,52742.0,15.1,78,17.0,0.0,3,14.6,81.0,15.0,95.0,47501.0,53605.0,54858.0,56532.75,7821.54572875205
2020-09-17 05:00:00+00:00,60155.0,1050.0,15423.0,12411.0,3012.0,5,3,17,9,0,0,58084.0,14.8,77,14.1,0.0,2,15.1,78.0,15.4,94.0,55382.0,58096.0,59102.0,56618.54166666666,7850.675916506649
2020-09-17 06:00:00+00:00,63078.0,5190.0,12847.0,10453.0,2393.0,6,3,17,9,0,0,61176.0,15.1,75,14.2,0.0,2,14.8,77.0,18.0,83.0,60155.0,61497.0,61347.0,56684.41666666666,7899.869789332537
2020-09-17 07:00:00+00:00,63335.0,11012.0,10806.0,8784.0,2021.0,7,3,17,9,0,0,62223.0,15.6,66,16.4,0.1,51,15.1,75.0,20.6,73.0,63078.0,62838.0,62100.0,56705.125,7917.333929355017
2020-09-17 08:00:00+00:00,64280.0,16658.0,10062.0,8285.0,1777.0,8,3,17,9,0,0,63622.0,16.1,57,17.2,0.1,51,15.6,66.0,23.1,65.0,63335.0,63962.0,63986.0,56718.375,7930.262191030092
2020-09-17 09:00:00+00:00,65640.0,20707.0,9534.0,8023.0,1510.0,9,3,17,9,0,0,64766.0,16.5,49,16.1,0.0,1,16.1,57.0,25.1,59.0,64280.0,65619.0,65126.0,56719.25,7931.288048526469
2020-09-17 10:00:00+00:00,65082.0,23218.0,8120.0,6845.0,1275.0,10,3,17,9,0,0,64599.0,17.1,44,15.0,0.0,0,16.5,49.0,26.6,54.0,65640.0,65801.0,64547.0,56689.29166666666,7896.775503078304
2020-09-17 11:00:00+00:00,63821.0,24077.0,7537.0,6395.0,1142.0,11,3,17,9,0,0,63687.0,17.8,42,15.3,0.0,0,17.1,44.0,27.7,48.0,65082.0,64900.0,63899.0,56644.333333333336,7850.935915776299
2020-09-17 12:00:00+00:00,62876.0,23209.0,6972.0,6112.0,860.0,12,3,17,9,0,0,62432.0,18.1,40,15.5,0.0,0,17.8,42.0,28.5,43.0,63821.0,63729.0,62321.0,56608.79166666666,7819.335927431274
2020-09-17 13:00:00+00:00,62007.0,20486.0,7104.0,6204.0,901.0,13,3,17,9,0,0,61317.0,18.3,38,15.9,0.0,0,18.1,40.0,28.9,37.0,62876.0,62596.0,60624.0,56584.25,7800.629474321618
2020-09-17 14:00:00+00:00,59575.0,15492.0,7996.0,6967.0,1029.0,14,3,17,9,0,0,60055.0,18.0,39,17.0,0.0,0,18.3,38.0,28.7,37.0,62007.0,61344.0,58781.0,56510.54166666666,7761.960868229782
2020-09-17 15:00:00+00:00,59689.0,8587.0,9053.0,7740.0,1313.0,15,3,17,9,0,0,59571.0,17.5,41,16.4,0.0,0,18.0,39.0,27.9,39.0,59575.0,60892.0,58352.0,56460.41666666666,7736.278062067445
2020-09-17 16:00:00+00:00,59649.0,2567.0,9517.0,8101.0,1416.0,16,3,17,9,0,0,59162.0,16.6,43,14.8,0.0,0,17.5,41.0,26.1,45.0,59689.0,60849.0,57625.0,56410.41666666666,7710.516138572773
2020-09-17 17:00:00+00:00,59681.0,140.0,11151.0,9566.0,1585.0,17,3,17,9,0,0,59228.0,14.8,51,7.9,0.0,0,16.6,43.0,24.5,51.0,59649.0,61343.0,57571.0,56341.16666666666,7671.654782473725
2020-09-17 18:00:00+00:00,58611.0,0.0,14764.0,13249.0,1515.0,18,3,17,9,0,0,57818.0,13.4,58,11.5,0.0,1,14.8,51.0,22.6,66.0,59681.0,59940.0,57187.0,56285.79166666666,7649.312421383388
2020-09-17 19:00:00+00:00,54738.0,0.0,17148.0,15672.0,1475.0,19,3,17,9,0,0,54188.0,12.4,64,10.2,0.0,0,13.4,58.0,20.6,76.0,58611.0,56139.0,53236.0,56227.41666666666,7655.824380775591
2020-09-17 20:00:00+00:00,50547.0,0.0,16340.0,15082.0,1258.0,20,3,17,9,0,0,50548.0,11.4,69,10.0,0.0,0,12.4,64.0,19.1,73.0,54738.0,51884.0,49633.0,56171.708333333336,7693.575137053987
2020-09-17 21:00:00+00:00,46623.0,0.0,15475.0,14353.0,1122.0,21,3,17,9,0,0,46640.0,10.4,74,8.7,0.0,0,11.4,69.0,17.9,74.0,50547.0,48478.0,45873.0,56094.41666666666,7783.026598710448
2020-09-17 22:00:00+00:00,44739.0,0.0,14673.0,13727.0,947.0,22,3,17,9,0,0,45049.0,9.6,79,7.7,0.0,0,10.4,74.0,16.9,79.0,46623.0,46378.0,43694.0,56026.125,7878.593382028938
2020-09-17 23:00:00+00:00,43174.0,0.0,13819.0,12952.0,868.0,23,3,17,9,0,0,43205.0,8.9,83,7.0,0.0,0,9.6,79.0,16.4,76.0,44739.0,45357.0,41977.0,55935.16666666666,8018.483271231335
2020-09-18 00:00:00+00:00,42347.0,0.0,12922.0,12170.0,753.0,0,4,18,9,0,0,42381.0,8.5,85,6.9,0.0,0,8.9,83.0,15.6,75.0,43174.0,43952.0,41213.0,55868.29166666666,8128.704792701372
2020-09-18 01:00:00+00:00,42437.0,0.0,12125.0,11409.0,716.0,1,4,18,9,0,0,42506.0,6.9,91,6.9,0.0,0,8.5,85.0,14.4,79.0,42347.0,43839.0,41482.0,55809.875,8223.397675627992
2020-09-18 02:00:00+00:00,43554.0,0.0,11623.0,10919.0,704.0,2,4,18,9,0,0,43540.0,6.4,92,7.0,0.0,0,6.9,91.0,14.2,81.0,42437.0,44470.0,42513.0,55771.708333333336,8280.246113120229
2020-09-18 03:00:00+00:00,47296.0,0.0,11364.0,10798.0,566.0,3,4,18,9,0,0,46787.0,5.7,94,8.7,0.0,2,6.4,92.0,14.6,81.0,43554.0,47501.0,45646.0,55763.16666666666,8289.24973091361
2020-09-18 04:00:00+00:00,54626.0,14.0,11091.0,10667.0,424.0,4,4,18,9,0,0,54375.0,5.5,95,9.1,0.0,1,5.7,94.0,15.1,78.0,47296.0,55382.0,52807.0,55731.66666666666,8292.197095261829
2020-09-18 05:00:00+00:00,58860.0,1337.0,10696.0,10280.0,416.0,5,4,18,9,0,0,58330.0,5.6,95,8.8,0.0,2,5.5,95.0,14.8,77.0,54626.0,60155.0,56492.0,55677.708333333336,8266.335518912469
2020-09-18 06:00:00+00:00,61695.0,6646.0,8849.0,8388.0,461.0,6,4,18,9,0,0,60942.0,8.3,85,5.9,0.0,3,5.6,95.0,15.1,75.0,58860.0,63078.0,59471.0,55620.083333333336,8217.179125184275
2020-09-18 07:00:00+00:00,62648.0,13882.0,5967.0,5498.0,469.0,7,4,18,9,0,0,62106.0,11.0,74,4.5,0.0,3,8.3,85.0,15.6,66.0,61695.0,63335.0,61009.0,55591.458333333336,8190.287890991422
2020-09-18 08:00:00+00:00,63143.0,20464.0,4597.0,4116.0,480.0,8,4,18,9,0,0,62917.0,13.1,63,4.7,0.0,2,11.0,74.0,16.1,57.0,62648.0,64280.0,62018.0,55544.083333333336,8140.985737327153
2020-09-18 09:00:00+00:00,63735.0,25370.0,5292.0,4678.0,613.0,9,4,18,9,0,0,64078.0,14.8,53,4.3,0.0,1,13.1,63.0,16.5,49.0,63143.0,65640.0,62865.0,55464.708333333336,8047.014825814961
2020-09-18 10:00:00+00:00,64082.0,28304.0,6522.0,5851.0,672.0,10,4,18,9,0,0,63956.0,16.2,45,4.3,0.0,1,14.8,53.0,17.1,44.0,63735.0,65082.0,63034.0,55423.04166666666,7997.488858489791
2020-09-18 11:00:00+00:00,62598.0,28924.0,6916.0,6277.0,639.0,11,4,18,9,0,0,63000.0,17.3,38,4.7,0.0,1,16.2,45.0,17.8,42.0,64082.0,63821.0,61797.0,55372.083333333336,7945.378875234089
2020-09-18 12:00:00+00:00,60866.0,27260.0,7333.0,6502.0,832.0,12,4,18,9,0,0,61488.0,18.0,36,6.1,0.0,0,17.3,38.0,18.1,40.0,62598.0,62876.0,60177.0,55288.333333333336,7873.107953062833
2020-09-18 13:00:00+00:00,59747.0,23306.0,7715.0,6513.0,1202.0,13,4,18,9,0,0,60244.0,18.8,33,6.5,0.0,0,18.0,36.0,18.3,38.0,60866.0,62007.0,58595.0,55194.16666666666,7802.453553163696
2020-09-18 14:00:00+00:00,58233.0,17200.0,8234.0,6700.0,1535.0,14,4,18,9,0,0,59267.0,19.0,32,8.0,0.0,0,18.8,33.0,18.0,39.0,59747.0,59575.0,56825.0,55138.25,7774.4515827834975
2020-09-18 15:00:00+00:00,57884.0,9565.0,8647.0,6843.0,1804.0,15,4,18,9,0,0,58980.0,18.8,32,8.7,0.0,1,19.0,32.0,17.5,41.0,58233.0,59689.0,56734.0,55063.04166666666,7737.155715339265
2020-09-18 16:00:00+00:00,57565.0,2758.0,8940.0,6933.0,2007.0,16,4,18,9,0,0,58821.0,18.1,35,7.6,0.0,0,18.8,32.0,16.6,43.0,57884.0,59649.0,56154.0,54976.208333333336,7695.029813085621
2020-09-18 17:00:00+00:00,57314.0,126.0,11548.0,9379.0,2169.0,17,4,18,9,0,0,58413.0,14.8,49,6.8,0.0,0,18.1,35.0,14.8,51.0,57565.0,59681.0,55347.0,54877.583333333336,7647.1275875704305
2020-09-18 18:00:00+00:00,56521.0,0.0,15723.0,13298.0,2425.0,18,4,18,9,0,0,57343.0,13.4,52,7.9,0.0,1,14.8,49.0,13.4,58.0,57314.0,58611.0,54653.0,54790.5,7614.594973384769
2020-09-18 19:00:00+00:00,53040.0,0.0,17344.0,15037.0,2307.0,19,4,18,9,0,0,53946.0,12.5,55,8.6,0.0,1,13.4,52.0,12.4,64.0,56521.0,54738.0,50324.0,54719.75,7622.987724496672
2020-09-18 20:00:00+00:00,49312.0,0.0,16763.0,14703.0,2060.0,20,4,18,9,0,0,50310.0,11.6,58,8.0,0.0,2,12.5,55.0,11.4,69.0,53040.0,50547.0,46501.0,54668.29166666666,7656.475034551536
2020-09-18 21:00:00+00:00,45543.0,0.0,16265.0,13891.0,2374.0,21,4,18,9,0,0,46509.0,10.7,62,7.9,0.0,2,11.6,58.0,10.4,74.0,49312.0,46623.0,43216.0,54623.29166666666,7708.811048456036
2020-09-18 22:00:00+00:00,43487.0,0.0,15683.0,13040.0,2642.0,22,4,18,9,0,0,42474.0,10.2,66,7.8,0.0,2,10.7,62.0,9.6,79.0,45543.0,44739.0,41488.0,54571.125,7782.491823554737
2020-09-18 23:00:00+00:00,41355.0,0.0,14934.0,12253.0,2680.0,23,4,18,9,0,0,40623.0,9.9,70,8.4,0.0,2,10.2,66.0,8.9,83.0,43487.0,43174.0,40199.0,54495.333333333336,7906.185672247938
2020-09-19 00:00:00+00:00,39985.0,0.0,13920.0,11565.0,2355.0,0,5,19,9,1,0,39260.0,10.1,71,9.4,0.0,1,9.9,70.0,8.5,85.0,41355.0,42347.0,39012.0,54396.91666666666,8076.843076333143
2020-09-19 01:00:00+00:00,39605.0,0.0,12846.0,11078.0,1769.0,1,5,19,9,1,0,38868.0,8.8,78,9.4,0.0,1,10.1,71.0,6.9,91.0,39985.0,42437.0,38496.0,54278.91666666666,8277.368516501567
2020-09-19 02:00:00+00:00,39523.0,0.0,12376.0,10671.0,1705.0,2,5,19,9,1,0,38872.0,8.4,79,9.4,0.0,1,8.8,78.0,6.4,92.0,39605.0,43554.0,38511.0,54110.958333333336,8541.146646772131
2020-09-19 03:00:00+00:00,40584.0,0.0,11983.0,10173.0,1810.0,3,5,19,9,1,0,39393.0,7.9,81,9.1,0.0,1,8.4,79.0,5.7,94.0,39523.0,47296.0,38961.0,53831.29166666666,8877.267257141128
2020-09-19 04:00:00+00:00,42628.0,10.0,11928.0,10071.0,1858.0,4,5,19,9,1,0,41273.0,7.4,82,8.0,0.0,3,7.9,81.0,5.5,95.0,40584.0,54626.0,40988.0,53331.375,9163.7738657147
2020-09-19 05:00:00+00:00,45254.0,1214.0,11811.0,9839.0,1972.0,5,5,19,9,1,0,44080.0,7.0,83,7.2,0.0,3,7.4,82.0,5.6,95.0,42628.0,58860.0,43540.0,52764.458333333336,9227.520529840169
2020-09-19 06:00:00+00:00,49068.0,6564.0,10883.0,8933.0,1950.0,6,5,19,9,1,0,48083.0,9.3,71,10.0,0.0,3,7.0,83.0,8.3,85.0,45254.0,61695.0,47747.0,52238.333333333336,9054.544756840132
2020-09-19 07:00:00+00:00,51944.0,13809.0,7900.0,5845.0,2055.0,7,5,19,9,1,0,51193.0,12.1,60,9.7,0.0,3,9.3,71.0,11.0,74.0,49068.0,62648.0,50672.0,51792.333333333336,8778.930917712501
2020-09-19 08:00:00+00:00,53379.0,20210.0,5442.0,3365.0,2077.0,8,5,19,9,1,0,52864.0,14.8,52,11.2,0.0,3,12.1,60.0,13.1,63.0,51944.0,63143.0,52223.0,51385.5,8450.132497031527
2020-09-19 09:00:00+00:00,53777.0,24695.0,4867.0,2896.0,1971.0,9,5,19,9,1,0,54118.0,17.0,45,13.4,0.0,3,14.8,52.0,14.8,53.0,53379.0,63735.0,53639.0,50970.583333333336,8052.508072248029
2020-09-19 10:00:00+00:00,53227.0,27027.0,5470.0,3409.0,2061.0,10,5,19,9,1,0,54150.0,18.7,39,13.7,0.0,3,17.0,45.0,16.2,45.0,53777.0,64082.0,54293.0,50518.29166666666,7574.72607327426
2020-09-19 11:00:00+00:00,51552.0,27240.0,6028.0,3938.0,2090.0,11,5,19,9,1,0,52864.0,19.9,35,14.1,0.0,3,18.7,39.0,17.3,38.0,53227.0,62598.0,52991.0,50058.04166666666,7131.449651271374
2020-09-19 12:00:00+00:00,50194.0,25427.0,6294.0,4058.0,2236.0,12,5,19,9,1,0,51239.0,20.2,32,13.8,0.0,3,19.9,35.0,18.0,36.0,51552.0,60866.0,51705.0,49613.375,6750.79783891885
2020-09-19 13:00:00+00:00,49083.0,21356.0,6917.0,4418.0,2499.0,13,5,19,9,1,0,50220.0,20.5,32,14.9,0.0,3,20.2,32.0,18.8,33.0,50194.0,59747.0,50929.0,49169.04166666666,6396.458989697223
2020-09-19 14:00:00+00:00,48891.0,15427.0,7413.0,4840.0,2573.0,14,5,19,9,1,0,49413.0,20.4,33,14.8,0.0,3,20.5,32.0,19.0,32.0,49083.0,58233.0,49832.0,48779.79166666666,6098.194344152364
2020-09-19 15:00:00+00:00,49334.0,8376.0,7779.0,5291.0,2487.0,15,5,19,9,1,0,49746.0,19.8,35,14.2,0.0,3,20.4,33.0,18.8,32.0,48891.0,57884.0,49801.0,48423.54166666666,5784.905425397255
2020-09-19 16:00:00+00:00,50000.0,2389.0,8581.0,6072.0,2509.0,16,5,19,9,1,0,50110.0,18.8,40,11.2,0.0,3,19.8,35.0,18.1,35.0,49334.0,57565.0,49847.0,48108.333333333336,5462.2515557198685
2020-09-19 17:00:00+00:00,50112.0,95.0,11613.0,8996.0,2617.0,17,5,19,9,1,0,49934.0,16.5,47,10.3,0.0,3,18.8,40.0,14.8,49.0,50000.0,57314.0,49279.0,47808.25,5121.742224383832
2020-09-19 18:00:00+00:00,49337.0,0.0,15072.0,12280.0,2791.0,18,5,19,9,1,0,48611.0,15.5,49,11.6,0.0,3,16.5,47.0,13.4,52.0,50112.0,56521.0,48259.0,47508.91666666666,4789.554993548387
2020-09-19 19:00:00+00:00,46676.0,0.0,16524.0,13973.0,2550.0,19,5,19,9,1,0,45756.0,14.6,53,11.9,0.0,3,15.5,49.0,12.5,55.0,49337.0,53040.0,45325.0,47243.75,4643.97505189259
2020-09-19 20:00:00+00:00,44700.0,0.0,15655.0,13501.0,2153.0,20,5,19,9,1,0,43671.0,13.8,58,11.8,0.0,3,14.6,53.0,11.6,58.0,46676.0,49312.0,43407.0,47051.583333333336,4650.088039527229
2020-09-19 21:00:00+00:00,41734.0,0.0,14170.0,12378.0,1792.0,21,5,19,9,1,0,40917.0,13.0,61,11.7,0.0,2,13.8,58.0,10.7,62.0,44700.0,45543.0,40703.0,46892.875,4767.337606384988
2020-09-19 22:00:00+00:00,39264.0,0.0,12416.0,10975.0,1441.0,22,5,19,9,1,0,37915.0,12.2,63,10.9,0.0,1,13.0,61.0,10.2,66.0,41734.0,43487.0,37610.0,46716.91666666666,4972.049519818534
2020-09-19 23:00:00+00:00,37383.0,0.0,10747.0,9664.0,1083.0,23,5,19,9,1,0,36163.0,11.6,65,11.0,0.0,0,12.2,63.0,9.9,70.0,39264.0,41355.0,36201.0,46551.41666666666,5218.294914896231
2020-09-20 00:00:00+00:00,36538.0,0.0,9077.0,8329.0,748.0,0,6,20,9,1,0,35046.0,11.9,63,12.0,0.0,0,11.6,65.0,10.1,71.0,37383.0,39985.0,35405.0,46407.79166666666,5449.209962514825
2020-09-20 01:00:00+00:00,35939.0,0.0,7978.0,7294.0,684.0,1,6,20,9,1,0,34556.0,10.8,69,11.2,0.0,2,11.9,63.0,8.8,78.0,36538.0,39605.0,34323.0,46255.04166666666,5694.074322441154
2020-09-20 02:00:00+00:00,36223.0,0.0,7279.0,6599.0,680.0,2,6,20,9,1,0,34455.0,10.4,71,11.2,0.0,3,10.8,69.0,8.4,79.0,35939.0,39523.0,34206.0,46117.54166666666,5899.833527342369
2020-09-20 03:00:00+00:00,36894.0,0.0,6686.0,6035.0,650.0,3,6,20,9,1,0,34770.0,9.8,74,9.4,0.0,3,10.4,71.0,7.9,81.0,36223.0,40584.0,34982.0,45963.79166666666,6095.15531049444
2020-09-20 04:00:00+00:00,37700.0,8.0,6674.0,5870.0,804.0,4,6,20,9,1,0,35821.0,9.4,76,8.8,0.0,3,9.8,74.0,7.4,82.0,36894.0,42628.0,35993.0,45758.458333333336,6292.238089272513
2020-09-20 05:00:00+00:00,38595.0,1204.0,6930.0,5976.0,954.0,5,6,20,9,1,0,37510.0,9.1,78,8.3,0.0,3,9.4,76.0,7.0,83.0,37700.0,45254.0,37634.0,45481.0,6460.027749300243
2020-09-20 06:00:00+00:00,42179.0,6531.0,6814.0,5775.0,1040.0,6,6,20,9,1,0,41127.0,10.7,72,11.6,0.0,3,9.1,78.0,9.3,71.0,38595.0,49068.0,41439.0,45193.958333333336,6446.752640428649
2020-09-20 07:00:00+00:00,44957.0,13810.0,4621.0,3557.0,1064.0,7,6,20,9,1,0,44390.0,13.0,64,12.3,0.0,3,10.7,72.0,12.1,60.0,42179.0,51944.0,44975.0,44902.833333333336,6284.394915126254
2020-09-20 08:00:00+00:00,46981.0,20593.0,2773.0,1697.0,1076.0,8,6,20,9,1,0,46870.0,15.3,56,12.6,0.0,2,13.0,64.0,14.8,52.0,44957.0,53379.0,47250.0,44636.25,6040.159163248957
2020-09-20 09:00:00+00:00,48664.0,25249.0,2826.0,1737.0,1089.0,9,6,20,9,1,0,49551.0,17.5,50,12.7,0.0,2,15.3,56.0,17.0,45.0,46981.0,53777.0,49450.0,44423.208333333336,5788.674098985375
2020-09-20 10:00:00+00:00,48536.0,27607.0,3404.0,2529.0,876.0,10,6,20,9,1,0,49499.0,19.3,45,13.0,0.0,2,17.5,50.0,18.7,39.0,48664.0,53227.0,49458.0,44227.75,5552.878660031392
2020-09-20 11:00:00+00:00,46855.0,27895.0,3194.0,2597.0,597.0,11,6,20,9,1,0,47987.0,20.7,39,12.6,0.0,2,19.3,45.0,19.9,35.0,48536.0,51552.0,48291.0,44032.04166666666,5363.042513180064
2020-09-20 12:00:00+00:00,45044.0,26044.0,3098.0,2472.0,626.0,12,6,20,9,1,0,46302.0,20.8,41,13.7,0.0,2,20.7,39.0,20.2,32.0,46855.0,50194.0,46786.0,43817.458333333336,5206.519324504361
2020-09-20 13:00:00+00:00,44108.0,22057.0,3585.0,2720.0,865.0,13,6,20,9,1,0,45167.0,21.2,37,14.7,0.0,3,20.8,41.0,20.5,32.0,45044.0,49083.0,45523.0,43610.16666666666,5085.39088033407
2020-09-20 14:00:00+00:00,44042.0,16034.0,4696.0,3497.0,1199.0,14,6,20,9,1,0,44582.0,21.2,37,14.7,0.0,3,21.2,37.0,20.4,33.0,44108.0,48891.0,44672.0,43408.125,4961.272577915759
2020-09-20 15:00:00+00:00,45629.0,8626.0,5670.0,4446.0,1224.0,15,6,20,9,1,0,45465.0,20.8,39,14.4,0.0,3,21.2,37.0,19.8,35.0,44042.0,49334.0,45231.0,43253.75,4824.626683011046
2020-09-20 16:00:00+00:00,47479.0,2308.0,6316.0,5302.0,1014.0,16,6,20,9,1,0,46888.0,19.5,45,11.0,0.0,2,20.8,39.0,18.8,40.0,45629.0,50000.0,46086.0,43148.708333333336,4697.12011194112
2020-09-20 17:00:00+00:00,48705.0,78.0,8597.0,7828.0,770.0,17,6,20,9,1,0,47224.0,16.9,54,10.7,0.0,0,19.5,45.0,16.5,47.0,47479.0,50112.0,45708.0,43090.083333333336,4614.485791848925
2020-09-20 18:00:00+00:00,48311.0,0.0,11357.0,10404.0,953.0,18,6,20,9,1,0,47374.0,15.8,57,12.5,0.0,0,16.9,54.0,15.5,49.0,48705.0,49337.0,46596.0,43047.333333333336,4558.509297399743
2020-09-20 19:00:00+00:00,45807.0,0.0,12795.0,11353.0,1441.0,19,6,20,9,1,0,45457.0,15.1,60,13.1,0.0,0,15.8,57.0,14.6,53.0,48311.0,46676.0,44467.0,43011.125,4531.806601195518
2020-09-20 20:00:00+00:00,44338.0,0.0,12111.0,10700.0,1411.0,20,6,20,9,1,0,44186.0,14.4,62,13.4,0.0,0,15.1,60.0,13.8,58.0,45807.0,44700.0,42772.0,42996.04166666666,4526.5404438135565
2020-09-20 21:00:00+00:00,41585.0,0.0,10555.0,9467.0,1088.0,21,6,20,9,1,0,41324.0,13.6,64,11.9,0.0,0,14.4,62.0,13.0,61.0,44338.0,41734.0,40681.0,42989.833333333336,4528.448420975594
2020-09-20 22:00:00+00:00,39501.0,0.0,8524.0,7765.0,759.0,22,6,20,9,1,0,38446.0,12.6,66,10.1,0.0,0,13.6,64.0,12.2,63.0,41585.0,39264.0,38451.0,42999.708333333336,4520.221334317487
2020-09-20 23:00:00+00:00,38735.0,0.0,6542.0,5977.0,565.0,23,6,20,9,1,0,36899.0,11.6,71,8.7,0.0,0,12.6,66.0,11.6,65.0,39501.0,37383.0,37039.0,43056.04166666666,4455.135692844137
2020-09-21 00:00:00+00:00,38047.0,0.0,4974.0,4626.0,348.0,0,0,21,9,0,0,36193.0,12.0,72,9.7,0.0,0,11.6,71.0,11.9,63.0,38735.0,36538.0,36395.0,43118.91666666666,4368.962347370466
2020-09-21 01:00:00+00:00,38184.0,0.0,3794.0,3644.0,149.0,1,0,21,9,0,0,36562.0,10.6,78,8.5,0.0,0,12.0,72.0,10.8,69.0,38047.0,35939.0,36709.0,43212.458333333336,4230.38868580162
2020-09-21 02:00:00+00:00,39637.0,0.0,2958.0,2944.0,15.0,2,0,21,9,0,0,37962.0,9.8,82,7.8,0.0,0,10.6,78.0,10.4,71.0,38184.0,36223.0,38297.0,43354.708333333336,4038.1768753283695
2020-09-21 03:00:00+00:00,43867.0,0.0,2532.0,2479.0,53.0,3,0,21,9,0,0,41888.0,9.1,86,7.7,0.0,0,9.8,82.0,9.8,74.0,39637.0,36894.0,42456.0,43645.25,3796.759547983683
2020-09-21 04:00:00+00:00,53213.0,8.0,2251.0,2099.0,152.0,4,0,21,9,0,0,50616.0,8.6,88,7.2,0.0,0,9.1,86.0,9.4,76.0,43867.0,37700.0,50857.0,44291.625,4052.4948709821306
2020-09-21 05:00:00+00:00,58767.0,1109.0,2321.0,2161.0,160.0,5,0,21,9,0,0,56252.0,8.4,89,7.2,0.0,0,8.6,88.0,9.1,78.0,53213.0,38595.0,56266.0,45132.125,4835.794150978909
2020-09-21 06:00:00+00:00,61399.0,6342.0,2149.0,2041.0,108.0,6,0,21,9,0,0,59191.0,10.5,79,9.4,0.0,0,8.4,89.0,10.7,72.0,58767.0,42179.0,59312.0,45932.958333333336,5817.331955900019
2020-09-21 07:00:00+00:00,62086.0,13633.0,1539.0,1404.0,135.0,7,0,21,9,0,0,60286.0,13.2,68,8.8,0.0,0,10.5,79.0,13.0,64.0,61399.0,44957.0,61043.0,46646.66666666666,6679.280829983762
2020-09-21 08:00:00+00:00,63166.0,20224.0,580.0,512.0,68.0,8,0,21,9,0,0,61432.0,16.0,59,10.1,0.0,0,13.2,68.0,15.3,56.0,62086.0,46981.0,63019.0,47321.04166666666,7483.187128949559
2020-09-21 09:00:00+00:00,64679.0,24791.0,382.0,378.0,4.0,9,0,21,9,0,0,62697.0,18.5,52,10.9,0.0,0,16.0,59.0,17.5,50.0,63166.0,48664.0,64592.0,47988.333333333336,8279.793542199126
2020-09-21 10:00:00+00:00,64787.0,27024.0,662.0,638.0,24.0,10,0,21,9,0,0,62632.0,20.3,47,11.0,0.0,0,18.5,52.0,19.3,45.0,64679.0,48536.0,64641.0,48665.458333333336,8962.860252800207
2020-09-21 11:00:00+00:00,63962.0,27134.0,723.0,710.0,13.0,11,0,21,9,0,0,62025.0,21.6,44,9.7,0.0,0,20.3,47.0,20.7,39.0,64787.0,46855.0,64079.0,49378.25,9478.049172097091
2020-09-21 12:00:00+00:00,62446.0,25131.0,522.0,522.0,0.0,12,0,21,9,0,0,60696.0,23.1,40,8.9,0.0,0,21.6,44.0,20.8,41.0,63962.0,45044.0,62412.0,50103.333333333336,9792.47945094076
2020-09-21 13:00:00+00:00,61214.0,21167.0,441.0,441.0,0.0,13,0,21,9,0,0,59543.0,23.8,38,7.1,0.0,0,23.1,40.0,21.2,37.0,62446.0,44108.0,61748.0,50816.083333333336,9958.264271302398
2020-09-21 14:00:00+00:00,59901.0,15322.0,379.0,379.0,0.0,14,0,21,9,0,0,57921.0,24.0,38,6.9,0.0,0,23.8,38.0,21.2,37.0,61214.0,44042.0,59979.0,51476.875,10015.226752137783
2020-09-21 15:00:00+00:00,59462.0,8048.0,388.0,388.0,0.0,15,0,21,9,0,0,57664.0,23.6,39,7.9,0.0,0,24.0,38.0,20.8,39.0,59901.0,45629.0,58967.0,52053.25,10061.984466944949
2020-09-21 16:00:00+00:00,59425.0,2071.0,601.0,601.0,0.0,16,0,21,9,0,0,58071.0,22.4,45,6.3,0.0,0,23.6,39.0,19.5,45.0,59462.0,47479.0,58441.0,52551.0,10121.166018064116
2020-09-21 17:00:00+00:00,60160.0,64.0,1198.0,1198.0,0.0,17,0,21,9,0,0,58460.0,18.9,56,8.0,0.0,0,22.4,45.0,16.9,54.0,59425.0,48705.0,58219.0,53028.29166666666,10201.687466889998
2020-09-21 18:00:00+00:00,58850.0,0.0,2084.0,2080.0,4.0,18,0,21,9,0,0,57436.0,17.7,59,10.1,0.0,0,18.9,56.0,15.8,57.0,60160.0,48311.0,57532.0,53467.41666666666,10216.61760975997
2020-09-21 19:00:00+00:00,54809.0,0.0,2925.0,2917.0,8.0,19,0,21,9,0,0,53809.0,16.8,61,10.5,0.0,0,17.7,59.0,15.1,60.0,58850.0,45807.0,53862.0,53842.5,10087.583189679064
2020-09-21 20:00:00+00:00,50467.0,0.0,3261.0,3248.0,14.0,20,0,21,9,0,0,49925.0,16.1,62,10.5,0.0,0,16.8,61.0,14.4,62.0,54809.0,44338.0,50053.0,54097.875,9912.569935330916
2020-09-21 21:00:00+00:00,46826.0,0.0,3192.0,3170.0,22.0,21,0,21,9,0,0,46131.0,15.4,62,9.7,0.0,0,16.1,62.0,13.6,64.0,50467.0,41585.0,46650.0,54316.25,9679.924551673295
2020-09-21 22:00:00+00:00,44161.0,0.0,2906.0,2838.0,68.0,22,0,21,9,0,0,43356.0,14.6,65,8.8,0.0,0,15.4,62.0,12.6,66.0,46826.0,39501.0,43809.0,54510.41666666666,9412.88261035017
2020-09-21 23:00:00+00:00,42794.0,0.0,2549.0,2482.0,67.0,23,0,21,9,0,0,41754.0,13.9,69,8.3,0.0,0,14.6,65.0,11.6,71.0,44161.0,38735.0,42541.0,54679.54166666666,9149.907169779412
2020-09-22 00:00:00+00:00,41876.0,0.0,2013.0,1927.0,86.0,0,1,22,9,0,0,40715.0,13.9,72,7.9,0.0,0,13.9,69.0,12.0,72.0,42794.0,38047.0,41632.0,54839.083333333336,8876.58566320593
2020-09-22 01:00:00+00:00,42099.0,0.0,1529.0,1455.0,73.0,1,1,22,9,0,0,40973.0,12.2,82,7.8,0.0,0,13.9,72.0,10.6,78.0,41876.0,38184.0,41680.0,55002.208333333336,8588.506141193599
2020-09-22 02:00:00+00:00,43026.0,0.0,1171.0,1135.0,37.0,2,1,22,9,0,0,42159.0,11.2,88,9.0,0.0,0,12.2,82.0,9.8,82.0,42099.0,39637.0,42772.0,55143.41666666666,8349.427087435837
2020-09-22 03:00:00+00:00,46854.0,0.0,893.0,884.0,9.0,3,1,22,9,0,0,45556.0,11.2,90,7.1,0.0,0,11.2,88.0,9.1,86.0,43026.0,43867.0,46250.0,55267.875,8194.861992166421
2020-09-22 04:00:00+00:00,54703.0,5.0,848.0,846.0,2.0,4,1,22,9,0,0,53276.0,10.9,92,6.9,0.0,0,11.2,90.0,8.6,88.0,46854.0,53213.0,54094.0,55329.958333333336,8184.254817100552
2020-09-22 05:00:00+00:00,59677.0,992.0,877.0,867.0,10.0,5,1,22,9,0,0,57845.0,10.6,95,7.1,0.0,0,10.9,92.0,8.4,89.0,54703.0,58767.0,58287.0,55367.875,8202.95713016651
2020-09-22 06:00:00+00:00,62280.0,5610.0,914.0,885.0,29.0,6,1,22,9,0,0,60263.0,12.7,89,8.1,0.0,0,10.6,95.0,10.5,79.0,59677.0,61399.0,61466.0,55404.583333333336,8233.036034208857
2020-09-22 07:00:00+00:00,62663.0,12646.0,631.0,612.0,18.0,7,1,22,9,0,0,61332.0,15.2,79,6.7,0.0,0,12.7,89.0,13.2,68.0,62280.0,62086.0,62939.0,55428.625,8254.210271194257
2020-09-22 08:00:00+00:00,64346.0,19176.0,268.0,254.0,14.0,8,1,22,9,0,0,62399.0,17.8,68,8.2,0.0,0,15.2,79.0,16.0,59.0,62663.0,63166.0,64498.0,55477.79166666666,8305.656254883008
2020-09-22 09:00:00+00:00,65721.0,23745.0,209.0,167.0,41.0,9,1,22,9,0,0,63747.0,20.1,59,9.2,0.0,0,17.8,68.0,18.5,52.0,64346.0,64679.0,65654.0,55521.208333333336,8358.401490503504
2020-09-22 10:00:00+00:00,65825.0,25824.0,509.0,412.0,97.0,10,1,22,9,0,0,63712.0,22.1,52,10.7,0.0,0,20.1,59.0,20.3,47.0,65721.0,64787.0,65518.0,55564.458333333336,8410.951634000443
2020-09-22 11:00:00+00:00,64785.0,25541.0,1132.0,948.0,184.0,11,1,22,9,0,0,63049.0,23.8,46,11.2,0.0,0,22.1,52.0,21.6,44.0,65825.0,63962.0,65141.0,55598.75,8448.27209114911
2020-09-22 12:00:00+00:00,63562.0,23230.0,1640.0,1438.0,202.0,12,1,22,9,0,0,61655.0,25.0,42,11.4,0.0,0,23.8,46.0,23.1,40.0,64785.0,62446.0,63618.0,55645.25,8490.563955510304
2020-09-22 13:00:00+00:00,62120.0,18973.0,1813.0,1615.0,198.0,13,1,22,9,0,0,60285.0,25.7,38,10.6,0.0,1,25.0,42.0,23.8,38.0,63562.0,61214.0,62237.0,55683.0,8518.368296498147
2020-09-22 14:00:00+00:00,60305.0,13326.0,1590.0,1372.0,217.0,14,1,22,9,0,0,58615.0,25.9,35,11.4,0.0,2,25.7,38.0,24.0,38.0,62120.0,59901.0,60551.0,55699.833333333336,8527.460306290757
2020-09-22 15:00:00+00:00,60048.0,6791.0,1272.0,1041.0,232.0,15,1,22,9,0,0,58269.0,25.5,34,11.5,0.0,2,25.9,35.0,23.6,39.0,60305.0,59462.0,59796.0,55724.25,8539.53127341117
2020-09-22 16:00:00+00:00,59831.0,1683.0,1051.0,798.0,253.0,16,1,22,9,0,0,58735.0,23.7,44,5.1,0.0,1,25.5,34.0,22.4,45.0,60048.0,59425.0,58809.0,55741.16666666666,8547.579487869736
2020-09-22 17:00:00+00:00,60562.0,51.0,1055.0,814.0,241.0,17,1,22,9,0,0,58864.0,20.0,53,8.6,0.0,0,23.7,44.0,18.9,56.0,59831.0,60160.0,58540.0,55757.91666666666,8557.003894175212
2020-09-22 18:00:00+00:00,58842.0,0.0,1526.0,1274.0,252.0,18,1,22,9,0,0,57810.0,18.8,56,8.2,0.0,0,20.0,53.0,17.7,59.0,60562.0,58850.0,57269.0,55757.583333333336,8556.878361710165
2020-09-22 19:00:00+00:00,54892.0,0.0,2182.0,1836.0,346.0,19,1,22,9,0,0,54349.0,18.1,58,7.5,0.0,0,18.8,56.0,16.8,61.0,58842.0,54809.0,53377.0,55761.04166666666,8556.495079275677
2020-09-22 20:00:00+00:00,50739.0,0.0,2662.0,2111.0,550.0,20,1,22,9,0,0,50425.0,17.2,62,8.0,0.0,0,18.1,58.0,16.1,62.0,54892.0,50467.0,49819.0,55772.375,8549.35524552189
2020-09-22 21:00:00+00:00,46175.0,0.0,3248.0,2462.0,786.0,21,1,22,9,0,0,46608.0,17.0,65,7.7,0.0,0,17.2,62.0,15.4,62.0,50739.0,46826.0,46360.0,55745.25,8579.95198755202
2020-09-22 22:00:00+00:00,43819.0,0.0,3683.0,2782.0,901.0,22,1,22,9,0,0,44170.0,16.5,69,6.9,0.0,0,17.0,65.0,14.6,65.0,46175.0,44161.0,44081.0,55731.0,8600.28808415375
2020-09-22 23:00:00+00:00,42203.0,0.0,4117.0,2925.0,1193.0,23,1,22,9,0,0,42488.0,15.8,72,7.1,0.0,0,16.5,69.0,13.9,69.0,43819.0,42794.0,42444.0,55706.375,8639.696627184589
2020-09-23 00:00:00+00:00,41344.0,0.0,4536.0,3066.0,1471.0,0,2,23,9,0,0,41506.0,16.8,70,8.7,0.0,1,15.8,72.0,13.9,72.0,42203.0,41876.0,41551.0,55684.208333333336,8677.324221807345
2020-09-23 01:00:00+00:00,41666.0,0.0,5041.0,3380.0,1660.0,1,2,23,9,0,0,41740.0,15.4,77,7.7,0.0,1,16.8,70.0,12.2,82.0,41344.0,42099.0,41578.0,55666.16666666666,8707.19704146189
2020-09-23 02:00:00+00:00,42738.0,0.0,6171.0,4020.0,2151.0,2,2,23,9,0,0,42929.0,14.9,81,7.2,0.0,1,15.4,77.0,11.2,88.0,41666.0,43026.0,42521.0,55654.16666666666,8725.553853938047
2020-09-23 03:00:00+00:00,46679.0,0.0,7366.0,4740.0,2625.0,3,2,23,9,0,0,46501.0,14.9,81,6.8,0.0,1,14.9,81.0,11.2,90.0,42738.0,46854.0,45944.0,55646.875,8733.297297089452
2020-09-23 04:00:00+00:00,55749.0,5.0,8377.0,5623.0,2754.0,4,2,23,9,0,0,54370.0,14.5,83,7.2,0.0,0,14.9,81.0,10.9,92.0,46679.0,54703.0,53605.0,55690.458333333336,8730.991825620966
2020-09-23 05:00:00+00:00,60868.0,841.0,9077.0,6277.0,2799.0,5,2,23,9,0,0,59407.0,13.9,86,6.8,0.0,1,14.5,83.0,10.6,95.0,55749.0,59677.0,58096.0,55740.083333333336,8757.978573187309
2020-09-23 06:00:00+00:00,63754.0,3327.0,8722.0,6184.0,2538.0,6,2,23,9,0,0,61836.0,15.9,77,9.1,0.0,2,13.9,86.0,12.7,89.0,60868.0,62280.0,61497.0,55801.5,8810.843521775862
2020-09-23 07:00:00+00:00,64016.0,7338.0,6884.0,5117.0,1768.0,7,2,23,9,0,0,62728.0,18.2,68,8.7,0.0,1,15.9,77.0,15.2,79.0,63754.0,62663.0,62838.0,55857.875,8860.84134445054
2020-09-23 08:00:00+00:00,65109.0,11211.0,4996.0,3374.0,1622.0,8,2,23,9,0,0,63709.0,20.5,60,7.9,0.0,2,18.2,68.0,17.8,68.0,64016.0,64346.0,63962.0,55889.66666666666,8893.926861319196
2020-09-23 09:00:00+00:00,66121.0,14628.0,5305.0,3263.0,2042.0,9,2,23,9,0,0,64671.0,22.8,52,8.3,0.0,3,20.5,60.0,20.1,59.0,65109.0,65721.0,65619.0,55906.333333333336,8913.504423146467
2020-09-23 10:00:00+00:00,65735.0,17297.0,6686.0,4108.0,2578.0,10,2,23,9,0,0,64329.0,24.5,45,9.2,0.0,3,22.8,52.0,22.1,52.0,66121.0,65825.0,65801.0,55902.583333333336,8909.167988854266
2020-09-23 11:00:00+00:00,64470.0,18143.0,7940.0,5361.0,2579.0,11,2,23,9,0,0,63696.0,25.7,42,9.9,0.0,2,24.5,45.0,23.8,46.0,65735.0,64785.0,64900.0,55889.458333333336,8895.735363103193
2020-09-23 12:00:00+00:00,64734.0,16849.0,8592.0,6265.0,2328.0,12,2,23,9,0,0,62515.0,26.4,40,11.4,0.0,0,25.7,42.0,25.0,42.0,64470.0,63562.0,63729.0,55938.29166666666,8942.777666334727
2020-09-23 13:00:00+00:00,63874.0,13934.0,9133.0,6789.0,2345.0,13,2,23,9,0,0,61258.0,26.3,40,12.6,0.0,1,26.4,40.0,25.7,38.0,64734.0,62120.0,62596.0,56011.375,9002.461078058546
2020-09-23 14:00:00+00:00,62166.0,10180.0,9801.0,6811.0,2991.0,14,2,23,9,0,0,59931.0,25.8,40,10.5,0.0,1,26.3,40.0,25.9,35.0,63874.0,60305.0,61344.0,56088.91666666666,9048.94640476086
2020-09-23 15:00:00+00:00,62059.0,5441.0,10910.0,6380.0,4530.0,15,2,23,9,0,0,59531.0,25.5,40,7.9,0.0,1,25.8,40.0,25.5,34.0,62166.0,60048.0,60892.0,56172.708333333336,9096.387154198124
2020-09-23 16:00:00+00:00,61437.0,1383.0,10849.0,5970.0,4879.0,16,2,23,9,0,0,60110.0,23.9,49,3.8,0.0,3,25.5,40.0,23.7,44.0,62059.0,59831.0,60849.0,56239.625,9130.31301817114
2020-09-23 17:00:00+00:00,61764.0,18.0,11189.0,6918.0,4271.0,17,2,23,9,0,0,60701.0,21.2,53,6.3,0.0,1,23.9,49.0,20.0,53.0,61437.0,60562.0,61343.0,56289.708333333336,9158.307601769337
2020-09-23 18:00:00+00:00,59782.0,0.0,13148.0,9065.0,4083.0,18,2,23,9,0,0,59334.0,19.3,60,7.2,0.0,1,21.2,53.0,18.8,56.0,61764.0,58842.0,59940.0,56328.875,9171.697601684324
2020-09-23 19:00:00+00:00,55434.0,0.0,15228.0,10743.0,4484.0,19,2,23,9,0,0,55492.0,18.4,64,6.0,0.0,1,19.3,60.0,18.1,58.0,59782.0,54892.0,56139.0,56351.458333333336,9168.672560405375
2020-09-23 20:00:00+00:00,51400.0,0.0,16437.0,11902.0,4534.0,20,2,23,9,0,0,51538.0,17.3,71,7.1,0.0,1,18.4,64.0,17.2,62.0,55434.0,50739.0,51884.0,56379.0,9152.0580864303
2020-09-23 21:00:00+00:00,47243.0,0.0,18047.0,13809.0,4238.0,21,2,23,9,0,0,47387.0,16.4,78,7.7,0.0,0,17.3,71.0,17.0,65.0,51400.0,46175.0,48478.0,56423.5,9102.7497040134
2020-09-23 22:00:00+00:00,44914.0,0.0,20950.0,15845.0,5105.0,22,2,23,9,0,0,44809.0,17.1,68,9.2,0.0,0,16.4,78.0,16.5,69.0,47243.0,43819.0,46378.0,56469.125,9039.349752068478
2020-09-23 23:00:00+00:00,44332.0,0.0,23592.0,18103.0,5489.0,23,2,23,9,0,0,42979.0,17.0,66,9.2,0.0,2,17.1,68.0,15.8,72.0,44914.0,42203.0,45357.0,56557.833333333336,8902.674320560882
2020-09-24 00:00:00+00:00,43985.0,0.0,26180.0,20255.0,5924.0,0,3,24,9,0,0,41914.0,16.5,80,9.0,0.0,3,17.0,66.0,16.8,70.0,44332.0,41344.0,43952.0,56667.875,8720.913954459718
2020-09-24 01:00:00+00:00,43704.0,0.0,27474.0,21572.0,5902.0,1,3,24,9,0,0,41961.0,15.6,86,10.1,0.0,3,16.5,80.0,15.4,77.0,43985.0,41666.0,43839.0,56752.79166666666,8577.22607930927
2020-09-24 02:00:00+00:00,44766.0,0.0,28941.0,23194.0,5747.0,2,3,24,9,0,0,43067.0,15.2,80,12.0,0.0,3,15.6,86.0,14.9,81.0,43704.0,42738.0,44470.0,56837.29166666666,8442.078841855537
2020-09-24 03:00:00+00:00,48727.0,0.0,29185.0,23707.0,5479.0,3,3,24,9,0,0,46672.0,15.6,66,12.6,0.0,3,15.2,80.0,14.9,81.0,44766.0,46679.0,47501.0,56922.625,8344.72279901465
2020-09-24 04:00:00+00:00,56448.0,1.0,31017.0,25319.0,5698.0,4,3,24,9,0,0,54693.0,15.4,67,13.4,0.0,3,15.6,66.0,14.5,83.0,48727.0,55749.0,55382.0,56951.75,8341.667757604859
2020-09-24 05:00:00+00:00,61803.0,566.0,30359.0,24663.0,5696.0,5,3,24,9,0,0,60015.0,15.3,71,13.5,0.0,3,15.4,67.0,13.9,86.0,56448.0,60868.0,60155.0,56990.708333333336,8362.90949204313
2020-09-24 06:00:00+00:00,64399.0,3403.0,27510.0,21771.0,5739.0,6,3,24,9,0,0,62606.0,16.2,71,15.5,0.0,3,15.3,71.0,15.9,77.0,61803.0,63754.0,63078.0,57017.583333333336,8386.591798386118
2020-09-24 07:00:00+00:00,64613.0,8192.0,25810.0,19952.0,5858.0,7,3,24,9,0,0,63342.0,18.2,64,16.7,0.0,3,16.2,71.0,18.2,68.0,64399.0,64016.0,63335.0,57042.458333333336,8409.107055832563
2020-09-24 08:00:00+00:00,66916.0,13150.0,25689.0,19758.0,5931.0,8,3,24,9,0,0,64781.0,19.5,60,18.1,0.0,3,18.2,64.0,20.5,60.0,64613.0,65109.0,64280.0,57117.75,8492.151242023137
2020-09-24 09:00:00+00:00,68303.0,17102.0,25181.0,19335.0,5845.0,9,3,24,9,0,0,66096.0,20.1,59,17.4,0.0,1,19.5,60.0,22.8,52.0,66916.0,66121.0,65640.0,57208.66666666666,8603.678382537833
2020-09-24 10:00:00+00:00,66824.0,19581.0,23478.0,17707.0,5771.0,10,3,24,9,0,0,65671.0,21.9,56,23.7,0.0,3,20.1,59.0,24.5,45.0,68303.0,65735.0,65082.0,57254.04166666666,8653.328942135568
2020-09-24 11:00:00+00:00,66297.0,20093.0,22180.0,16636.0,5543.0,11,3,24,9,0,0,64918.0,19.4,66,17.5,0.0,2,21.9,56.0,25.7,42.0,66824.0,64470.0,63821.0,57330.16666666666,8727.28928813779
2020-09-24 12:00:00+00:00,65852.0,18599.0,21972.0,16378.0,5594.0,12,3,24,9,0,0,63673.0,21.0,54,17.7,0.0,2,19.4,66.0,26.4,40.0,66297.0,64734.0,62876.0,57376.75,8771.3989675439
2020-09-24 13:00:00+00:00,64552.0,15469.0,20446.0,15195.0,5251.0,13,3,24,9,0,0,62601.0,21.1,48,18.0,0.0,1,21.0,54.0,26.3,40.0,65852.0,63874.0,62007.0,57405.0,8794.296368027392
2020-09-24 14:00:00+00:00,62294.0,10412.0,18902.0,13700.0,5202.0,14,3,24,9,0,0,61044.0,20.9,45,17.4,0.0,3,21.1,48.0,25.8,40.0,64552.0,62166.0,59575.0,57410.333333333336,8797.34751361832
2020-09-24 15:00:00+00:00,61620.0,4970.0,15900.0,10276.0,5624.0,15,3,24,9,0,0,60911.0,21.4,40,15.5,0.0,3,20.9,45.0,25.5,40.0,62294.0,62059.0,59689.0,57392.04166666666,8787.712758160205
2020-09-24 16:00:00+00:00,60860.0,1117.0,12105.0,6818.0,5287.0,16,3,24,9,0,0,61261.0,20.5,42,13.4,0.0,3,21.4,40.0,23.9,49.0,61620.0,61437.0,59649.0,57368.0,8776.947998815827
2020-09-24 17:00:00+00:00,61282.0,15.0,11699.0,6619.0,5080.0,17,3,24,9,0,0,61497.0,16.9,57,8.2,0.0,3,20.5,42.0,21.2,53.0,60860.0,61764.0,59681.0,57347.91666666666,8766.997581923548
2020-09-24 18:00:00+00:00,59423.0,0.0,12595.0,8360.0,4235.0,18,3,24,9,0,0,59820.0,16.1,56,6.3,0.0,3,16.9,57.0,19.3,60.0,61282.0,59782.0,58611.0,57332.958333333336,8762.969297631707
2020-09-24 19:00:00+00:00,55088.0,0.0,12304.0,10015.0,2290.0,19,3,24,9,0,0,55918.0,15.1,59,7.4,0.0,3,16.1,56.0,18.4,64.0,59423.0,55434.0,54738.0,57318.54166666666,8766.51315830383
2020-09-24 20:00:00+00:00,51070.0,0.0,11955.0,10931.0,1024.0,20,3,24,9,0,0,52128.0,14.4,62,8.3,0.0,2,15.1,59.0,17.3,71.0,55088.0,51400.0,50547.0,57304.79166666666,8776.452977584831
2020-09-24 21:00:00+00:00,47728.0,0.0,13028.0,12327.0,700.0,21,3,24,9,0,0,48037.0,14.2,66,10.1,0.0,3,14.4,62.0,16.4,78.0,51070.0,47243.0,46623.0,57325.0,8752.804281064025
2020-09-24 22:00:00+00:00,45926.0,0.0,13936.0,12503.0,1434.0,22,3,24,9,0,0,45137.0,13.8,77,8.7,0.0,3,14.2,66.0,17.1,68.0,47728.0,44914.0,44739.0,57367.16666666666,8692.645595518055
2020-09-24 23:00:00+00:00,43704.0,0.0,15520.0,13495.0,2025.0,23,3,24,9,0,0,43466.0,13.8,82,9.2,0.0,3,13.8,77.0,17.0,66.0,45926.0,44332.0,43174.0,57341.0,8734.434931077194
2020-09-25 00:00:00+00:00,42666.0,0.0,16177.0,13723.0,2454.0,0,4,25,9,0,0,42401.0,14.6,83,12.7,0.0,3,13.8,82.0,16.5,80.0,43704.0,43985.0,42347.0,57286.04166666666,8825.79847590703
2020-09-25 01:00:00+00:00,43144.0,0.0,16289.0,13532.0,2757.0,1,4,25,9,0,0,42527.0,14.1,84,11.6,0.0,3,14.6,83.0,15.6,86.0,42666.0,43704.0,42437.0,57262.708333333336,8863.925303205182
2020-09-25 02:00:00+00:00,44284.0,0.0,16011.0,13011.0,3000.0,2,4,25,9,0,0,43691.0,13.4,86,8.6,0.0,3,14.1,84.0,15.2,80.0,43144.0,44766.0,43554.0,57242.625,8893.965764898012
2020-09-25 03:00:00+00:00,48295.0,0.0,15715.0,12149.0,3566.0,3,4,25,9,0,0,47366.0,13.5,87,4.0,0.1,51,13.4,86.0,15.6,66.0,44284.0,48727.0,47296.0,57224.625,8912.36749306971
2020-09-25 04:00:00+00:00,55199.0,1.0,14699.0,11455.0,3244.0,4,4,25,9,0,0,55319.0,13.2,89,2.5,0.7,53,13.5,87.0,15.4,67.0,48295.0,56448.0,54626.0,57172.583333333336,8920.742267404274
2020-09-25 05:00:00+00:00,60690.0,290.0,14969.0,11016.0,3953.0,5,4,25,9,0,0,59979.0,13.3,92,6.2,1.1,55,13.2,89.0,15.3,71.0,55199.0,61803.0,58860.0,57126.208333333336,8898.489432038748
2020-09-25 06:00:00+00:00,62959.0,1411.0,15446.0,10498.0,4948.0,6,4,25,9,0,0,62405.0,13.4,93,3.7,2.3,61,13.3,92.0,16.2,71.0,60690.0,64399.0,61695.0,57066.208333333336,8852.05254006692
2020-09-25 07:00:00+00:00,64479.0,3795.0,15467.0,10213.0,5255.0,7,4,25,9,0,0,63059.0,13.6,92,4.2,4.2,63,13.4,93.0,18.2,64.0,62959.0,64613.0,62648.0,57060.625,8847.126415384058
2020-09-25 08:00:00+00:00,65756.0,6166.0,16521.0,11151.0,5370.0,8,4,25,9,0,0,64073.0,13.6,92,8.4,1.3,61,13.6,92.0,19.5,60.0,64479.0,66916.0,63143.0,57012.29166666666,8793.95275659067
2020-09-25 09:00:00+00:00,67005.0,7921.0,16528.0,11902.0,4626.0,9,4,25,9,0,0,65276.0,13.8,91,6.5,0.9,53,13.6,92.0,20.1,59.0,65756.0,68303.0,63735.0,56958.208333333336,8725.217929154293
2020-09-25 10:00:00+00:00,65994.0,8970.0,15601.0,11992.0,3609.0,10,4,25,9,0,0,65397.0,14.1,91,7.3,0.3,51,13.8,91.0,21.9,56.0,67005.0,66824.0,64082.0,56923.625,8685.970255995993
2020-09-25 11:00:00+00:00,64681.0,9686.0,14019.0,11107.0,2912.0,11,4,25,9,0,0,64010.0,14.9,85,13.4,0.1,51,14.1,91.0,19.4,66.0,65994.0,66297.0,62598.0,56856.29166666666,8616.131788580764
2020-09-25 12:00:00+00:00,62582.0,8818.0,12718.0,9834.0,2884.0,12,4,25,9,0,0,62412.0,14.3,91,15.8,0.1,51,14.9,85.0,21.0,54.0,64681.0,65852.0,60866.0,56720.04166666666,8492.664740203521
2020-09-25 13:00:00+00:00,60877.0,7730.0,12021.0,9262.0,2759.0,13,4,25,9,0,0,61262.0,14.8,85,15.5,0.3,51,14.3,91.0,21.1,48.0,62582.0,64552.0,59747.0,56566.91666666666,8377.664787821523
2020-09-25 14:00:00+00:00,59675.0,6039.0,11391.0,8786.0,2604.0,14,4,25,9,0,0,59858.0,14.9,80,14.3,0.1,51,14.8,85.0,20.9,45.0,60877.0,62294.0,58233.0,56457.79166666666,8316.657062416583
2020-09-25 15:00:00+00:00,59217.0,3397.0,10283.0,7826.0,2457.0,15,4,25,9,0,0,59767.0,14.6,79,10.8,0.0,3,14.9,80.0,21.4,40.0,59675.0,61620.0,57884.0,56357.66666666666,8266.118071441846
2020-09-25 16:00:00+00:00,59003.0,876.0,8964.0,7141.0,1822.0,16,4,25,9,0,0,59855.0,14.6,74,10.0,0.0,3,14.6,79.0,20.5,42.0,59217.0,60860.0,57565.0,56280.29166666666,8230.757218476052
2020-09-25 17:00:00+00:00,59441.0,15.0,9220.0,7683.0,1538.0,17,4,25,9,0,0,59653.0,13.8,74,8.3,0.0,3,14.6,74.0,16.9,57.0,59003.0,61282.0,57314.0,56203.583333333336,8190.596813826783
2020-09-25 18:00:00+00:00,57154.0,0.0,10010.0,8547.0,1463.0,18,4,25,9,0,0,57862.0,13.2,75,7.3,0.0,3,13.8,74.0,16.1,56.0,59441.0,59423.0,56521.0,56109.04166666666,8164.875155355342
2020-09-25 19:00:00+00:00,53148.0,0.0,10812.0,9531.0,1281.0,19,4,25,9,0,0,54148.0,12.4,77,5.5,0.0,3,13.2,75.0,15.1,59.0,57154.0,55088.0,53040.0,56028.208333333336,8185.001420834365
2020-09-25 20:00:00+00:00,50199.0,0.0,10724.0,9701.0,1023.0,20,4,25,9,0,0,50624.0,11.4,80,7.6,0.0,2,12.4,77.0,14.4,62.0,53148.0,51070.0,49312.0,55991.91666666666,8209.834875830838
2020-09-25 21:00:00+00:00,46563.0,0.0,10218.0,9298.0,920.0,21,4,25,9,0,0,46869.0,11.4,81,6.5,0.0,3,11.4,80.0,14.2,66.0,50199.0,47728.0,45543.0,55943.375,8264.085576667316
2020-09-25 22:00:00+00:00,43890.0,0.0,9440.0,8840.0,601.0,22,4,25,9,0,0,43767.0,11.4,80,5.8,0.0,3,11.4,81.0,13.8,77.0,46563.0,45926.0,43487.0,55858.54166666666,8381.01079811921
2020-09-25 23:00:00+00:00,41908.0,0.0,9118.0,8769.0,349.0,23,4,25,9,0,0,41747.0,11.2,81,5.1,0.0,3,11.4,80.0,13.8,82.0,43890.0,43704.0,41355.0,55783.708333333336,8501.40958889705
2020-09-26 00:00:00+00:00,40698.0,0.0,9094.0,8744.0,350.0,0,5,26,9,1,0,40308.0,11.9,77,4.7,0.0,3,11.2,81.0,14.6,83.0,41908.0,42666.0,39985.0,55701.708333333336,8641.769502169414
2020-09-26 01:00:00+00:00,40401.0,0.0,8993.0,8704.0,289.0,1,5,26,9,1,0,39918.0,10.9,78,6.7,0.0,3,11.9,77.0,14.1,84.0,40698.0,43144.0,39605.0,55587.41666666666,8831.136314283194
2020-09-26 02:00:00+00:00,40391.0,0.0,8565.0,8251.0,313.0,2,5,26,9,1,0,40115.0,11.1,74,10.0,0.0,3,10.9,78.0,13.4,86.0,40401.0,44284.0,39523.0,55425.208333333336,9080.027417978086
2020-09-26 03:00:00+00:00,40959.0,0.0,8455.0,8303.0,152.0,3,5,26,9,1,0,40817.0,10.8,77,7.7,0.3,51,11.1,74.0,13.5,87.0,40391.0,48295.0,40584.0,55119.54166666666,9446.571943115176
2020-09-26 04:00:00+00:00,43149.0,1.0,8572.0,8498.0,74.0,4,5,26,9,1,0,42576.0,10.4,82,7.4,0.7,53,10.8,77.0,13.2,89.0,40959.0,55199.0,42628.0,54617.458333333336,9757.282773837404
2020-09-26 05:00:00+00:00,45950.0,221.0,8694.0,8575.0,119.0,5,5,26,9,1,0,45500.0,10.1,89,8.5,0.6,53,10.4,82.0,13.3,92.0,43149.0,60690.0,45254.0,54003.29166666666,9822.116346283412
2020-09-26 06:00:00+00:00,49608.0,1204.0,8885.0,8772.0,113.0,6,5,26,9,1,0,49306.0,10.1,90,10.6,0.5,53,10.1,89.0,13.4,93.0,45950.0,62959.0,49068.0,53447.0,9669.737926397853
2020-09-26 07:00:00+00:00,52692.0,2864.0,8942.0,8733.0,208.0,7,5,26,9,1,0,52349.0,10.2,92,13.5,0.5,53,10.1,90.0,13.6,92.0,49608.0,64479.0,51944.0,52955.875,9380.053389634326
2020-09-26 08:00:00+00:00,54928.0,4382.0,9069.0,8436.0,633.0,8,5,26,9,1,0,54511.0,10.4,91,14.0,0.5,53,10.2,92.0,13.6,92.0,52692.0,65756.0,53379.0,52504.708333333336,8989.909998481391
2020-09-26 09:00:00+00:00,56186.0,5524.0,9486.0,8623.0,864.0,9,5,26,9,1,0,55539.0,10.6,91,15.5,0.4,51,10.4,91.0,13.8,91.0,54928.0,67005.0,53777.0,52053.91666666666,8488.46126229291
2020-09-26 10:00:00+00:00,56460.0,5640.0,10539.0,9363.0,1176.0,10,5,26,9,1,0,54796.0,11.1,91,18.2,0.3,51,10.6,91.0,14.1,91.0,56186.0,65994.0,53227.0,51656.66666666666,8017.756601913896
2020-09-26 11:00:00+00:00,54756.0,5481.0,13014.0,10486.0,2528.0,11,5,26,9,1,0,53158.0,11.4,91,19.5,0.8,53,11.1,91.0,14.9,85.0,56460.0,64681.0,51552.0,51243.125,7559.646554381433
2020-09-26 12:00:00+00:00,53348.0,4675.0,16818.0,12401.0,4418.0,12,5,26,9,1,0,51814.0,10.7,93,21.4,1.6,61,11.4,91.0,14.3,91.0,54756.0,62582.0,50194.0,50858.375,7183.064380662047
2020-09-26 13:00:00+00:00,52456.0,3472.0,19779.0,13987.0,5792.0,13,5,26,9,1,0,50889.0,10.8,91,24.2,5.1,63,10.7,93.0,14.8,85.0,53348.0,60877.0,49083.0,50507.5,6871.308843108976
2020-09-26 14:00:00+00:00,52499.0,2104.0,21623.0,15097.0,6527.0,14,5,26,9,1,0,50312.0,11.0,91,28.0,6.3,63,10.8,91.0,14.9,80.0,52456.0,59675.0,48891.0,50208.5,6606.05700984992
2020-09-26 15:00:00+00:00,53687.0,914.0,23762.0,16923.0,6840.0,15,5,26,9,1,0,50610.0,11.1,91,28.2,4.1,63,11.0,91.0,14.6,79.0,52499.0,59217.0,49334.0,49978.083333333336,6370.422270602853
2020-09-26 16:00:00+00:00,54384.0,164.0,24905.0,18120.0,6785.0,16,5,26,9,1,0,51481.0,11.0,92,26.8,1.7,61,11.1,91.0,14.6,74.0,53687.0,59003.0,50000.0,49785.625,6151.940145101262
2020-09-26 17:00:00+00:00,54322.0,4.0,26186.0,19733.0,6453.0,17,5,26,9,1,0,51621.0,11.1,93,18.7,0.4,51,11.0,92.0,13.8,74.0,54384.0,59441.0,50112.0,49572.333333333336,5885.601610611766
2020-09-26 18:00:00+00:00,51430.0,0.0,26763.0,21193.0,5569.0,18,5,26,9,1,0,50176.0,10.6,94,21.4,0.3,51,11.1,93.0,13.2,75.0,54322.0,57154.0,49337.0,49333.833333333336,5677.3046549328765
2020-09-26 19:00:00+00:00,48135.0,0.0,26940.0,22283.0,4657.0,19,5,26,9,1,0,47598.0,10.2,89,24.3,0.2,51,10.6,94.0,12.4,77.0,51430.0,53148.0,46676.0,49124.958333333336,5622.8314504280015
2020-09-26 20:00:00+00:00,46496.0,0.0,25261.0,20656.0,4606.0,20,5,26,9,1,0,45648.0,9.5,87,22.1,0.0,3,10.2,89.0,11.4,80.0,48135.0,50199.0,44700.0,48970.66666666666,5642.848052616878
2020-09-26 21:00:00+00:00,43097.0,0.0,23586.0,19222.0,4364.0,21,5,26,9,1,0,42605.0,9.4,87,14.9,0.0,3,9.5,87.0,11.4,81.0,46496.0,46563.0,41734.0,48826.25,5750.472337877129
2020-09-26 22:00:00+00:00,40480.0,0.0,22835.0,17691.0,5144.0,22,5,26,9,1,0,39586.0,9.2,88,13.7,0.0,3,9.4,87.0,11.4,80.0,43097.0,43890.0,39264.0,48684.16666666666,5917.443849344002
2020-09-26 23:00:00+00:00,38777.0,0.0,21248.0,16110.0,5138.0,23,5,26,9,1,0,37906.0,8.9,88,13.6,0.0,3,9.2,88.0,11.2,81.0,40480.0,41908.0,37383.0,48553.708333333336,6104.874427929799
2020-09-27 00:00:00+00:00,37704.0,0.0,19630.0,14531.0,5099.0,0,6,27,9,1,0,36736.0,9.2,89,12.8,0.0,3,8.9,88.0,11.9,77.0,38777.0,40698.0,36538.0,48428.958333333336,6299.85792440969
2020-09-27 01:00:00+00:00,37378.0,0.0,18163.0,12731.0,5432.0,1,6,27,9,1,0,36500.0,8.2,92,10.2,0.0,3,9.2,89.0,10.9,78.0,37704.0,40401.0,35939.0,48303.0,6494.558324172688
2020-09-27 02:00:00+00:00,37341.0,0.0,15969.0,10539.0,5430.0,2,6,27,9,1,0,36788.0,7.8,94,9.2,0.0,3,8.2,92.0,11.1,74.0,37378.0,40391.0,36223.0,48175.91666666666,6683.20970737469
2020-09-27 03:00:00+00:00,37625.0,0.0,14578.0,9068.0,5510.0,3,6,27,9,1,0,37178.0,7.4,95,7.5,0.0,3,7.8,94.0,10.8,77.0,37341.0,40959.0,36894.0,48037.0,6871.733291883214
2020-09-27 04:00:00+00:00,38405.0,1.0,13583.0,7946.0,5637.0,4,6,27,9,1,0,37821.0,6.8,96,4.8,0.0,3,7.4,95.0,10.4,82.0,37625.0,43149.0,37700.0,47839.333333333336,7083.421162285363
2020-09-27 05:00:00+00:00,40153.0,402.0,11090.0,6351.0,4740.0,5,6,27,9,1,0,39185.0,7.2,95,3.4,0.0,3,6.8,96.0,10.1,89.0,38405.0,45950.0,38595.0,47597.79166666666,7247.583093268651
2020-09-27 06:00:00+00:00,43434.0,2871.0,8708.0,5071.0,3636.0,6,6,27,9,1,0,42655.0,7.8,91,6.5,0.0,3,7.2,95.0,10.1,90.0,40153.0,49608.0,42179.0,47340.54166666666,7282.6164611299055
2020-09-27 07:00:00+00:00,46939.0,7018.0,6802.0,3779.0,3023.0,7,6,27,9,1,0,45915.0,8.2,88,6.5,0.2,51,7.8,91.0,10.2,92.0,43434.0,52692.0,44957.0,47100.833333333336,7192.942329972576
2020-09-27 08:00:00+00:00,50059.0,10335.0,5480.0,2617.0,2863.0,8,6,27,9,1,0,48508.0,8.9,86,6.4,0.1,51,8.2,88.0,10.4,91.0,46939.0,54928.0,46981.0,46897.958333333336,7029.385708080276
2020-09-27 09:00:00+00:00,52121.0,12563.0,5007.0,2234.0,2774.0,9,6,27,9,1,0,50705.0,9.9,82,7.3,0.0,3,8.9,86.0,10.6,91.0,50059.0,56186.0,48664.0,46728.583333333336,6842.34258077931
2020-09-27 10:00:00+00:00,52227.0,13744.0,4949.0,2132.0,2817.0,10,6,27,9,1,0,50350.0,10.9,79,6.6,0.0,3,9.9,82.0,11.1,91.0,52121.0,56460.0,48536.0,46552.208333333336,6631.910721976527
2020-09-27 11:00:00+00:00,50386.0,13674.0,5049.0,2241.0,2809.0,11,6,27,9,1,0,48577.0,11.1,77,4.9,0.0,3,10.9,79.0,11.4,91.0,52227.0,54756.0,46855.0,46370.125,6454.494802662742
2020-09-27 12:00:00+00:00,48933.0,12746.0,4622.0,2260.0,2362.0,12,6,27,9,1,0,47185.0,10.8,80,7.6,0.1,51,11.1,77.0,10.7,93.0,50386.0,53348.0,45044.0,46186.16666666666,6308.231287057089
2020-09-27 13:00:00+00:00,47464.0,10614.0,4044.0,2178.0,1866.0,13,6,27,9,1,0,46330.0,11.2,79,7.2,0.0,3,10.8,80.0,10.8,91.0,48933.0,52456.0,44108.0,45978.16666666666,6173.367403730356
2020-09-27 14:00:00+00:00,47142.0,7821.0,3625.0,1972.0,1653.0,14,6,27,9,1,0,46102.0,11.3,79,5.8,0.0,3,11.2,79.0,11.0,91.0,47464.0,52499.0,44042.0,45754.958333333336,6022.343220686163
2020-09-27 15:00:00+00:00,48604.0,4166.0,3854.0,1998.0,1856.0,15,6,27,9,1,0,47576.0,11.4,81,1.1,0.1,51,11.3,79.0,11.1,91.0,47142.0,53687.0,45629.0,45543.16666666666,5817.146421807203
2020-09-27 16:00:00+00:00,50246.0,896.0,4275.0,2038.0,2238.0,16,6,27,9,1,0,49352.0,11.1,85,3.1,0.2,51,11.4,81.0,11.0,92.0,48604.0,54384.0,47479.0,45370.75,5601.025816369954
2020-09-27 17:00:00+00:00,51534.0,5.0,4586.0,2247.0,2339.0,17,6,27,9,1,0,50299.0,10.6,87,5.0,0.1,51,11.1,85.0,11.1,93.0,50246.0,54322.0,48705.0,45254.583333333336,5433.715902997061
2020-09-27 18:00:00+00:00,49854.0,0.0,4739.0,2295.0,2444.0,18,6,27,9,1,0,49651.0,10.8,85,6.6,0.0,3,10.6,87.0,10.6,94.0,51534.0,51430.0,48311.0,45188.91666666666,5364.928573750038
2020-09-27 19:00:00+00:00,47286.0,0.0,5345.0,2263.0,3082.0,19,6,27,9,1,0,47304.0,10.9,82,7.5,0.0,3,10.8,85.0,10.2,89.0,49854.0,48135.0,45807.0,45153.54166666666,5347.42874399386
2020-09-27 20:00:00+00:00,46219.0,0.0,5472.0,2493.0,2978.0,20,6,27,9,1,0,46030.0,10.6,84,7.4,0.3,51,10.9,82.0,9.5,87.0,47286.0,46496.0,44338.0,45142.0,5344.703497692941
2020-09-27 21:00:00+00:00,43398.0,0.0,5835.0,2947.0,2888.0,21,6,27,9,1,0,42907.0,10.8,83,8.3,0.0,3,10.6,84.0,9.4,87.0,46219.0,43097.0,41585.0,45154.54166666666,5340.047272051431
2020-09-27 22:00:00+00:00,41407.0,0.0,5807.0,3241.0,2567.0,22,6,27,9,1,0,40414.0,10.4,85,6.0,0.0,3,10.8,83.0,9.2,88.0,43398.0,40480.0,39501.0,45193.16666666666,5308.022375256366
2020-09-27 23:00:00+00:00,40414.0,0.0,5310.0,3093.0,2217.0,23,6,27,9,1,0,38974.0,10.4,86,8.0,0.1,51,10.4,85.0,8.9,88.0,41407.0,38777.0,38735.0,45261.375,5231.962461741997
2020-09-28 00:00:00+00:00,39860.0,0.0,5123.0,2943.0,2180.0,0,0,28,9,0,0,38550.0,10.4,85,7.3,0.1,51,10.4,86.0,9.2,89.0,40414.0,37704.0,38047.0,45351.208333333336,5113.733308064179
2020-09-28 01:00:00+00:00,40207.0,0.0,4852.0,2881.0,1971.0,1,0,28,9,0,0,39002.0,10.2,86,7.8,0.0,3,10.4,85.0,8.2,92.0,39860.0,37378.0,38184.0,45469.083333333336,4952.002369850518
2020-09-28 02:00:00+00:00,42254.0,0.0,4005.0,2681.0,1324.0,2,0,28,9,0,0,40447.0,9.6,88,9.4,0.0,2,10.2,86.0,7.8,94.0,40207.0,37341.0,39637.0,45673.79166666666,4696.339101332124
2020-09-28 03:00:00+00:00,46180.0,0.0,3884.0,2776.0,1108.0,3,0,28,9,0,0,44580.0,8.9,91,8.3,0.0,3,9.6,88.0,7.4,95.0,42254.0,37625.0,43867.0,46030.25,4372.356446047785
2020-09-28 04:00:00+00:00,54773.0,2.0,3793.0,2982.0,812.0,4,0,28,9,0,0,53426.0,8.5,92,6.5,0.0,0,8.9,91.0,6.8,96.0,46180.0,38405.0,53213.0,46712.25,4407.655319218542
2020-09-28 05:00:00+00:00,60862.0,510.0,3994.0,3228.0,766.0,5,0,28,9,0,0,59111.0,7.6,94,6.9,0.0,1,8.5,92.0,7.2,95.0,54773.0,40153.0,58767.0,47575.125,5048.25915162341
2020-09-28 06:00:00+00:00,63206.0,3765.0,3713.0,2848.0,865.0,6,0,28,9,0,0,61684.0,8.5,92,8.5,0.0,0,7.6,94.0,7.8,91.0,60862.0,43434.0,61399.0,48398.958333333336,5886.756229981481
2020-09-28 07:00:00+00:00,63599.0,8723.0,2898.0,1894.0,1004.0,7,0,28,9,0,0,62533.0,9.9,86,7.7,0.0,0,8.5,92.0,8.2,88.0,63206.0,46939.0,62086.0,49093.125,6641.06017801662
2020-09-28 08:00:00+00:00,64594.0,12731.0,2402.0,1466.0,936.0,8,0,28,9,0,0,63862.0,11.8,79,9.5,0.0,0,9.9,86.0,8.9,86.0,63599.0,50059.0,63166.0,49698.75,7357.120474336979
2020-09-28 09:00:00+00:00,65635.0,15573.0,2359.0,1726.0,634.0,9,0,28,9,0,0,65231.0,13.9,72,10.1,0.0,0,11.8,79.0,9.9,82.0,64594.0,52121.0,64679.0,50261.833333333336,8036.366687516681
2020-09-28 10:00:00+00:00,65791.0,17361.0,2553.0,2070.0,483.0,10,0,28,9,0,0,65239.0,15.6,63,11.1,0.0,0,13.9,72.0,10.9,79.0,65635.0,52227.0,64787.0,50827.0,8635.217516960065
2020-09-28 11:00:00+00:00,65568.0,16887.0,2624.0,2231.0,392.0,11,0,28,9,0,0,64526.0,16.5,56,13.0,0.0,2,15.6,63.0,11.1,77.0,65791.0,50386.0,63962.0,51459.583333333336,9142.683688952013
2020-09-28 12:00:00+00:00,64527.0,14201.0,2414.0,2155.0,258.0,12,0,28,9,0,0,63306.0,17.2,51,12.0,0.0,0,16.5,56.0,10.8,80.0,65568.0,48933.0,62446.0,52109.333333333336,9502.358630162822
2020-09-28 13:00:00+00:00,62485.0,10628.0,2388.0,2207.0,180.0,13,0,28,9,0,0,62168.0,17.4,50,10.4,0.0,3,17.2,51.0,11.2,79.0,64527.0,47464.0,61214.0,52735.208333333336,9676.18079067559
2020-09-28 14:00:00+00:00,61300.0,7124.0,2394.0,2224.0,169.0,14,0,28,9,0,0,60559.0,17.3,51,11.8,0.0,2,17.4,50.0,11.3,79.0,62485.0,47142.0,59901.0,53325.125,9751.643238616773
2020-09-28 15:00:00+00:00,61369.0,3538.0,2333.0,2045.0,288.0,15,0,28,9,0,0,60309.0,16.9,55,8.5,0.0,1,17.3,51.0,11.4,81.0,61300.0,48604.0,59462.0,53857.0,9830.741654537607
2020-09-28 16:00:00+00:00,61753.0,718.0,2186.0,1839.0,347.0,16,0,28,9,0,0,60680.0,15.4,64,7.8,0.0,3,16.9,55.0,11.1,85.0,61369.0,50246.0,59425.0,54336.458333333336,9927.104840784546
2020-09-28 17:00:00+00:00,62806.0,2.0,2241.0,1877.0,364.0,17,0,28,9,0,0,61316.0,13.5,68,8.8,0.0,1,15.4,64.0,10.6,87.0,61753.0,51534.0,60160.0,54806.125,10054.58087818038
2020-09-28 18:00:00+00:00,60672.0,0.0,2740.0,2271.0,469.0,18,0,28,9,0,0,59353.0,12.8,70,8.1,0.0,2,13.5,68.0,10.8,85.0,62806.0,49854.0,58850.0,55256.875,10065.404496558958
2020-09-28 19:00:00+00:00,56994.0,0.0,3082.0,2471.0,610.0,19,0,28,9,0,0,55580.0,12.6,71,7.6,0.0,3,12.8,70.0,10.9,82.0,60672.0,47286.0,54809.0,55661.375,9925.243016683236
2020-09-28 20:00:00+00:00,53622.0,0.0,3185.0,2496.0,689.0,20,0,28,9,0,0,51900.0,12.9,70,9.4,0.0,3,12.6,71.0,10.6,84.0,56994.0,46219.0,50467.0,55969.833333333336,9732.190899799858
2020-09-28 21:00:00+00:00,49617.0,0.0,3013.0,2383.0,629.0,21,0,28,9,0,0,47857.0,12.8,74,9.9,0.0,3,12.9,70.0,10.8,83.0,53622.0,43398.0,46826.0,56228.958333333336,9461.945321077506
2020-09-28 22:00:00+00:00,46430.0,0.0,2877.0,2245.0,632.0,22,0,28,9,0,0,44978.0,12.4,77,7.7,0.0,3,12.8,74.0,10.4,85.0,49617.0,41407.0,44161.0,56438.25,9170.916403169089
2020-09-28 23:00:00+00:00,44632.0,0.0,2959.0,2216.0,743.0,23,0,28,9,0,0,43546.0,12.1,81,6.0,0.0,3,12.4,77.0,10.4,86.0,46430.0,40414.0,42794.0,56614.0,8886.484398035294
2020-09-29 00:00:00+00:00,44021.0,0.0,3100.0,2284.0,816.0,0,1,29,9,0,0,42593.0,11.9,88,3.9,0.0,2,12.1,81.0,10.4,85.0,44632.0,39860.0,41876.0,56787.375,8580.733306114073
2020-09-29 01:00:00+00:00,44199.0,0.0,3145.0,2350.0,795.0,1,1,29,9,0,0,42870.0,12.0,87,4.0,0.0,3,11.9,88.0,10.2,86.0,44021.0,40207.0,42099.0,56953.708333333336,8278.733837653768
2020-09-29 02:00:00+00:00,45442.0,0.0,3307.0,2467.0,841.0,2,1,29,9,0,0,44040.0,11.7,90,4.4,0.0,3,12.0,87.0,9.6,88.0,44199.0,42254.0,43026.0,57086.54166666666,8055.177951124286
2020-09-29 03:00:00+00:00,49234.0,0.0,3347.0,2454.0,893.0,3,1,29,9,0,0,47541.0,11.6,93,5.4,0.0,3,11.7,90.0,8.9,91.0,45442.0,46180.0,46854.0,57213.79166666666,7897.981717855729
2020-09-29 04:00:00+00:00,56641.0,1.0,3231.0,2547.0,684.0,4,1,29,9,0,0,55418.0,12.1,87,0.8,0.0,3,11.6,93.0,8.5,92.0,49234.0,54773.0,54703.0,57291.625,7882.070693572976
2020-09-29 05:00:00+00:00,61230.0,336.0,3488.0,2814.0,675.0,5,1,29,9,0,0,60586.0,11.8,89,1.1,0.0,3,12.1,87.0,7.6,94.0,56641.0,60862.0,59677.0,57306.958333333336,7889.672558804241
2020-09-29 06:00:00+00:00,63396.0,2697.0,3589.0,2935.0,655.0,6,1,29,9,0,0,62740.0,11.9,89,3.8,0.0,3,11.8,89.0,8.5,92.0,61230.0,63206.0,62280.0,57314.875,7895.9419754296305
2020-09-29 07:00:00+00:00,64699.0,6313.0,3426.0,2519.0,907.0,7,1,29,9,0,0,63449.0,12.6,85,4.0,0.0,3,11.9,89.0,9.9,86.0,63396.0,63599.0,62663.0,57360.708333333336,7937.090560363387
2020-09-29 08:00:00+00:00,66008.0,9412.0,3250.0,2056.0,1194.0,8,1,29,9,0,0,64492.0,13.6,79,4.4,0.0,3,12.6,85.0,11.8,79.0,64699.0,64594.0,64346.0,57419.625,7998.13072624687
2020-09-29 09:00:00+00:00,67478.0,11923.0,3450.0,2035.0,1415.0,9,1,29,9,0,0,65648.0,14.6,73,3.6,0.0,2,13.6,79.0,13.9,72.0,66008.0,65635.0,65721.0,57496.41666666666,8088.771556738724
2020-09-29 10:00:00+00:00,67574.0,12996.0,3597.0,2140.0,1457.0,10,1,29,9,0,0,65443.0,16.0,68,4.9,0.0,3,14.6,73.0,15.6,63.0,67478.0,65791.0,65825.0,57570.708333333336,8175.983634370655
2020-09-29 11:00:00+00:00,66534.0,13293.0,3670.0,2387.0,1283.0,11,1,29,9,0,0,64648.0,17.2,63,7.5,0.0,3,16.0,68.0,16.5,56.0,67574.0,65568.0,64785.0,57610.958333333336,8219.328585079005
2020-09-29 12:00:00+00:00,65415.0,12267.0,3823.0,2537.0,1286.0,12,1,29,9,0,0,63537.0,17.1,58,4.5,0.0,3,17.2,63.0,17.2,51.0,66534.0,64527.0,63562.0,57647.958333333336,8253.742005002885
2020-09-29 13:00:00+00:00,64276.0,9741.0,3659.0,2453.0,1206.0,13,1,29,9,0,0,62224.0,17.5,58,6.8,0.0,1,17.1,58.0,17.4,50.0,65415.0,62485.0,62120.0,57722.583333333336,8307.29962883202
2020-09-29 14:00:00+00:00,62336.0,6478.0,3558.0,2241.0,1316.0,14,1,29,9,0,0,60649.0,17.6,59,8.9,0.0,0,17.5,58.0,17.3,51.0,64276.0,61300.0,60305.0,57765.75,8329.359301264982
2020-09-29 15:00:00+00:00,61883.0,3001.0,3150.0,2166.0,984.0,15,1,29,9,0,0,60478.0,17.4,60,8.5,0.0,0,17.6,59.0,16.9,55.0,62336.0,61369.0,60048.0,57787.16666666666,8339.681297563584
2020-09-29 16:00:00+00:00,62160.0,507.0,2878.0,2130.0,748.0,16,1,29,9,0,0,60740.0,15.9,75,4.6,0.0,1,17.4,60.0,15.4,64.0,61883.0,61753.0,59831.0,57804.125,8348.505387258923
2020-09-29 17:00:00+00:00,63759.0,2.0,2913.0,2214.0,700.0,17,1,29,9,0,0,61333.0,13.4,81,8.2,0.0,1,15.9,75.0,13.5,68.0,62160.0,62806.0,60562.0,57843.833333333336,8375.552963791686
2020-09-29 18:00:00+00:00,60830.0,0.0,2846.0,2350.0,497.0,18,1,29,9,0,0,59426.0,12.4,84,7.4,0.0,2,13.4,81.0,12.8,70.0,63759.0,60672.0,58842.0,57850.41666666666,8377.934361563775
2020-09-29 19:00:00+00:00,56775.0,0.0,2516.0,2195.0,321.0,19,1,29,9,0,0,55990.0,11.1,88,8.6,0.0,3,12.4,84.0,12.6,71.0,60830.0,56994.0,54892.0,57841.29166666666,8379.026894207043
2020-09-29 20:00:00+00:00,53356.0,0.0,2180.0,2038.0,142.0,20,1,29,9,0,0,52372.0,10.6,90,7.9,0.0,1,11.1,88.0,12.9,70.0,56775.0,53622.0,50739.0,57830.208333333336,8385.024383461043
2020-09-29 21:00:00+00:00,49467.0,0.0,1834.0,1744.0,90.0,21,1,29,9,0,0,48286.0,9.9,92,8.2,0.0,1,10.6,90.0,12.8,74.0,53356.0,49617.0,46175.0,57823.958333333336,8391.465915773242
2020-09-29 22:00:00+00:00,46652.0,0.0,1722.0,1584.0,138.0,22,1,29,9,0,0,45703.0,9.8,93,7.9,0.0,1,9.9,92.0,12.4,77.0,49467.0,46430.0,43819.0,57833.208333333336,8378.472461063619
2020-09-29 23:00:00+00:00,44895.0,0.0,1535.0,1288.0,247.0,23,1,29,9,0,0,44011.0,9.1,95,7.4,0.0,0,9.8,93.0,12.1,81.0,46652.0,44632.0,42203.0,57844.16666666666,8360.608645759028
2020-09-30 00:00:00+00:00,44159.0,0.0,1491.0,1086.0,405.0,0,2,30,9,0,0,43023.0,9.9,95,7.9,0.0,1,9.1,95.0,11.9,88.0,44895.0,44021.0,41344.0,57849.91666666666,8350.73005356661
2020-09-30 01:00:00+00:00,44415.0,0.0,1723.0,1038.0,685.0,1,2,30,9,0,0,43307.0,9.4,96,5.7,0.0,1,9.9,95.0,12.0,87.0,44159.0,44199.0,41666.0,57858.91666666666,8335.480586112217
2020-09-30 02:00:00+00:00,45834.0,0.0,1877.0,970.0,907.0,2,2,30,9,0,0,44531.0,9.1,97,6.0,0.0,2,9.4,96.0,11.7,90.0,44415.0,45442.0,42738.0,57875.25,8310.438277826845
2020-09-30 03:00:00+00:00,49486.0,0.0,2101.0,871.0,1229.0,3,2,30,9,0,0,47931.0,8.1,97,7.2,0.0,0,9.1,97.0,11.6,93.0,45834.0,49234.0,46679.0,57885.75,8299.197207116667
2020-09-30 04:00:00+00:00,57232.0,1.0,2439.0,846.0,1593.0,4,2,30,9,0,0,55754.0,7.7,97,9.0,0.0,0,8.1,97.0,12.1,87.0,49486.0,56641.0,55749.0,57910.375,8296.21952045184
2020-09-30 05:00:00+00:00,61960.0,347.0,2778.0,885.0,1893.0,5,2,30,9,0,0,60792.0,7.8,98,8.4,0.0,0,7.7,97.0,11.8,89.0,57232.0,61230.0,60868.0,57940.79166666666,8310.245876021478
2020-09-30 06:00:00+00:00,63790.0,2597.0,3173.0,1041.0,2132.0,6,2,30,9,0,0,63255.0,9.2,97,5.5,0.0,1,7.8,98.0,11.9,89.0,61960.0,63396.0,63754.0,57957.208333333336,8321.872077108497
2020-09-30 07:00:00+00:00,64904.0,6719.0,3280.0,1024.0,2257.0,7,2,30,9,0,0,63901.0,11.6,91,3.1,0.0,2,9.2,97.0,12.6,85.0,63790.0,64699.0,64016.0,57965.75,8329.19477944402
2020-09-30 08:00:00+00:00,65475.0,11302.0,3537.0,951.0,2586.0,8,2,30,9,0,0,65001.0,13.9,83,4.8,0.0,2,11.6,91.0,13.6,79.0,64904.0,66008.0,65109.0,57943.54166666666,8307.50154446187
2020-09-30 09:00:00+00:00,66669.0,14720.0,4004.0,962.0,3042.0,9,2,30,9,0,0,66097.0,15.4,75,4.8,0.0,1,13.9,83.0,14.6,73.0,65475.0,67478.0,66121.0,57909.833333333336,8268.68330124188
2020-09-30 10:00:00+00:00,66625.0,16506.0,3830.0,1032.0,2798.0,10,2,30,9,0,0,65768.0,16.5,67,5.2,0.0,1,15.4,75.0,16.0,68.0,66669.0,67574.0,65735.0,57870.29166666666,8222.599633772961
2020-09-30 11:00:00+00:00,65402.0,17019.0,3782.0,1083.0,2699.0,11,2,30,9,0,0,65040.0,17.6,62,4.8,0.0,1,16.5,67.0,17.2,63.0,66625.0,66534.0,64470.0,57823.125,8173.844086940551
2020-09-30 12:00:00+00:00,64578.0,16327.0,3796.0,1045.0,2751.0,12,2,30,9,0,0,63795.0,17.5,68,2.5,0.0,2,17.6,62.0,17.1,58.0,65402.0,65415.0,64734.0,57788.25,8141.76645852862
2020-09-30 13:00:00+00:00,63259.0,14222.0,3506.0,1019.0,2487.0,13,2,30,9,0,0,62302.0,18.0,67,3.6,0.0,1,17.5,68.0,17.5,58.0,64578.0,64276.0,63874.0,57745.875,8109.113002009039
2020-09-30 14:00:00+00:00,61396.0,10270.0,3377.0,1008.0,2369.0,14,2,30,9,0,0,61004.0,18.1,65,3.9,0.0,2,18.0,67.0,17.6,59.0,63259.0,62336.0,62166.0,57706.708333333336,8088.222148280283
2020-09-30 15:00:00+00:00,61436.0,4943.0,3840.0,1144.0,2696.0,15,2,30,9,0,0,61119.0,18.0,66,4.6,0.0,2,18.1,65.0,17.4,60.0,61396.0,61883.0,62059.0,57688.083333333336,8078.696197631605
2020-09-30 16:00:00+00:00,61432.0,807.0,4538.0,1633.0,2905.0,16,2,30,9,0,0,61520.0,17.6,67,2.6,0.0,2,18.0,66.0,15.9,75.0,61436.0,62160.0,61437.0,57657.75,8062.525854357184
2020-09-30 17:00:00+00:00,63459.0,1.0,6444.0,2568.0,3877.0,17,2,30,9,0,0,62214.0,16.6,71,3.8,0.0,2,17.6,67.0,13.4,81.0,61432.0,63759.0,61764.0,57645.25,8052.88209951566
2020-09-30 18:00:00+00:00,61177.0,0.0,8526.0,4111.0,4416.0,18,2,30,9,0,0,60443.0,12.4,91,8.4,0.0,2,16.6,71.0,12.4,84.0,63459.0,60830.0,59782.0,57659.708333333336,8059.157742588964
2020-09-30 19:00:00+00:00,57559.0,0.0,10654.0,5900.0,4754.0,19,2,30,9,0,0,56708.0,11.8,92,7.6,0.0,1,12.4,91.0,11.1,88.0,61177.0,56775.0,55434.0,57692.375,8057.004415886394
2020-09-30 20:00:00+00:00,54108.0,0.0,11836.0,6642.0,5194.0,20,2,30,9,0,0,53270.0,11.1,95,7.7,0.0,0,11.8,92.0,10.6,90.0,57559.0,53356.0,51400.0,57723.708333333336,8040.85328848178
2020-09-30 21:00:00+00:00,49845.0,0.0,12168.0,6829.0,5339.0,21,2,30,9,0,0,49239.0,11.1,95,7.0,0.0,0,11.1,95.0,9.9,92.0,54108.0,49467.0,47243.0,57739.458333333336,8024.330544901848
2020-09-30 22:00:00+00:00,46886.0,0.0,12533.0,7134.0,5399.0,22,2,30,9,0,0,46620.0,11.0,95,6.6,0.0,0,11.1,95.0,9.8,93.0,49845.0,46652.0,44914.0,57749.208333333336,8010.403018571023
2020-09-30 23:00:00+00:00,45461.0,0.0,12798.0,7417.0,5381.0,23,2,30,9,0,0,44986.0,10.2,97,7.9,0.0,0,11.0,95.0,9.1,95.0,46886.0,44895.0,44332.0,57772.79166666666,7971.653158859157
